OrderID,OrderDate,CustomerID,CustomerName,Email,Region,Country,ProductCategory,ProductName,Quantity,UnitPrice,Discount,ShippingCost,PaymentMethod,OrderStatus,SignupDate,order_before_signup
ORD-11575,2023-11-07,CUST1647,Molly Rodriguez,molly.rodriguez57@gmail.com,East,Canada,Home & Kitchen,LED Desk Lamp,5.0,161.22,0.2,19.07,Debit Card,Shipped,2021-10-05,False
ORD-11937,2024-01-22,CUST1725,Rebecca Marquez,rebecca.marquez30@gmail.com,South,Canada,Electronics,Webcam,2.0,28.8,0.15,4.91,Paypal,Delivered,2022-06-26,False
ORD-12847,,CUST1491,Heather Bolton,heather.bolton70@yahoo.com,North,Canada,Beauty,Hair Dryer,3.0,47.02,0.0,18.56,Gift Card,Shipped,2023-08-23,False
ORD-10139,2024-11-05,CUST1667,Tammy Boone,tammy.boone17@gmail.com,Central,Canada,Electronics,USB-C Cable,1.0,204.118,0.0,24.16,Debit Card,Delivered,2023-03-05,False
ORD-13107,2024-05-01,CUST1002,Angie Henderson,angie@gmail.com,Central,Canada,Home & Kitchen,LED Desk Lamp,4.0,49.28,0.0,14.22,Debit Card,Pending,2022-04-22,False
ORD-10292,2024-03-08,CUST1636,Timothy Johnson,timothy.johnson43@yahoo.com,North,Canada,Apparel,Wool Sweater,5.0,43.27,0.05,11.23,Debit Card,Delivered,2021-01-06,False
ORD-10566,2023-08-17,CUST1078,Steve Sanchez,steve.sanchez19@gmail.com,West,Canada,Sports & Outdoors,Hiking Backpack,1.0,114.25,0.2,0.69,Credit Card,Pending,2021-04-05,False
ORD-11868,2023-03-26,CUST1447,Shelly Spencer,shelly.spencer86@hotmail.com,East,Canada,Electronics,Laptop Stand,3.0,66.39,0.25,17.88,Debit Card,Returned,2023-12-17,True
ORD-11303,2023-04-24,CUST1739,Linda Gonzalez,linda.gonzalez75@yahoo.com,Central,United States,Toys,Puzzle 1000PC,4.0,59.14,0.2,0.34,Credit Card,Pending,2024-06-30,True
ORD-12147,2024-09-01,CUST1552,Diana Hays,diana.hays94@outlook.com,North,Mexico,Sports & Outdoors,Hiking Backpack,5.0,119.39,0.25,8.0,Debit Card,Pending,2021-09-18,False
ORD-10373,2024-03-11,CUST1676,Kristen Rowe,kristen.rowe27@gmail.com,North,Canada,Home & Kitchen,LED Desk Lamp,1.0,142.35,0.0,22.52,Debit Card,Shipped,2023-01-05,False
ORD-11850,,CUST1233,Laura Roberts,laura.roberts73@outlook.com,South,United States,Beauty,Hair Dryer,1.0,43.4,0.15,2.0,Debit Card,Pending,2024-08-07,False
ORD-12099,2023-12-17,CUST1541,Sean Moore,sean.moore95@gmail.com,West,United States,Sports & Outdoors,Yoga Mat,6.0,106.41,0.0,17.99,Credit Card,Shipped,2022-03-26,False
ORD-11312,2024-09-27,CUST1782,Chelsea Nguyen,chelsea.nguyen79@outlook.com,East,United States,Toys,Building Blocks Set,3.0,12.62,0.0,15.34,Debit Card,Shipped,2022-01-19,False
ORD-13071,2024-07-01,CUST1131,Dustin Jordan,dustin.jordan30@outlook.com,West,Canada,Beauty,Face Moisturizer,5.0,41.23,0.2,9.36,Paypal,Shipped,2022-08-03,False
ORD-12459,2023-12-06,CUST1804,Kimberly Fritz,kimberly.fritz60@outlook.com,South,Mexico,Electronics,Wireless Earbuds,5.0,74.54,0.0,17.44,Paypal,Pending,2024-01-29,True
ORD-12535,2024-03-28,CUST1115,Diana May,diana.may48@hotmail.com,East,United States,Home & Kitchen,Throw Blanket,4.0,119.86,0.2,16.21,Credit Card,Delivered,2024-02-08,False
ORD-12038,2023-04-17,CUST1155,Michelle Brown,michelle.brown53@gmail.com,West,Mexico,Toys,Action Figure,6.0,59.03,0.25,24.8,Gift Card,Cancelled,2022-10-14,False
ORD-10932,2024-09-08,CUST1461,Eric Williams,eric.williams45@gmail.com,South,United States,Home & Kitchen,LED Desk Lamp,6.0,147.46,0.1,9.31,Debit Card,Delivered,2023-06-19,False
ORD-10105,2024-04-20,CUST1675,Larry Harris,larry.harris21@outlook.com,North,Mexico,Toys,Board Game,5.0,44.76,0.15,18.12,Gift Card,Cancelled,2022-05-29,False
ORD-11482,2024-03-05,CUST1235,Kathryn Snyder,kathryn.snyder46@gmail.com,West,Canada,Toys,Action Figure,4.0,16.2,0.0,9.43,Credit Card,Cancelled,2022-09-28,False
ORD-12323,2023-02-07,CUST1217,Mark Brown,mark.brown97@gmail.com,West,Mexico,Electronics,Wireless Earbuds,2.0,39.06,0.15,15.3,Debit Card,Delivered,2021-06-17,False
ORD-10879,2023-01-14,CUST1758,Heather Woodard,heather.woodard92@gmail.com,West,United States,Toys,Puzzle 1000PC,5.0,30.43,0.0,22.65,Paypal,Pending,2021-12-25,False
ORD-10802,2024-02-11,CUST1382,Douglas Gregory,douglas.gregory7@outlook.com,Central,Canada,Sports & Outdoors,Camping Tent,3.0,93.77,0.05,2.83,Credit Card,Shipped,2023-02-12,False
ORD-12297,2024-06-24,CUST1666,David Harris,david.harris75@hotmail.com,Central,United States,Sports & Outdoors,Resistance Bands,2.0,47.6,0.15,7.79,Credit Card,Pending,2023-11-08,False
ORD-12809,2023-01-20,CUST1154,Brenda Hall,brenda.hall42@yahoo.com,West,United States,Apparel,Running Shoes,1.0,11.25,0.25,4.46,Credit Card,Pending,2022-05-05,False
ORD-11866,2024-06-10,CUST1155,Michelle Brown,michelle.brown53@gmail.com,West,Mexico,Electronics,Smartwatch,1.0,116.35,0.15,1.24,Paypal,Cancelled,2022-10-14,False
ORD-13129,2023-07-25,CUST1705,James Tran,james.tran87@outlook.com,Central,United States,Beauty,Sunscreen SPF50,1.0,30.325,0.2,12.13,Credit Card,Delivered,2021-01-23,False
ORD-11577,2024-07-26,CUST1195,Allen Rosales,allen.rosales31@outlook.com,East,Canada,Apparel,Baseball Cap,1.0,40.1,0.25,16.41,Credit Card,Cancelled,2021-02-02,False
ORD-12422,2024-02-07,CUST1464,Jose Allen,jose.allen69@yahoo.com,East,United States,Apparel,Baseball Cap,1.0,60.48,0.0,19.25,Gift Card,Pending,2022-10-25,False
ORD-10833,2024-03-21,CUST1492,William Gould,william@gmail.com,North,Canada,Home & Kitchen,LED Desk Lamp,3.0,31.66,0.0,23.15,Credit Card,Delivered,2022-06-21,False
ORD-11674,2023-01-16,CUST1815,Anna Estes,anna.estes58@outlook.com,South,United States,Home & Kitchen,Air Fryer,5.0,92.34,0.25,17.56,Credit Card,Shipped,2024-06-29,True
ORD-11285,2024-03-23,CUST1290,David Smith,david.smith58@yahoo.com,East,Mexico,Sports & Outdoors,Resistance Bands,3.0,111.66,0.0,23.77,Debit Card,Returned,2023-07-01,False
ORD-11262,2024-10-09,CUST1072,Brittney Phillips,brittney.phillips53@outlook.com,East,Canada,Toys,RC Car,6.0,22.18,0.0,1.45,Paypal,Pending,2023-04-05,False
ORD-11133,2024-01-09,CUST1577,Raymond Le,raymond.le87@yahoo.com,South,United States,Electronics,Smartwatch,1.0,40.0,0.05,10.96,Credit Card,Delivered,2021-09-04,False
ORD-12042,2024-10-29,CUST1580,William Evans,william.evans9@gmail.com,West,Canada,Home & Kitchen,Air Fryer,1.0,167.04,0.0,9.72,Paypal,Shipped,2023-03-06,False
ORD-11942,2024-11-19,CUST1642,Joshua Rice,joshua.rice94@gmail.com,South,Canada,Home & Kitchen,Coffee Maker,3.0,57.16,0.0,3.81,Credit Card,Delivered,2023-03-02,False
ORD-11752,2024-08-03,CUST1188,Madison Poole,madison.poole31@outlook.com,East,Canada,Sports & Outdoors,Hiking Backpack,6.0,17.23,0.05,4.72,Gift Card,Returned,2021-07-23,False
ORD-11021,2023-03-05,CUST1026,Justin Baker,justin.baker69@yahoo.com,West,Canada,Home & Kitchen,LED Desk Lamp,2.0,53.91,0.15,23.57,Gift Card,Cancelled,2021-09-20,False
ORD-11697,2024-05-09,CUST1413,Joanna Pacheco,joanna.pacheco49@yahoo.com,East,Canada,Apparel,Running Shoes,3.0,83.23,0.0,21.07,Gift Card,Cancelled,2023-09-03,False
ORD-11940,2024-11-24,CUST1820,Debra Perry,debra.perry43@gmail.com,East,United States,Apparel,Wool Sweater,4.0,16.37,0.0,24.33,Credit Card,Cancelled,2021-10-27,False
ORD-11311,2023-09-10,CUST1746,Michael Henry,michael.henry95@gmail.com,East,United States,Sports & Outdoors,Water Bottle,4.0,110.46,0.2,18.29,Credit Card,Pending,2023-05-22,False
ORD-10081,2024-05-30,CUST1259,Kristen Reyes,mrs..reyes11@outlook.com,East,Canada,Apparel,Cotton T-Shirt,3.0,80.14,0.1,1.96,Paypal,Pending,2022-04-05,False
ORD-10164,2024-10-24,CUST1389,Scott Williams,scott.williams6@yahoo.com,East,Canada,Home & Kitchen,Air Fryer,2.0,32.57,0.0,24.42,Credit Card,Pending,2021-10-26,False
ORD-12280,2024-06-05,CUST1744,Travis Harris,travis.harris17@gmail.com,Central,United States,Electronics,USB-C Cable,1.0,52.27,0.1,16.57,Credit Card,Cancelled,2024-08-22,True
ORD-10065,2023-03-19,CUST1446,Brenda Wright,brenda.wright69@yahoo.com,South,United States,Beauty,Shampoo Set,5.0,37.55,0.0,16.29,Paypal,Pending,2023-01-20,False
ORD-11002,2023-07-18,CUST1725,Rebecca Marquez,rebecca.marquez30@gmail.com,South,Canada,Electronics,Smartwatch,6.0,73.66,0.0,8.53,Debit Card,Cancelled,2022-06-26,False
ORD-11707,2024-09-08,CUST1554,Robert Morgan,robert.morgan73@gmail.com,East,Mexico,Beauty,Sunscreen SPF50,3.0,51.45,0.25,12.49,Paypal,Returned,2023-10-14,False
ORD-11681,2024-01-29,CUST1846,Brandi Haney,brandi.haney82@gmail.com,West,United States,Apparel,Baseball Cap,2.0,50.75,0.0,2.04,Gift Card,Pending,2023-01-10,False
ORD-10245,2024-10-15,CUST1381,Paul Wilson,paul.wilson11@hotmail.com,Central,Mexico,Home & Kitchen,Throw Blanket,1.0,138.22,0.0,15.39,Debit Card,Delivered,2023-01-30,False
ORD-13024,2024-11-14,CUST1340,Allison Smith,allison.smith95@yahoo.com,Central,United States,Toys,Board Game,5.0,30.34,0.0,12.13,Debit Card,Cancelled,2022-05-12,False
ORD-10767,2023-06-09,CUST1638,Maria Fisher,maria.fisher13@outlook.com,West,United States,Electronics,USB-C Cable,4.0,106.5,0.1,7.48,Paypal,Delivered,2024-08-12,True
ORD-10069,2023-04-20,CUST1241,Matthew Moon,matthew.moon47@outlook.com,West,United States,Home & Kitchen,Throw Blanket,2.0,33.64,0.15,11.97,Credit Card,Cancelled,2022-08-03,False
ORD-12671,2023-03-21,CUST1155,Michelle Brown,michelle.brown53@gmail.com,West,Mexico,Beauty,Hair Dryer,5.0,39.81,0.2,2.82,Debit Card,Cancelled,2022-10-14,False
ORD-11332,2024-11-25,CUST1352,Kerry Chavez Dds,kerry.dds32@gmail.com,South,United States,Toys,Board Game,4.0,11.999,0.0,10.88,Debit Card,Returned,2022-06-19,False
ORD-11233,2024-02-16,CUST1240,Andrew Avila,andrew.avila6@yahoo.com,Central,Canada,Electronics,Webcam,5.0,211.17,0.15,16.24,Credit Card,Returned,2023-06-16,False
ORD-12291,2023-12-13,CUST1734,Steven Stein,steven.stein62@yahoo.com,West,Canada,Toys,Board Game,5.0,69.7,0.05,23.01,Debit Card,Pending,2024-04-24,True
ORD-11435,2024-01-15,CUST1311,Victor Taylor,victor.taylor7@outlook.com,West,United States,Home & Kitchen,Throw Blanket,5.0,113.22,0.2,18.72,Debit Card,Cancelled,2023-02-26,False
ORD-11597,2024-11-20,CUST1625,Michael Miller,michael.miller67@outlook.com,South,United States,Electronics,Laptop Stand,6.0,52.48,0.0,9.93,Gift Card,Delivered,2023-06-08,False
ORD-12677,2023-05-29,CUST1534,Anthony Gonzales,anthony.gonzales32@outlook.com,Central,United States,Toys,RC Car,2.0,46.84,0.05,11.82,Gift Card,Returned,2023-10-19,True
ORD-11930,,CUST1084,Zachary Ferrell,zachary.ferrell71@hotmail.com,West,United States,Apparel,Wool Sweater,6.0,76.77,0.0,15.26,Debit Card,Delivered,2021-11-22,False
ORD-12870,2024-05-18,CUST1270,Jasmin Alvarado,jasmin.alvarado85@gmail.com,East,United States,Electronics,USB-C Cable,1.0,163.17,0.1,14.02,Credit Card,Cancelled,2024-04-06,False
ORD-12201,2024-09-09,CUST1578,Melissa Bishop,melissa.bishop25@yahoo.com,North,Mexico,Sports & Outdoors,Hiking Backpack,1.0,108.08,0.25,4.57,Credit Card,Returned,2021-03-29,False
ORD-11343,2023-08-06,CUST1506,Brandon Fleming,brandon.fleming20@yahoo.com,West,United States,Toys,Action Figure,5.0,55.81,0.0,12.82,Paypal,Delivered,2021-03-14,False
ORD-10003,2023-09-20,CUST1375,Paul Lewis,paul.lewis19@yahoo.com,East,Canada,Toys,Puzzle 1000PC,3.0,64.27,0.2,1.4,Paypal,Pending,2023-04-27,False
ORD-10488,2024-08-02,CUST1573,Nancy Brown,nancy.brown86@gmail.com,East,Canada,Apparel,Wool Sweater,2.0,24.64,0.2,6.12,Credit Card,Delivered,2021-06-25,False
ORD-10264,2023-04-26,CUST1578,Melissa Bishop,melissa.bishop25@yahoo.com,North,Mexico,Beauty,Hair Dryer,6.0,49.98,0.0,14.38,Gift Card,Pending,2021-03-29,False
ORD-12563,2024-07-20,CUST1125,Erin Edwards,erin@gmail.com,Central,United States,Apparel,Denim Jacket,3.0,81.64,0.0,1.97,Debit Card,Pending,2022-05-24,False
ORD-12088,2024-10-07,CUST1420,George Harper,george@gmail.com,West,United States,Beauty,Lipstick,6.0,49.19,0.0,3.28,Debit Card,Shipped,2023-10-06,False
ORD-12353,2023-08-28,CUST1711,Stephanie Elliott,stephanie.elliott46@yahoo.com,North,United States,Apparel,Cotton T-Shirt,4.0,21.31,0.1,14.28,Credit Card,Shipped,2024-09-04,True
ORD-11894,2023-12-11,CUST1318,Stephen Hoffman,,East,Canada,Apparel,Denim Jacket,4.0,89.99,0.0,7.83,Gift Card,Returned,2024-02-25,True
ORD-11063,2024-09-10,CUST1239,Yvonne Chambers,yvonne.chambers8@hotmail.com,North,Canada,Toys,Action Figure,2.0,44.28,0.0,12.19,Gift Card,Delivered,2021-07-31,False
ORD-12221,2023-12-31,CUST1551,Angel Gordon,angel.gordon72@outlook.com,Central,United States,Beauty,Face Moisturizer,2.0,41.06,0.0,21.9,Debit Card,Cancelled,2022-04-03,False
ORD-12606,2024-04-03,CUST1791,Cody Reid,cody.reid33@outlook.com,North,United States,Toys,Puzzle 1000PC,6.0,42.26,0.25,4.07,Gift Card,Shipped,2021-02-10,False
ORD-11689,2023-09-01,CUST1028,Zachary Hicks,zachary.hicks86@outlook.com,West,Canada,Beauty,Hair Dryer,1.0,39.96,0.0,4.03,Gift Card,Returned,2023-06-17,False
ORD-10554,,CUST1560,Nancy Evans Md,nancy.md5@outlook.com,East,Canada,Apparel,Cotton T-Shirt,1.0,67.84,0.0,6.48,Debit Card,Returned,2021-11-02,False
ORD-11485,2023-07-20,CUST1000,Allison Hill,allison.hill4@outlook.com,South,Mexico,Home & Kitchen,LED Desk Lamp,6.0,123.18,0.0,24.82,Credit Card,Delivered,2022-05-17,False
ORD-12626,2023-08-26,CUST1663,Samuel Turner,samuel.turner51@yahoo.com,East,Canada,Home & Kitchen,Non-Stick Pan Set,4.0,169.86,0.15,7.97,Debit Card,Pending,2023-07-26,False
ORD-11382,2023-09-09,CUST1325,Patrick Moore,patrick.moore91@outlook.com,East,United States,Apparel,Baseball Cap,1.0,54.71,0.0,9.3,Gift Card,Pending,2023-08-31,False
ORD-11250,2024-04-16,CUST1687,Robert Jackson,robert.jackson24@gmail.com,West,Canada,Sports & Outdoors,Camping Tent,1.0,24.28,0.1,19.12,Credit Card,Returned,2023-11-01,False
ORD-12667,2023-10-28,CUST1537,Bianca Wood,bianca.wood46@hotmail.com,East,Canada,Electronics,Smartwatch,3.0,156.79,0.0,17.28,Debit Card,Shipped,2024-01-21,True
ORD-10922,2024-07-27,CUST1098,Jessica Smith,,South,Canada,Beauty,Face Moisturizer,1.0,44.68,0.05,10.03,Paypal,Delivered,2021-03-05,False
ORD-12207,2024-12-07,CUST1805,Ronald Potter,ronald.potter76@hotmail.com,Central,United States,Home & Kitchen,LED Desk Lamp,6.0,70.63,0.0,18.16,Credit Card,Returned,2024-07-16,False
ORD-12486,2023-04-11,CUST1708,Joseph Williams,joseph.williams29@outlook.com,South,Mexico,Toys,Action Figure,1.0,28.36,0.0,0.3,Credit Card,Pending,2022-02-02,False
ORD-11420,2023-07-09,CUST1022,Ethan Adams,ethan.adams81@outlook.com,Central,United States,Home & Kitchen,Air Fryer,3.0,62.06,0.25,8.6,Paypal,Shipped,2024-08-01,True
ORD-12610,2023-03-10,CUST1144,Amber Wright,amber.wright25@outlook.com,West,Canada,Sports & Outdoors,Yoga Mat,5.0,135.89,0.05,11.63,Credit Card,Returned,2024-06-29,True
ORD-10067,2023-10-21,CUST1649,Alexis Harris,alexis.harris13@hotmail.com,South,United States,Sports & Outdoors,Yoga Mat,1.0,53.48,0.0,12.225000000000001,Paypal,Delivered,2024-09-17,True
ORD-10607,2023-06-09,CUST1417,Carrie Wright,carrie.wright42@hotmail.com,West,United States,Beauty,Hair Dryer,2.0,38.55,0.0,3.32,Paypal,Returned,2021-01-26,False
ORD-12241,2023-12-22,CUST1524,Krista Martinez,krista.martinez42@yahoo.com,South,United States,Electronics,Webcam,1.0,140.01,0.0,23.64,Gift Card,Cancelled,2021-07-06,False
ORD-10687,2023-06-16,CUST1510,Rebecca Hicks,rebecca.hicks2@outlook.com,Central,United States,Apparel,Denim Jacket,5.0,37.03,0.0,1.15,Credit Card,Shipped,2022-02-15,False
ORD-11470,2023-04-06,CUST1086,Shirley Suarez,shirley.suarez92@outlook.com,East,United States,Sports & Outdoors,Yoga Mat,4.0,121.36,0.0,4.05,Gift Card,Returned,2022-04-26,False
ORD-12138,2024-01-17,CUST1701,James Watson,james.watson1@gmail.com,North,United States,Sports & Outdoors,Water Bottle,1.0,81.03,0.15,24.59,Credit Card,Returned,2024-04-14,True
ORD-12863,2024-07-05,CUST1691,Pamela Gutierrez,pamela.gutierrez88@outlook.com,West,United States,Electronics,Bluetooth Speaker,3.0,136.27,0.25,0.37,Debit Card,Delivered,2023-02-21,False
ORD-10131,2023-02-16,CUST1832,Scott Alexander,scott.alexander97@outlook.com,South,Canada,Sports & Outdoors,Water Bottle,3.0,148.16,0.25,19.62,Credit Card,Pending,2023-06-18,True
ORD-11944,2023-04-25,CUST1536,Morgan Valencia,morgan.valencia68@yahoo.com,North,United States,Sports & Outdoors,Yoga Mat,2.0,77.2473,0.0,24.22,Paypal,Pending,2024-07-15,True
ORD-10392,2023-04-05,CUST1321,Charles Shah,charles.shah97@yahoo.com,Central,United States,Beauty,Shampoo Set,2.0,54.44,0.0,12.13,Gift Card,Pending,2022-02-12,False
ORD-11222,2024-11-29,CUST1440,Jeremy Mitchell,jeremy.mitchell58@outlook.com,North,Mexico,Sports & Outdoors,Water Bottle,4.0,121.74,0.0,20.71,Debit Card,Shipped,2021-05-18,False
ORD-12973,2023-06-01,CUST1766,Raymond Chapman,raymond.chapman14@gmail.com,East,Canada,Electronics,Webcam,2.0,40.79,0.1,7.71,Credit Card,Cancelled,2023-10-28,True
ORD-11764,2023-05-16,CUST1564,Molly Watts,molly.watts21@gmail.com,South,United States,Home & Kitchen,Air Fryer,6.0,134.28,0.0,1.94,Gift Card,Shipped,2021-07-27,False
ORD-11300,2024-04-12,CUST1292,Jeremy Reed,jeremy.reed16@yahoo.com,West,Canada,Beauty,Hair Dryer,5.0,51.76,0.0,11.97,Paypal,Cancelled,2021-10-12,False
ORD-11196,2024-03-27,CUST1586,Dwayne Klein,dwayne.klein89@hotmail.com,East,Mexico,Beauty,Hair Dryer,3.0,59.57,0.0,19.81,Credit Card,Delivered,2021-03-21,False
ORD-11512,2023-05-02,CUST1390,Thomas Atkins,thomas.atkins75@hotmail.com,South,United States,Apparel,Running Shoes,2.0,16.6,0.05,5.14,Gift Card,Cancelled,2022-08-28,False
ORD-12228,2023-09-13,CUST1057,Richard Aguirre,richard.aguirre72@gmail.com,South,Canada,Beauty,Sunscreen SPF50,4.0,50.34,0.0,0.56,Debit Card,Pending,2021-08-18,False
ORD-12411,2023-11-28,CUST1295,John Young,john.young53@gmail.com,North,United States,Beauty,Sunscreen SPF50,3.0,26.89,0.05,6.25,Credit Card,Pending,2021-09-14,False
ORD-10638,2023-05-03,CUST1455,Marie Moody,marie.moody50@hotmail.com,West,United States,Sports & Outdoors,Resistance Bands,3.0,59.89,0.25,8.06,Paypal,Returned,2023-04-18,False
ORD-11320,2023-03-01,CUST1431,Jack White,jack@gmail.com,Central,United States,Beauty,Shampoo Set,3.0,14.23,0.1,22.77,Gift Card,Cancelled,2024-05-09,True
ORD-11041,2024-11-30,CUST1158,Melissa Gates,melissa.gates2@yahoo.com,South,Canada,Apparel,Denim Jacket,1.0,80.03,0.05,0.69,Credit Card,Delivered,2023-04-20,False
ORD-12436,2024-09-20,CUST1808,Patricia Young Phd,patricia.phd1@yahoo.com,West,Canada,Electronics,Webcam,3.0,26.94,0.0,0.58,Gift Card,Delivered,2022-06-12,False
ORD-11725,2024-08-04,CUST1173,Matthew Harrington,,West,United States,Beauty,Face Moisturizer,4.0,43.66,0.15,15.43,Credit Card,Shipped,2021-04-11,False
ORD-10361,2023-05-21,CUST1109,Sharon Cochran,sharon.cochran32@hotmail.com,West,United States,Home & Kitchen,Throw Blanket,2.0,75.02,0.1,15.07,Credit Card,Delivered,2024-03-13,True
ORD-10298,2023-11-11,CUST1782,Chelsea Nguyen,chelsea.nguyen79@outlook.com,East,United States,Home & Kitchen,Air Fryer,1.0,161.84,0.0,6.83,Debit Card,Pending,2022-01-19,False
ORD-12556,2024-07-15,CUST1727,Nancy Stewart,,North,Mexico,Electronics,Wireless Earbuds,1.0,206.42,0.05,4.68,Credit Card,Delivered,2024-08-21,True
ORD-10175,2022-08-25,CUST1424,Felicia Aguilar,felicia.aguilar84@yahoo.com,Central,Mexico,Home & Kitchen,LED Desk Lamp,5.0,175.63,0.2,4.34,Paypal,Pending,2022-08-09,False
ORD-12419,2024-02-17,CUST1685,Michael Scott Phd,mr..phd42@gmail.com,East,United States,Toys,Action Figure,5.0,39.0,0.15,3.21,Debit Card,Delivered,2024-07-04,True
ORD-10210,2023-08-12,CUST1367,Holly Farmer,holly.farmer88@yahoo.com,North,United States,Beauty,Face Moisturizer,5.0,32.22,0.0,4.61,Gift Card,Returned,2024-08-31,True
ORD-11544,2024-09-29,CUST1734,Steven Stein,steven.stein62@yahoo.com,West,Canada,Apparel,Baseball Cap,3.0,53.57,0.0,5.2,Gift Card,Cancelled,2024-04-24,False
ORD-10340,2023-08-23,CUST1446,Brenda Wright,brenda.wright69@yahoo.com,South,United States,Electronics,Wireless Earbuds,4.0,151.7,0.0,4.88,Credit Card,Delivered,2023-01-20,False
ORD-10473,2024-01-04,CUST1765,Laura Griffin,laura.griffin59@hotmail.com,East,United States,Toys,Building Blocks Set,2.0,17.25,0.1,2.58,Paypal,Delivered,2024-03-23,True
ORD-10636,2023-03-16,CUST1233,Laura Roberts,laura.roberts73@outlook.com,South,United States,Apparel,Baseball Cap,3.0,66.26,0.25,1.61,Debit Card,Cancelled,2024-08-07,True
ORD-11006,2024-08-08,CUST1664,Renee Melendez,renee.melendez6@gmail.com,Central,Canada,Electronics,Bluetooth Speaker,6.0,248.77,0.2,19.62,Credit Card,Shipped,2023-07-12,False
ORD-11991,2023-08-16,CUST1010,Monica Herrera,monica.herrera21@outlook.com,East,Mexico,Toys,RC Car,3.0,16.29,0.05,22.09,Credit Card,Returned,2022-12-29,False
ORD-12778,2024-12-05,CUST1112,Julia Torres,,South,Mexico,Home & Kitchen,Throw Blanket,6.0,75.45,0.15,7.01,Credit Card,Pending,2022-01-27,False
ORD-12302,2024-04-25,CUST1531,Mark Jimenez,,West,United States,Apparel,Running Shoes,1.0,43.46,0.25,6.66,Debit Card,Cancelled,2024-03-21,False
ORD-10311,2023-06-01,CUST1523,Sarah King,sarah.king12@yahoo.com,Central,Canada,Beauty,Face Moisturizer,2.0,12.87,0.0,15.52,Debit Card,Returned,2022-09-16,False
ORD-12074,2024-03-18,CUST1076,Angela Lopez,angela.lopez95@yahoo.com,East,Canada,Toys,Board Game,2.0,53.94,0.15,8.48,Gift Card,Returned,2024-09-11,True
ORD-10723,2023-08-10,CUST1163,Jeffrey Johnson,jeffrey.johnson98@gmail.com,East,Canada,Apparel,Cotton T-Shirt,2.0,74.91,0.2,15.25,Debit Card,Returned,2023-06-28,False
ORD-10623,2024-02-10,CUST1832,Scott Alexander,scott.alexander97@outlook.com,South,Canada,Electronics,Webcam,1.0,142.11,0.0,24.71,Credit Card,Delivered,2023-06-18,False
ORD-10726,2023-09-29,CUST1066,Tracy House,tracy.house69@outlook.com,East,United States,Sports & Outdoors,Camping Tent,1.0,25.63,0.0,6.6,Gift Card,Pending,2021-02-26,False
ORD-12093,2024-03-12,CUST1761,Amanda Terrell,amanda.terrell22@gmail.com,North,United States,Toys,Building Blocks Set,2.0,36.87,0.0,13.09,Gift Card,Pending,2023-01-07,False
ORD-10246,2023-10-07,CUST1447,Shelly Spencer,shelly.spencer86@hotmail.com,East,Canada,Apparel,Running Shoes,6.0,26.57,0.0,12.69,Paypal,Delivered,2023-12-17,True
ORD-12456,2024-10-18,CUST1072,Brittney Phillips,brittney.phillips53@outlook.com,East,Canada,Toys,Action Figure,4.0,38.3,0.05,11.8,Credit Card,Shipped,2023-04-05,False
ORD-10073,2024-04-09,CUST1014,Dylan Miller,dylan.miller28@outlook.com,West,United States,Apparel,Running Shoes,2.0,40.57,0.1,11.97,Paypal,Shipped,2022-03-12,False
ORD-11090,2024-12-07,CUST1476,Robin Brown,robin.brown36@gmail.com,East,Canada,Beauty,Face Moisturizer,5.0,45.3,0.0,14.2,Credit Card,Cancelled,2024-02-09,False
ORD-10448,2024-03-11,CUST1395,Dana Chapman,dana.chapman81@yahoo.com,South,Canada,Home & Kitchen,Throw Blanket,1.0,94.09,0.25,24.09,Paypal,Returned,2021-05-20,False
ORD-11733,2023-01-16,CUST1818,Michael Poole,,North,United States,Beauty,Lipstick,4.0,16.99,0.0,14.55,Credit Card,Delivered,2021-07-04,False
ORD-13070,2023-03-26,CUST1022,Ethan Adams,ethan.adams81@outlook.com,Central,United States,Apparel,Cotton T-Shirt,1.0,29.42,0.1,12.43,Gift Card,Pending,2024-08-01,True
ORD-10846,2024-01-01,CUST1095,Anna Henderson,anna.henderson24@gmail.com,East,United States,Apparel,Denim Jacket,2.0,51.52,0.2,0.66,Debit Card,Cancelled,2022-06-17,False
ORD-12412,2024-04-24,CUST1026,Justin Baker,justin.baker69@yahoo.com,West,Canada,Sports & Outdoors,Water Bottle,5.0,25.09,0.0,20.31,Paypal,Delivered,2021-09-20,False
ORD-12576,2023-02-11,CUST1414,Erica Alvarez,erica@gmail.com,East,United States,Toys,Puzzle 1000PC,4.0,58.52,0.0,21.4,Paypal,Returned,2022-09-24,False
ORD-12256,2024-01-03,CUST1504,Katherine Martinez,katherine.martinez14@gmail.com,Central,Canada,Apparel,Wool Sweater,6.0,52.82,0.0,9.87,Paypal,Returned,2022-04-13,False
ORD-10194,2023-09-14,CUST1592,Jason Love,jason.love68@gmail.com,South,Canada,Electronics,Laptop Stand,6.0,233.24,0.15,10.69,Gift Card,Pending,2021-12-22,False
ORD-12993,2024-01-06,CUST1645,Kim Morrow,kim.morrow76@hotmail.com,West,United States,Home & Kitchen,Coffee Maker,3.0,19.01,0.0,24.5,Paypal,Shipped,2024-03-11,True
ORD-12461,2023-03-04,CUST1519,Vincent Reynolds,vincent.reynolds95@outlook.com,East,United States,Sports & Outdoors,Yoga Mat,4.0,106.89,0.2,17.36,Credit Card,Delivered,2022-10-14,False
ORD-11669,2023-11-25,CUST1221,Jeremy Dalton,,South,United States,Beauty,Lipstick,2.0,35.24,0.05,9.69,Credit Card,Returned,2022-09-10,False
ORD-11670,2023-10-15,CUST1805,Ronald Potter,ronald.potter76@hotmail.com,Central,United States,Beauty,Face Moisturizer,1.0,15.83,0.0,21.64,Paypal,Pending,2024-07-16,True
ORD-10363,2024-01-05,CUST1109,Sharon Cochran,sharon.cochran32@hotmail.com,West,United States,Electronics,Bluetooth Speaker,2.0,62.58,0.25,10.2,Paypal,Pending,2024-03-13,True
ORD-12516,2024-11-30,CUST1812,Douglas Ryan,douglas.ryan50@hotmail.com,North,United States,Sports & Outdoors,Water Bottle,6.0,131.12,0.0,6.58,Credit Card,Returned,2022-03-28,False
ORD-10654,2023-03-12,CUST1384,Aimee Turner,aimee.turner28@hotmail.com,East,Canada,Beauty,Sunscreen SPF50,2.0,26.14,0.0,8.92,Paypal,Pending,2022-04-03,False
ORD-12757,2024-03-06,CUST1664,Renee Melendez,renee.melendez6@gmail.com,Central,Canada,Apparel,Running Shoes,4.0,83.33,0.0,17.76,Credit Card,Delivered,2023-07-12,False
ORD-12530,2023-10-25,CUST1810,Carol Taylor,carol.taylor38@yahoo.com,East,United States,Apparel,Denim Jacket,2.0,79.57,0.05,12.23,Debit Card,Cancelled,2021-01-15,False
ORD-10092,2023-09-28,CUST1602,Tammy Mcdowell,tammy.mcdowell80@hotmail.com,North,Canada,Toys,Board Game,1.0,51.68,0.05,23.6,Paypal,Shipped,2024-04-12,True
ORD-12500,2023-09-29,CUST1369,Sabrina Austin,sabrina.austin93@hotmail.com,South,United States,Toys,Board Game,5.0,48.57,0.1,4.25,Gift Card,Returned,2023-12-26,True
ORD-11012,2024-05-09,CUST1493,Mark Cox,mark.cox51@outlook.com,Central,United States,Apparel,Denim Jacket,3.0,35.54,0.0,11.49,Credit Card,Returned,2024-07-11,True
ORD-12164,2023-03-08,CUST1343,Nichole Alvarez,nichole.alvarez61@hotmail.com,East,United States,Home & Kitchen,LED Desk Lamp,5.0,122.39,0.2,3.48,Paypal,Returned,2024-08-25,True
ORD-11161,2024-10-25,CUST1071,Whitney Peters,whitney.peters80@outlook.com,East,Canada,Sports & Outdoors,Camping Tent,3.0,115.82,0.0,22.06,Gift Card,Shipped,2024-09-20,False
ORD-11808,2023-11-21,CUST1753,Jennifer Porter,jennifer.porter40@outlook.com,South,Mexico,Home & Kitchen,Throw Blanket,2.0,45.29,0.05,12.225000000000001,Debit Card,Delivered,2023-03-27,False
ORD-10825,2024-03-29,CUST1722,Willie Henry,willie.henry66@gmail.com,Central,Canada,Beauty,Lipstick,5.0,22.57,0.15,11.72,Debit Card,Pending,2023-03-24,False
ORD-12226,2024-04-30,CUST1316,Lauren Carson,lauren.carson84@hotmail.com,North,Canada,Beauty,Face Moisturizer,5.0,34.8,0.25,4.15,Gift Card,Pending,2022-08-09,False
ORD-12592,2023-08-26,CUST1414,Erica Alvarez,erica@gmail.com,East,United States,Toys,Building Blocks Set,5.0,53.63,0.2,5.74,Paypal,Delivered,2022-09-24,False
ORD-12756,2024-06-25,CUST1615,Matthew Schwartz,matthew.schwartz10@hotmail.com,North,Mexico,Beauty,Lipstick,3.0,37.27,0.0,12.97,Debit Card,Returned,2022-02-03,False
ORD-10661,2023-07-18,CUST1666,David Harris,david.harris75@hotmail.com,Central,United States,Electronics,Webcam,3.0,180.24,0.2,2.6,Credit Card,Shipped,2023-11-08,True
ORD-10794,2024-01-12,CUST1809,Heather Page,,East,Canada,Electronics,Wireless Earbuds,1.0,124.52,0.05,1.18,Gift Card,Cancelled,2023-10-05,False
ORD-10935,2024-06-09,CUST1376,Glen Wood,glen.wood76@yahoo.com,West,Canada,Electronics,Webcam,6.0,205.53,0.1,20.67,Debit Card,Cancelled,2024-07-06,True
ORD-10126,2024-08-25,CUST1382,Douglas Gregory,douglas.gregory7@outlook.com,Central,Canada,Sports & Outdoors,Camping Tent,3.0,115.22,0.2,6.06,Credit Card,Delivered,2023-02-12,False
ORD-12835,2024-08-08,CUST1435,Sophia Johnson,sophia@gmail.com,Central,Canada,Beauty,Hair Dryer,1.0,50.6,0.0,20.49,Gift Card,Delivered,2022-03-31,False
ORD-11263,2023-10-17,CUST1299,Amber Obrien,amber.obrien67@outlook.com,South,Mexico,Home & Kitchen,Air Fryer,2.0,45.56,0.15,17.07,Paypal,Shipped,2021-11-06,False
ORD-10420,2023-01-09,CUST1640,Michael Stanley,michael.stanley41@hotmail.com,North,Canada,Beauty,Sunscreen SPF50,1.0,25.17,0.05,5.37,Paypal,Shipped,2021-08-26,False
ORD-11899,2024-05-12,CUST1194,John Bishop,john.bishop23@gmail.com,South,Canada,Electronics,Smartwatch,6.0,120.73,0.0,1.75,Debit Card,Cancelled,2024-09-15,True
ORD-10289,2024-11-06,CUST1060,Victoria Garcia,victoria.garcia86@gmail.com,West,Canada,Toys,Action Figure,2.0,25.52,0.2,2.06,Credit Card,Delivered,2022-12-26,False
ORD-11918,2024-11-20,CUST1031,James Ferrell,james.ferrell43@gmail.com,East,Mexico,Sports & Outdoors,Camping Tent,5.0,140.36,0.1,8.85,Paypal,Returned,2023-11-19,False
ORD-13054,2023-03-09,CUST1387,James Padilla,james.padilla40@outlook.com,West,United States,Beauty,Lipstick,3.0,50.46,0.05,2.55,Credit Card,Returned,2023-01-07,False
ORD-11003,2024-10-19,CUST1578,Melissa Bishop,melissa.bishop25@yahoo.com,North,Mexico,Sports & Outdoors,Water Bottle,6.0,84.31,0.0,9.08,Credit Card,Shipped,2021-03-29,False
ORD-12058,2024-08-14,CUST1771,Jeffrey Horton,mr..horton90@outlook.com,North,United States,Home & Kitchen,Non-Stick Pan Set,5.0,67.2959,0.05,2.11,Paypal,Cancelled,2022-05-24,False
ORD-11710,2024-10-13,CUST1544,Alexander Landry Md,mr..md25@hotmail.com,South,United States,Apparel,Denim Jacket,2.0,50.485,0.0,4.35,Gift Card,Returned,2024-01-16,False
ORD-10485,2023-06-30,CUST1726,Christian Dawson,christian.dawson67@outlook.com,West,Canada,Apparel,Denim Jacket,2.0,87.31,0.2,15.4,Debit Card,Returned,2023-03-06,False
ORD-12057,2023-10-14,CUST1325,Patrick Moore,patrick.moore91@outlook.com,East,United States,Sports & Outdoors,Yoga Mat,6.0,81.3,0.25,1.95,Debit Card,Cancelled,2023-08-31,False
ORD-11643,2024-01-25,CUST1825,Monica Ellis,monica.ellis94@gmail.com,North,United States,Beauty,Shampoo Set,1.0,57.12,0.15,17.02,Paypal,Shipped,2024-01-31,True
ORD-11785,2023-10-12,CUST1389,Scott Williams,scott.williams6@yahoo.com,East,Canada,Home & Kitchen,Throw Blanket,4.0,98.09,0.05,10.12,Paypal,Cancelled,2021-10-26,False
ORD-11924,2024-02-06,CUST1231,Susan Serrano,susan.serrano26@yahoo.com,North,United States,Sports & Outdoors,Water Bottle,4.0,121.28,0.0,11.72,Debit Card,Delivered,2024-05-18,True
ORD-12453,2023-08-27,CUST1616,Bryan Parker,bryan.parker39@hotmail.com,South,United States,Home & Kitchen,Coffee Maker,4.0,15.14,0.2,12.225000000000001,Paypal,Delivered,2021-04-21,False
ORD-11739,2024-02-12,CUST1443,Holly Valentine,holly.valentine81@yahoo.com,West,United States,Toys,RC Car,5.0,63.01,0.2,19.49,Debit Card,Pending,2022-01-17,False
ORD-11345,2024-06-29,CUST1557,Gary Wells,gary.wells9@outlook.com,North,Canada,Apparel,Running Shoes,1.0,37.53,0.0,0.47,Credit Card,Shipped,2022-06-10,False
ORD-10306,2024-09-07,CUST1404,Joann Glass,joann.glass43@gmail.com,South,United States,Home & Kitchen,Coffee Maker,3.0,174.74,0.0,10.75,Gift Card,Delivered,2023-12-18,False
ORD-12262,2024-07-22,CUST1209,Brian Lee,,East,United States,Beauty,Face Moisturizer,2.0,35.27,0.0,5.77,Paypal,Shipped,2022-08-13,False
ORD-12287,2023-08-04,CUST1134,Rebecca Jackson,rebecca.jackson73@outlook.com,West,Mexico,Apparel,Cotton T-Shirt,1.0,27.8,0.1,1.66,Debit Card,Cancelled,2023-06-19,False
ORD-11867,2023-05-10,CUST1572,Reginald Knapp,reginald.knapp34@yahoo.com,North,United States,Home & Kitchen,Air Fryer,2.0,68.06,0.05,20.63,Paypal,Cancelled,2022-07-05,False
ORD-13076,2024-01-24,CUST1375,Paul Lewis,paul.lewis19@yahoo.com,East,Canada,Toys,Board Game,1.0,57.93,0.25,1.81,Credit Card,Delivered,2023-04-27,False
ORD-11199,2024-08-08,CUST1217,Mark Brown,mark.brown97@gmail.com,West,Mexico,Apparel,Denim Jacket,5.0,53.6,0.1,16.15,Credit Card,Returned,2021-06-17,False
ORD-11167,2023-05-06,CUST1046,John Pierce,john@gmail.com,Central,Canada,Sports & Outdoors,Camping Tent,3.0,112.62,0.15,14.72,Gift Card,Shipped,2024-09-08,True
ORD-12533,2023-09-18,CUST1542,Kenneth Edwards,kenneth.edwards23@yahoo.com,East,Mexico,Home & Kitchen,Throw Blanket,1.0,113.84,0.1,2.45,Credit Card,Pending,2022-04-30,False
ORD-10956,2023-06-12,CUST1539,David Davis,david.davis36@gmail.com,East,Canada,Sports & Outdoors,Resistance Bands,4.0,84.31,0.05,7.84,Credit Card,Pending,2023-08-25,True
ORD-10480,2024-09-25,CUST1714,Jennifer Jones,jennifer.jones22@gmail.com,South,Mexico,Sports & Outdoors,Water Bottle,1.0,52.29,0.1,19.42,Credit Card,Cancelled,2022-10-04,False
ORD-11234,2024-08-18,CUST1765,Laura Griffin,laura.griffin59@hotmail.com,East,United States,Electronics,Bluetooth Speaker,3.0,196.15,0.0,2.89,Credit Card,Pending,2024-03-23,False
ORD-11168,2024-05-06,CUST1816,Tamara Riddle,,North,United States,Home & Kitchen,Non-Stick Pan Set,6.0,152.99,0.0,17.52,Debit Card,Cancelled,2021-04-12,False
ORD-11383,2024-11-19,CUST1030,Rebecca Henderson,rebecca.henderson1@gmail.com,South,Canada,Home & Kitchen,Throw Blanket,2.0,179.9698,0.2,10.08,Gift Card,Pending,2024-07-16,False
ORD-12371,,CUST1315,Jordan Chambers,jordan.chambers46@gmail.com,West,Canada,Toys,Board Game,2.0,57.24,0.1,8.13,Debit Card,Delivered,2021-04-14,False
ORD-11631,2023-09-20,CUST1160,Paul Castaneda,paul@gmail.com,Central,United States,Apparel,Denim Jacket,5.0,69.45,0.2,14.99,Debit Card,Cancelled,2022-11-04,False
ORD-10701,2023-10-26,CUST1000,Allison Hill,allison.hill4@outlook.com,South,Mexico,Beauty,Shampoo Set,1.0,45.44,0.0,10.14,Paypal,Cancelled,2022-05-17,False
ORD-10149,2024-03-15,CUST1242,Kevin Walters,kevin.walters7@outlook.com,North,Canada,Home & Kitchen,Air Fryer,6.0,40.16,0.1,19.57,Credit Card,Shipped,2021-05-15,False
ORD-11503,2024-03-28,CUST1174,Nicole Herring,nicole.herring30@outlook.com,South,Canada,Electronics,Smartwatch,5.0,143.91,0.2,7.4,Gift Card,Returned,2022-03-25,False
ORD-11378,2023-11-28,CUST1202,Elizabeth Perkins,elizabeth.perkins78@hotmail.com,North,Mexico,Electronics,USB-C Cable,4.0,62.67,0.15,13.17,Debit Card,Delivered,2021-07-23,False
ORD-11811,2024-04-08,CUST1472,Lori Ingram,lori.ingram64@outlook.com,East,Canada,Apparel,Running Shoes,6.0,68.29,0.1,4.22,Paypal,Shipped,2022-10-24,False
ORD-10406,2024-04-09,CUST1403,Kathleen Webster,kathleen.webster8@gmail.com,West,United States,Apparel,Running Shoes,4.0,27.16,0.0,6.64,Debit Card,Delivered,2021-12-17,False
ORD-12445,2023-09-30,CUST1737,Arthur Hamilton Md,arthur.md77@gmail.com,North,United States,Toys,RC Car,3.0,30.59,0.2,22.88,Debit Card,Pending,2024-09-17,True
ORD-11149,2023-04-05,CUST1598,Kimberly Sharp,kimberly.sharp27@outlook.com,Central,Canada,Electronics,USB-C Cable,4.0,145.05,0.25,0.51,Debit Card,Shipped,2024-08-27,True
ORD-10992,2023-05-05,CUST1827,Claudia Jordan,claudia.jordan56@outlook.com,East,Canada,Beauty,Shampoo Set,1.0,19.65,0.0,13.95,Paypal,Pending,2021-01-31,False
ORD-10048,2024-10-04,CUST1154,Brenda Hall,brenda.hall42@yahoo.com,West,United States,Sports & Outdoors,Resistance Bands,6.0,18.81,0.0,19.67,Gift Card,Shipped,2022-05-05,False
ORD-11101,2023-07-19,CUST1569,Michael Johnson,michael.johnson11@hotmail.com,West,United States,Home & Kitchen,Air Fryer,1.0,170.64,0.0,7.33,Paypal,Returned,2021-08-25,False
ORD-12707,2024-12-19,CUST1133,Daniel Kennedy,daniel.kennedy35@yahoo.com,South,United States,Toys,Board Game,3.0,14.57,0.15,24.63,Credit Card,Cancelled,2021-05-27,False
ORD-12245,2023-06-04,CUST1419,Jake Campbell,jake.campbell18@outlook.com,West,United States,Sports & Outdoors,Hiking Backpack,5.0,46.4,0.1,8.68,Paypal,Pending,2022-09-09,False
ORD-12276,2024-03-03,CUST1505,Jodi Roach,,North,United States,Toys,Board Game,2.0,49.37,0.0,12.19,Credit Card,Delivered,2021-01-26,False
ORD-12229,2023-11-21,CUST1116,William Herrera,william.herrera71@outlook.com,West,United States,Toys,Building Blocks Set,2.0,47.782399999999996,0.0,4.08,Gift Card,Cancelled,2022-12-22,False
ORD-12932,2024-12-20,CUST1694,Mary Jensen,mary@gmail.com,Central,Canada,Home & Kitchen,Throw Blanket,4.0,41.21,0.0,22.1,Gift Card,Shipped,2021-07-16,False
ORD-13145,2024-10-07,CUST1680,Suzanne Wood,suzanne.wood80@hotmail.com,East,Canada,Toys,Action Figure,4.0,69.41,0.2,13.1,Gift Card,Shipped,2022-04-07,False
ORD-12406,2023-04-12,CUST1062,Connor West,connor.west43@hotmail.com,South,Mexico,Home & Kitchen,Non-Stick Pan Set,3.0,57.88,0.0,2.52,Paypal,Delivered,2022-05-24,False
ORD-10025,2023-12-17,CUST1441,Joann Ferguson,joann.ferguson44@gmail.com,South,Canada,Toys,Building Blocks Set,1.0,67.26,0.0,8.19,Credit Card,Cancelled,2021-12-03,False
ORD-12105,2023-12-27,CUST1343,Nichole Alvarez,nichole.alvarez61@hotmail.com,East,United States,Sports & Outdoors,Resistance Bands,1.0,51.91,0.2,11.48,Gift Card,Returned,2024-08-25,True
ORD-10062,2021-11-27,CUST1267,Colin Terry,colin.terry31@hotmail.com,North,Canada,Electronics,USB-C Cable,6.0,92.35,0.15,12.19,Credit Card,Pending,2022-01-19,True
ORD-10422,2023-03-29,CUST1634,Amber Cooper,amber.cooper26@outlook.com,East,Mexico,Apparel,Denim Jacket,6.0,52.48,0.0,21.66,Credit Card,Delivered,2023-12-08,True
ORD-10272,2024-10-05,CUST1492,William Gould,william@gmail.com,North,Canada,Beauty,Hair Dryer,3.0,23.55,0.25,2.41,Paypal,Delivered,2022-06-21,False
ORD-11209,2024-10-10,CUST1573,Nancy Brown,nancy.brown86@gmail.com,East,Canada,Toys,RC Car,5.0,21.61,0.2,14.23,Gift Card,Returned,2021-06-25,False
ORD-10657,2023-06-28,CUST1764,Jorge Stone,jorge.stone93@outlook.com,South,Canada,Apparel,Running Shoes,4.0,53.54,0.05,21.61,Credit Card,Cancelled,2022-12-13,False
ORD-11000,2023-07-27,CUST1392,Brian Smith,brian.smith63@hotmail.com,East,United States,Beauty,Shampoo Set,4.0,37.05,0.2,4.71,Credit Card,Cancelled,2023-08-02,True
ORD-11796,2024-09-18,CUST1469,Jeanette Harrison,jeanette.harrison36@outlook.com,East,Canada,Apparel,Wool Sweater,3.0,42.07,0.15,21.75,Debit Card,Cancelled,2023-07-21,False
ORD-10831,2024-12-25,CUST1116,William Herrera,william.herrera71@outlook.com,West,United States,Sports & Outdoors,Water Bottle,4.0,149.06,0.0,3.9,Gift Card,Delivered,2022-12-22,False
ORD-11579,2024-03-04,CUST1426,Jenna Larson,jenna.larson63@yahoo.com,East,United States,Electronics,Wireless Earbuds,3.0,141.755,0.1,16.89,Gift Card,Delivered,2022-10-30,False
ORD-12006,2024-04-27,CUST1408,Anthony Romero,anthony.romero50@outlook.com,South,Mexico,Home & Kitchen,Air Fryer,4.0,129.99,0.15,13.65,Paypal,Cancelled,2023-02-26,False
ORD-12233,2023-10-10,CUST1805,Ronald Potter,ronald.potter76@hotmail.com,Central,United States,Toys,Action Figure,4.0,56.47,0.05,15.3,Debit Card,Returned,2024-07-16,True
ORD-10484,2024-11-29,CUST1037,Cassandra Gaines,cassandra.gaines71@gmail.com,Central,Canada,Home & Kitchen,Coffee Maker,4.0,64.69,0.05,4.11,Credit Card,Delivered,2021-04-14,False
ORD-10362,2023-08-06,CUST1325,Patrick Moore,patrick.moore91@outlook.com,East,United States,Home & Kitchen,LED Desk Lamp,1.0,105.1,0.05,6.73,Credit Card,Delivered,2023-08-31,True
ORD-10905,2023-01-23,CUST1296,Laura Haney,laura.haney67@outlook.com,Central,United States,Beauty,Lipstick,2.0,37.06,0.0,22.77,Debit Card,Returned,2021-09-20,False
ORD-10300,2023-06-05,CUST1103,Christine Wright,christine.wright26@gmail.com,South,Canada,Apparel,Running Shoes,2.0,82.29,0.2,0.5,Paypal,Shipped,2024-04-27,True
ORD-11462,2024-02-13,CUST1295,John Young,john.young53@gmail.com,North,United States,Apparel,Wool Sweater,1.0,80.52,0.0,4.5,Paypal,Returned,2021-09-14,False
ORD-12597,2023-11-25,CUST1229,Lori Guerrero,lori.guerrero22@gmail.com,North,Canada,Home & Kitchen,Non-Stick Pan Set,5.0,145.77,0.25,24.46,Credit Card,Cancelled,2023-11-12,False
ORD-11043,2023-08-03,CUST1281,Tammie Bright,tammie.bright94@outlook.com,East,Mexico,Beauty,Sunscreen SPF50,6.0,10.86,0.0,3.34,Paypal,Shipped,2024-06-13,True
ORD-10037,2023-11-03,CUST1040,Paula Moreno,paula.moreno59@outlook.com,Central,Mexico,Sports & Outdoors,Resistance Bands,5.0,110.76,0.2,0.41,Paypal,Returned,2023-05-17,False
ORD-11413,2024-03-29,CUST1137,Courtney Gonzalez,courtney.gonzalez12@yahoo.com,North,Mexico,Toys,RC Car,3.0,24.83,0.1,12.19,Debit Card,Shipped,2024-03-24,False
ORD-12512,2023-10-15,CUST1119,Jeffrey Chandler,jeffrey.chandler98@outlook.com,East,United States,Apparel,Denim Jacket,2.0,15.91,0.0,2.04,Gift Card,Shipped,2021-07-25,False
ORD-10754,2024-07-29,CUST1294,Ryan Gonzalez,ryan.gonzalez9@outlook.com,West,Canada,Beauty,Lipstick,5.0,36.77,0.25,15.22,Gift Card,Delivered,2023-03-27,False
ORD-12686,2023-08-10,CUST1171,Darlene Miller,darlene.miller14@yahoo.com,East,Canada,Toys,Board Game,2.0,10.64,0.1,19.4,Paypal,Delivered,2023-02-21,False
ORD-11762,2023-09-04,CUST1304,Maria Parker,maria.parker74@hotmail.com,North,United States,Beauty,Face Moisturizer,4.0,59.89,0.0,1.07,Gift Card,Shipped,2024-06-19,True
ORD-12971,2023-03-07,CUST1447,Shelly Spencer,shelly.spencer86@hotmail.com,East,Canada,Beauty,Lipstick,1.0,34.61,0.1,17.06,Credit Card,Pending,2023-12-17,True
ORD-10475,,CUST1162,Lindsey Walker,lindsey.walker88@outlook.com,North,United States,Home & Kitchen,LED Desk Lamp,5.0,100.97,0.15,10.44,Gift Card,Delivered,2022-04-11,False
ORD-11487,,CUST1200,Melissa Brewer,melissa.brewer42@yahoo.com,East,Canada,Electronics,Bluetooth Speaker,4.0,97.0,0.25,21.46,Credit Card,Shipped,2021-05-15,False
ORD-11030,2024-03-18,CUST1165,John Anderson,john.anderson32@hotmail.com,South,United States,Toys,Building Blocks Set,3.0,33.88,0.05,12.52,Paypal,Returned,2024-03-05,False
ORD-12236,2024-04-02,CUST1269,Patrick Thornton,patrick.thornton48@outlook.com,North,United States,Electronics,Webcam,5.0,151.72,0.1,0.06,Debit Card,Shipped,2021-03-02,False
ORD-11386,2024-02-13,CUST1329,Ariana Jennings,ariana.jennings90@gmail.com,West,United States,Electronics,Laptop Stand,1.0,58.96,0.15,6.67,Debit Card,Pending,2022-01-26,False
ORD-10447,2024-03-13,CUST1686,Maria Henry,maria.henry71@outlook.com,East,Canada,Toys,Board Game,6.0,50.55,0.0,3.68,Gift Card,Shipped,2021-05-30,False
ORD-12768,2023-11-08,CUST1664,Renee Melendez,renee.melendez6@gmail.com,Central,Canada,Home & Kitchen,Non-Stick Pan Set,5.0,73.99,0.05,22.66,Credit Card,Shipped,2023-07-12,False
ORD-10122,2023-05-17,CUST1694,Mary Jensen,mary@gmail.com,Central,Canada,Toys,Building Blocks Set,1.0,22.41,0.05,18.45,Debit Card,Delivered,2021-07-16,False
ORD-10829,2023-01-18,CUST1134,Rebecca Jackson,rebecca.jackson73@outlook.com,West,Mexico,Toys,Board Game,1.0,40.81,0.2,8.96,Gift Card,Pending,2023-06-19,True
ORD-12081,2023-11-27,CUST1792,Maria Cooke,maria.cooke78@yahoo.com,Central,United States,Apparel,Cotton T-Shirt,2.0,24.96,0.0,17.19,Debit Card,Delivered,2024-03-27,True
ORD-12616,2023-05-28,CUST1105,Marc Moore,marc.moore48@gmail.com,East,Canada,Toys,Puzzle 1000PC,1.0,18.36,0.15,9.87,Gift Card,Shipped,2023-11-03,True
ORD-11813,2023-05-20,CUST1039,Brittany Farmer,brittany.farmer52@gmail.com,North,United States,Sports & Outdoors,Hiking Backpack,2.0,103.5,0.25,8.32,Paypal,Shipped,2021-12-04,False
ORD-11492,2023-11-27,CUST1254,Cynthia Moore,cynthia.moore37@hotmail.com,West,United States,Apparel,Cotton T-Shirt,4.0,77.23,0.0,21.28,Debit Card,Returned,2023-10-27,False
ORD-10714,2024-10-20,CUST1427,Emily Bennett,emily.bennett73@yahoo.com,South,Mexico,Apparel,Baseball Cap,4.0,78.24,0.1,20.71,Credit Card,Returned,2024-04-27,False
ORD-11505,2023-08-04,CUST1316,Lauren Carson,lauren.carson84@hotmail.com,North,Canada,Electronics,Wireless Earbuds,4.0,54.81,0.0,9.15,Debit Card,Delivered,2022-08-09,False
ORD-10551,2024-08-03,CUST1033,Nathan Maldonado,nathan.maldonado53@yahoo.com,West,United States,Sports & Outdoors,Resistance Bands,5.0,37.63,0.05,2.93,Gift Card,Returned,2021-07-13,False
ORD-11567,2024-08-25,CUST1507,Emma Reed,emma.reed54@outlook.com,Central,United States,Apparel,Cotton T-Shirt,5.0,50.25,0.2,14.57,Credit Card,Cancelled,2022-07-10,False
ORD-12601,2023-11-24,CUST1012,Lisa Hensley,lisa.hensley21@hotmail.com,Central,United States,Beauty,Shampoo Set,1.0,20.19,0.15,18.35,Gift Card,Pending,2023-02-17,False
ORD-12992,2024-06-28,CUST1614,Elizabeth Sharp,elizabeth.sharp60@gmail.com,Central,Canada,Electronics,Bluetooth Speaker,6.0,199.67,0.05,24.46,Paypal,Returned,2023-08-22,False
ORD-11845,2024-05-18,CUST1610,Samantha Robertson,samantha.robertson39@yahoo.com,South,United States,Beauty,Face Moisturizer,3.0,57.27,0.05,2.44,Paypal,Pending,2024-09-08,True
ORD-10597,2024-04-23,CUST1425,Gregory Ponce,gregory.ponce41@yahoo.com,East,Mexico,Sports & Outdoors,Water Bottle,1.0,62.19,0.1,2.75,Paypal,Delivered,2023-03-27,False
ORD-12796,2023-03-27,CUST1260,Katie Suarez,katie.suarez84@outlook.com,North,United States,Sports & Outdoors,Hiking Backpack,5.0,127.38,0.1,9.1,Gift Card,Returned,2021-10-27,False
ORD-10506,2024-08-10,CUST1497,James Bradley,james.bradley31@gmail.com,West,Canada,Electronics,Wireless Earbuds,6.0,142.11,0.05,1.24,Gift Card,Delivered,2022-05-16,False
ORD-11182,2024-11-16,CUST1190,Debra Morton,debra.morton59@gmail.com,Central,Canada,Sports & Outdoors,Water Bottle,1.0,106.3,0.0,23.14,Debit Card,Pending,2024-09-19,False
ORD-11022,2023-09-17,CUST1142,Patricia Rodriguez,,East,United States,Sports & Outdoors,Resistance Bands,5.0,112.44,0.2,22.75,Paypal,Shipped,2021-06-30,False
ORD-10348,2023-02-22,CUST1510,Rebecca Hicks,rebecca.hicks2@outlook.com,Central,United States,Apparel,Denim Jacket,4.0,29.9,0.0,4.06,Gift Card,Delivered,2022-02-15,False
ORD-10652,2024-04-06,CUST1596,Victor Morris,victor.morris21@outlook.com,North,United States,Apparel,Running Shoes,2.0,50.99,0.2,20.36,Credit Card,Cancelled,2021-05-07,False
ORD-12719,2023-03-10,CUST1838,Michael Young,michael.young3@outlook.com,East,Mexico,Beauty,Shampoo Set,1.0,24.47,0.0,1.17,Gift Card,Returned,2024-06-24,True
ORD-12426,2024-08-04,CUST1177,Michael Wang,michael.wang23@yahoo.com,East,Canada,Sports & Outdoors,Resistance Bands,1.0,64.48,0.05,4.06,Debit Card,Returned,2021-09-28,False
ORD-11695,2024-01-02,CUST1545,Cindy Gomez,,Central,United States,Toys,Board Game,4.0,27.75,0.0,24.1,Debit Card,Delivered,2021-04-26,False
ORD-13101,2023-12-19,CUST1838,Michael Young,michael.young3@outlook.com,East,Mexico,Sports & Outdoors,Water Bottle,2.0,74.8,0.0,8.27,Debit Card,Shipped,2024-06-24,True
ORD-12496,2024-07-26,CUST1597,Susan Davis,,South,Mexico,Home & Kitchen,Coffee Maker,5.0,53.46,0.1,11.79,Credit Card,Returned,2024-03-17,False
ORD-10515,2023-11-26,CUST1405,Madison Weber,madison.weber89@hotmail.com,North,Mexico,Apparel,Baseball Cap,5.0,84.83,0.0,13.35,Gift Card,Pending,2022-07-10,False
ORD-11815,2023-03-24,CUST1107,Sierra Johnson,sierra.johnson23@outlook.com,West,United States,Electronics,Webcam,4.0,209.5,0.0,13.19,Gift Card,Returned,2024-06-15,True
ORD-12844,2023-12-31,CUST1781,Amy Garcia,amy.garcia2@gmail.com,Central,Canada,Sports & Outdoors,Resistance Bands,6.0,50.82,0.25,12.13,Gift Card,Pending,2022-03-08,False
ORD-10637,2023-10-25,CUST1494,Meghan Cisneros,meghan.cisneros52@gmail.com,Central,Canada,Toys,Puzzle 1000PC,3.0,41.26,0.15,17.17,Paypal,Cancelled,2024-08-04,True
ORD-11151,2024-10-29,CUST1826,Heather Brown,heather.brown39@yahoo.com,South,Canada,Apparel,Cotton T-Shirt,2.0,65.17,0.0,1.81,Credit Card,Returned,2023-01-09,False
ORD-12284,2023-01-17,CUST1551,Angel Gordon,angel.gordon72@outlook.com,Central,United States,Apparel,Cotton T-Shirt,1.0,16.44,0.05,8.15,Gift Card,Delivered,2022-04-03,False
ORD-13131,2023-09-23,CUST1166,Alyssa Long,alyssa.long79@hotmail.com,South,United States,Beauty,Lipstick,2.0,49.98,0.0,4.66,Credit Card,Returned,2024-06-23,True
ORD-12266,2024-12-13,CUST1019,Carla Gray,carla.gray60@outlook.com,North,Mexico,Apparel,Baseball Cap,1.0,70.67,0.2,8.23,Debit Card,Pending,2024-02-08,False
ORD-12251,2024-04-11,CUST1432,Travis Tucker,travis.tucker89@hotmail.com,East,Mexico,Beauty,Lipstick,3.0,15.96,0.0,12.33,Gift Card,Returned,2024-01-19,False
ORD-10605,,CUST1303,Sara Fuller,,East,Mexico,Beauty,Sunscreen SPF50,4.0,56.54,0.0,9.8,Credit Card,Delivered,2024-08-06,False
ORD-13034,2023-03-27,CUST1455,Marie Moody,marie.moody50@hotmail.com,West,United States,Home & Kitchen,LED Desk Lamp,3.0,146.53,0.0,20.85,Paypal,Cancelled,2023-04-18,True
ORD-12318,2023-03-14,CUST1652,David Robinson,david.robinson10@hotmail.com,East,United States,Sports & Outdoors,Yoga Mat,1.0,83.23,0.0,19.37,Gift Card,Cancelled,2022-10-19,False
ORD-11352,2023-10-30,CUST1232,Christopher Parker,christopher.parker81@hotmail.com,Central,United States,Electronics,USB-C Cable,1.0,235.66,0.05,17.97,Paypal,Pending,2023-08-09,False
ORD-11661,2024-04-17,CUST1086,Shirley Suarez,shirley.suarez92@outlook.com,East,United States,Toys,RC Car,6.0,20.7,0.25,13.93,Paypal,Shipped,2022-04-26,False
ORD-12795,2023-02-03,CUST1237,David Davis,david.davis50@hotmail.com,North,United States,Toys,Building Blocks Set,2.0,30.48,0.15,6.88,Paypal,Pending,2024-04-03,True
ORD-10479,2024-12-07,CUST1478,Curtis Williams,curtis.williams30@hotmail.com,North,Canada,Sports & Outdoors,Water Bottle,6.0,61.9,0.05,22.65,Debit Card,Cancelled,2024-09-04,False
ORD-10957,2024-02-10,CUST1380,Karla Ramos,karla.ramos72@yahoo.com,East,United States,Home & Kitchen,Non-Stick Pan Set,3.0,15.63,0.0,9.55,Paypal,Pending,2023-03-07,False
ORD-10737,2023-01-29,CUST1275,Matthew Moore,matthew.moore97@yahoo.com,North,Mexico,Electronics,Bluetooth Speaker,6.0,125.52,0.0,15.14,Debit Card,Pending,2022-09-08,False
ORD-12337,2024-08-18,CUST1132,Mary Marshall,mary.marshall34@yahoo.com,Central,United States,Electronics,Wireless Earbuds,1.0,197.05,0.2,5.57,Credit Card,Cancelled,2023-05-21,False
ORD-11900,2023-09-16,CUST1595,Sherry Woods,sherry.woods77@hotmail.com,Central,Canada,Sports & Outdoors,Yoga Mat,3.0,15.24,0.2,1.39,Gift Card,Returned,2021-12-30,False
ORD-12832,2024-11-28,CUST1270,Jasmin Alvarado,jasmin.alvarado85@gmail.com,East,United States,Beauty,Hair Dryer,4.0,29.05,0.0,3.87,Paypal,Pending,2024-04-06,False
ORD-10219,2024-11-19,CUST1282,Jessica Garcia,jessica.garcia8@gmail.com,East,Canada,Sports & Outdoors,Hiking Backpack,2.0,132.86,0.1,6.63,Debit Card,Cancelled,2024-07-29,False
ORD-11165,2024-05-03,CUST1113,Crystal Johnson,crystal.johnson72@yahoo.com,West,United States,Beauty,Shampoo Set,5.0,32.99,0.0,10.11,Paypal,Returned,2023-09-03,False
ORD-10161,2023-08-13,CUST1431,Jack White,jack@gmail.com,Central,United States,Electronics,Laptop Stand,2.0,129.0,0.0,24.3,Gift Card,Cancelled,2024-05-09,True
ORD-12906,2023-07-19,CUST1569,Michael Johnson,michael.johnson11@hotmail.com,West,United States,Sports & Outdoors,Yoga Mat,2.0,12.97,0.0,13.35,Credit Card,Delivered,2021-08-25,False
ORD-11595,2024-05-14,CUST1409,Jesse Brown,jesse.brown65@outlook.com,West,United States,Apparel,Running Shoes,4.0,77.22,0.1,4.9,Debit Card,Shipped,2021-04-20,False
ORD-12051,2024-06-16,CUST1611,Michael Lopez,michael@gmail.com,East,Mexico,Electronics,USB-C Cable,2.0,184.8,0.1,17.87,Gift Card,Shipped,2021-09-20,False
ORD-10376,2023-03-06,CUST1645,Kim Morrow,kim.morrow76@hotmail.com,West,United States,Home & Kitchen,Coffee Maker,1.0,114.06,0.15,19.71,Paypal,Pending,2024-03-11,True
ORD-12917,2024-08-20,CUST1363,Nicole Parrish,nicole.parrish40@gmail.com,North,Mexico,Electronics,Bluetooth Speaker,4.0,242.28,0.25,11.03,Paypal,Shipped,2023-03-22,False
ORD-10419,2024-06-25,CUST1139,Angel Perry,angel.perry36@yahoo.com,West,Canada,Electronics,Laptop Stand,3.0,64.26,0.0,7.05,Credit Card,Returned,2024-04-13,False
ORD-12296,2023-12-24,CUST1732,Kyle Nguyen,kyle.nguyen36@yahoo.com,South,United States,Home & Kitchen,Throw Blanket,6.0,104.47,0.0,16.53,Paypal,Pending,2021-11-04,False
ORD-10948,2024-08-27,CUST1360,Parker Cain,parker.cain26@yahoo.com,Central,United States,Sports & Outdoors,Resistance Bands,5.0,40.86,0.1,6.85,Paypal,Shipped,2021-03-12,False
ORD-10536,2024-08-12,CUST1020,Margaret Hawkins Dds,margaret.dds97@outlook.com,North,United States,Beauty,Hair Dryer,1.0,11.67,0.0,2.53,Credit Card,Returned,2024-05-08,False
ORD-13051,2023-07-28,CUST1340,Allison Smith,allison.smith95@yahoo.com,Central,United States,Electronics,Wireless Earbuds,6.0,150.99,0.0,8.77,Paypal,Returned,2022-05-12,False
ORD-11054,2023-05-15,CUST1331,Colton Martinez,colton.martinez95@gmail.com,South,Canada,Home & Kitchen,Throw Blanket,1.0,19.88,0.25,1.68,Paypal,Cancelled,2021-10-10,False
ORD-10133,2024-01-26,CUST1615,Matthew Schwartz,matthew.schwartz10@hotmail.com,North,Mexico,Apparel,Running Shoes,3.0,17.01,0.0,18.42,Paypal,Shipped,2022-02-03,False
ORD-11328,2023-01-13,CUST1514,Angelica Parker,angelica.parker14@yahoo.com,West,United States,Home & Kitchen,Non-Stick Pan Set,4.0,34.08,0.05,8.19,Gift Card,Shipped,2023-12-22,True
ORD-12314,2023-04-14,CUST1331,Colton Martinez,colton.martinez95@gmail.com,South,Canada,Beauty,Face Moisturizer,2.0,35.21,0.2,0.3,Credit Card,Returned,2021-10-10,False
ORD-11753,2023-12-13,CUST1481,Howard Norman,howard@gmail.com,North,Canada,Toys,Board Game,1.0,38.48,0.0,24.96,Credit Card,Shipped,2023-02-24,False
ORD-10793,2023-02-06,CUST1040,Paula Moreno,paula.moreno59@outlook.com,Central,Mexico,Beauty,Sunscreen SPF50,2.0,22.26,0.25,5.91,Gift Card,Pending,2023-05-17,True
ORD-13065,2023-04-14,CUST1377,Paula Bradley,paula.bradley45@hotmail.com,West,United States,Sports & Outdoors,Resistance Bands,3.0,45.0,0.0,4.53,Debit Card,Delivered,2023-11-12,True
ORD-12924,2024-07-01,CUST1601,Jennifer Simpson Dvm,jennifer.dvm45@hotmail.com,West,United States,Toys,Action Figure,3.0,42.75,0.0,21.15,Gift Card,Shipped,2022-06-01,False
ORD-12368,2024-06-10,CUST1237,David Davis,david.davis50@hotmail.com,North,United States,Toys,RC Car,6.0,25.23,0.05,10.41,Credit Card,Cancelled,2024-04-03,False
ORD-10431,2023-08-27,CUST1364,Tracy Burke,tracy.burke10@gmail.com,North,Canada,Sports & Outdoors,Hiking Backpack,2.0,16.56,0.0,14.89,Credit Card,Cancelled,2023-05-18,False
ORD-10743,2024-06-13,CUST1809,Heather Page,,East,Canada,Electronics,Wireless Earbuds,4.0,133.28,0.0,24.53,Paypal,Pending,2023-10-05,False
ORD-11031,2023-03-06,CUST1137,Courtney Gonzalez,courtney.gonzalez12@yahoo.com,North,Mexico,Toys,RC Car,1.0,8.67,0.2,18.11,Paypal,Cancelled,2024-03-24,True
ORD-11062,2024-01-26,CUST1676,Kristen Rowe,kristen.rowe27@gmail.com,North,Canada,Apparel,Running Shoes,5.0,66.63,0.0,19.01,Gift Card,Delivered,2023-01-05,False
ORD-11783,2023-06-24,CUST1025,Judy Baker,judy.baker73@gmail.com,West,Canada,Toys,Puzzle 1000PC,5.0,61.29,0.15,1.94,Gift Card,Shipped,2021-06-25,False
ORD-12584,2023-05-07,CUST1515,Kelly Hammond Dvm,dr..dvm19@outlook.com,South,Canada,Apparel,Cotton T-Shirt,2.0,80.55,0.1,0.58,Paypal,Shipped,2021-07-10,False
ORD-12149,2023-10-28,CUST1347,Victor Brown,victor.brown43@outlook.com,Central,Canada,Home & Kitchen,Coffee Maker,5.0,167.97,0.1,10.4,Credit Card,Shipped,2023-07-20,False
ORD-10251,2023-02-01,CUST1330,Vanessa Howard,vanessa.howard53@yahoo.com,Central,United States,Apparel,Wool Sweater,1.0,18.89,0.0,21.68,Gift Card,Delivered,2023-04-21,True
ORD-11931,2024-06-03,CUST1041,Fred Smith,fred.smith20@yahoo.com,North,Canada,Beauty,Face Moisturizer,2.0,50.74,0.05,21.59,Credit Card,Delivered,2022-08-31,False
ORD-10397,2024-02-12,CUST1209,Brian Lee,,East,United States,Toys,Action Figure,5.0,38.48,0.0,12.99,Gift Card,Shipped,2022-08-13,False
ORD-12152,2024-11-17,CUST1689,Maria Brown,maria.brown28@hotmail.com,North,Canada,Home & Kitchen,Coffee Maker,3.0,145.35,0.0,6.46,Gift Card,Cancelled,2024-02-24,False
ORD-10558,2023-01-31,CUST1248,Jose Travis,jose.travis44@hotmail.com,South,United States,Apparel,Baseball Cap,5.0,84.02,0.0,10.88,Paypal,Returned,2022-01-29,False
ORD-10135,2023-12-08,CUST1298,Keith Jennings,keith.jennings22@yahoo.com,South,United States,Toys,RC Car,2.0,17.87,0.15,9.78,Paypal,Cancelled,2022-10-23,False
ORD-13072,2024-03-23,CUST1334,Dana Martinez,dana.martinez32@outlook.com,South,United States,Electronics,USB-C Cable,2.0,164.81,0.15,23.78,Paypal,Delivered,2024-02-17,False
ORD-10857,2023-10-03,CUST1835,Timothy Hill,timothy.hill94@hotmail.com,Central,United States,Sports & Outdoors,Yoga Mat,1.0,59.72,0.15,4.01,Debit Card,Delivered,2022-07-18,False
ORD-11047,2024-01-05,CUST1577,Raymond Le,raymond.le87@yahoo.com,South,United States,Home & Kitchen,Air Fryer,6.0,50.91,0.0,14.94,Paypal,Cancelled,2021-09-04,False
ORD-11219,2024-03-03,CUST1741,Manuel Brock,manuel.brock50@yahoo.com,South,Canada,Home & Kitchen,LED Desk Lamp,1.0,23.4,0.05,24.24,Credit Card,Delivered,2021-08-11,False
ORD-11883,2023-01-22,CUST1622,Kaitlin Medina,kaitlin.medina97@yahoo.com,North,Mexico,Sports & Outdoors,Camping Tent,6.0,106.32,0.0,5.7,Debit Card,Pending,2021-02-06,False
ORD-12920,2024-04-04,CUST1690,Ryan Landry,ryan.landry58@yahoo.com,Central,United States,Home & Kitchen,Non-Stick Pan Set,2.0,75.1,0.0,17.54,Credit Card,Cancelled,2024-08-08,True
ORD-11056,2024-12-07,CUST1106,Sharon Cherry,sharon.cherry63@gmail.com,West,Mexico,Toys,Puzzle 1000PC,6.0,38.19,0.0,21.46,Paypal,Pending,2023-07-06,False
ORD-11083,2024-07-12,CUST1829,Kenneth Knight,kenneth.knight48@gmail.com,West,Canada,Sports & Outdoors,Resistance Bands,4.0,71.36,0.0,10.79,Credit Card,Returned,2022-05-25,False
ORD-12451,2023-10-25,CUST1068,James Brown,james.brown41@hotmail.com,North,United States,Toys,Puzzle 1000PC,3.0,59.2,0.2,0.42,Debit Card,Shipped,2024-05-26,True
ORD-11288,2024-08-09,CUST1078,Steve Sanchez,steve.sanchez19@gmail.com,West,Canada,Toys,Board Game,2.0,39.83,0.1,6.9,Credit Card,Delivered,2021-04-05,False
ORD-12649,2023-04-22,CUST1274,Joyce Bowen,joyce.bowen41@outlook.com,Central,United States,Beauty,Face Moisturizer,2.0,28.07,0.05,0.75,Gift Card,Delivered,2023-11-22,True
ORD-12283,2024-11-08,CUST1517,Michael Cooper,michael.cooper51@gmail.com,North,United States,Toys,RC Car,5.0,69.04,0.1,9.41,Debit Card,Pending,2024-04-27,False
ORD-11961,2024-07-15,CUST1566,Paula Lane,paula@gmail.com,Central,United States,Beauty,Lipstick,3.0,39.9,0.15,12.13,Debit Card,Shipped,2023-03-16,False
ORD-12583,2024-06-07,CUST1275,Matthew Moore,matthew.moore97@yahoo.com,North,Mexico,Home & Kitchen,Air Fryer,1.0,153.7,0.0,0.59,Gift Card,Pending,2022-09-08,False
ORD-11281,2023-09-25,CUST1279,Nathan Malone,nathan.malone42@gmail.com,East,United States,Electronics,Smartwatch,5.0,216.13,0.2,24.11,Credit Card,Shipped,2021-06-13,False
ORD-11825,2024-09-30,CUST1499,Phillip Berry,,North,United States,Beauty,Lipstick,4.0,40.19,0.1,15.88,Credit Card,Cancelled,2021-10-09,False
ORD-12967,2024-01-04,CUST1448,Ryan Rosales,ryan.rosales51@gmail.com,West,Canada,Home & Kitchen,Air Fryer,6.0,114.66,0.1,11.97,Gift Card,Delivered,2022-12-14,False
ORD-10552,2023-07-24,CUST1009,Ryan Munoz,ryan.munoz30@gmail.com,West,Mexico,Electronics,Smartwatch,3.0,20.34,0.2,2.78,Credit Card,Shipped,2023-02-18,False
ORD-10387,2024-03-22,CUST1837,Carol Sanders,carol.sanders59@gmail.com,West,Mexico,Sports & Outdoors,Hiking Backpack,1.0,114.95,0.1,5.94,Debit Card,Delivered,2024-07-30,True
ORD-11235,2023-03-31,CUST1204,Erin Warner,erin.warner59@hotmail.com,North,United States,Sports & Outdoors,Hiking Backpack,1.0,28.26,0.0,23.84,Debit Card,Delivered,2023-05-02,True
ORD-12957,2023-12-06,CUST1246,Krista Gibson,krista.gibson83@outlook.com,Central,Canada,Electronics,Wireless Earbuds,6.0,47.6,0.2,22.21,Debit Card,Cancelled,2021-09-19,False
ORD-10814,2024-06-15,CUST1579,David Grant,david.grant81@yahoo.com,East,Mexico,Home & Kitchen,Non-Stick Pan Set,3.0,43.66,0.0,4.57,Credit Card,Delivered,2024-03-05,False
ORD-10656,2023-05-09,CUST1131,Dustin Jordan,dustin.jordan30@outlook.com,West,Canada,Apparel,Denim Jacket,6.0,78.22,0.0,10.39,Gift Card,Delivered,2022-08-03,False
ORD-12982,2024-03-18,CUST1193,Angelica Keith,angelica.keith77@gmail.com,South,Canada,Beauty,Sunscreen SPF50,1.0,32.16,0.0,9.65,Credit Card,Shipped,2022-07-22,False
ORD-13010,2023-08-29,CUST1462,Riley Bryant,riley.bryant76@outlook.com,West,United States,Electronics,Laptop Stand,2.0,165.77,0.1,16.95,Paypal,Cancelled,2024-06-03,True
ORD-10498,2024-12-27,CUST1531,Mark Jimenez,,West,United States,Apparel,Denim Jacket,2.0,34.14,0.1,21.87,Credit Card,Delivered,2024-03-21,False
ORD-12504,2023-08-18,CUST1196,Daniel Salinas,daniel.salinas54@gmail.com,West,United States,Electronics,USB-C Cable,1.0,113.35,0.0,23.23,Credit Card,Cancelled,2021-05-11,False
ORD-10242,2023-03-26,CUST1529,Angel May,,West,United States,Electronics,Smartwatch,1.0,49.61,0.0,15.09,Gift Card,Returned,2021-05-13,False
ORD-11339,2024-12-05,CUST1399,Hannah Luna,hannah.luna90@hotmail.com,North,Canada,Sports & Outdoors,Water Bottle,6.0,63.68,0.0,6.41,Paypal,Shipped,2022-01-03,False
ORD-12315,2023-12-13,CUST1532,Donna Frye,,East,United States,Apparel,Running Shoes,3.0,10.55,0.0,24.27,Paypal,Delivered,2023-05-24,False
ORD-12737,2024-05-25,CUST1783,Dennis Huffman,dennis.huffman79@outlook.com,West,United States,Sports & Outdoors,Resistance Bands,6.0,98.23,0.0,23.06,Gift Card,Pending,2023-01-20,False
ORD-11788,2024-01-07,CUST1184,Lindsay Martinez,lindsay.martinez53@gmail.com,North,United States,Apparel,Running Shoes,6.0,34.77,0.25,23.05,Credit Card,Cancelled,2021-10-14,False
ORD-10647,2024-07-11,CUST1079,Lisa Barnes,lisa.barnes10@hotmail.com,Central,United States,Toys,Board Game,5.0,44.02,0.1,13.75,Paypal,Pending,2023-04-29,False
ORD-13006,2024-12-02,CUST1064,Jessica Callahan,jessica.callahan30@yahoo.com,South,United States,Sports & Outdoors,Hiking Backpack,5.0,145.77,0.1,15.65,Gift Card,Shipped,2021-02-18,False
ORD-12214,2023-06-09,CUST1501,Brian Fitzgerald,brian.fitzgerald35@gmail.com,West,United States,Electronics,Wireless Earbuds,5.0,239.31,0.0,1.42,Debit Card,Returned,2021-02-03,False
ORD-12544,2023-08-24,CUST1702,Karl Branch,karl.branch14@outlook.com,North,United States,Toys,Board Game,5.0,65.46,0.05,21.77,Credit Card,Shipped,2022-09-10,False
ORD-12184,2024-05-08,CUST1688,Katherine Stark,katherine.stark12@outlook.com,East,United States,Toys,Action Figure,1.0,43.11,0.2,12.69,Debit Card,Shipped,2022-03-30,False
ORD-11921,2023-09-05,CUST1088,Lisa Archer,lisa.archer28@gmail.com,East,Canada,Toys,Puzzle 1000PC,4.0,47.86,0.15,10.86,Credit Card,Returned,2023-04-30,False
ORD-10894,2024-03-02,CUST1776,Tina Hall,tina.hall85@hotmail.com,Central,Canada,Beauty,Hair Dryer,3.0,21.3,0.1,1.9,Debit Card,Shipped,2024-06-11,True
ORD-12805,2023-10-02,CUST1758,Heather Woodard,heather.woodard92@gmail.com,West,United States,Beauty,Lipstick,3.0,15.88,0.0,22.83,Gift Card,Returned,2021-12-25,False
ORD-10446,2023-08-24,CUST1033,Nathan Maldonado,nathan.maldonado53@yahoo.com,West,United States,Home & Kitchen,Non-Stick Pan Set,5.0,97.36,0.2,7.17,Credit Card,Returned,2021-07-13,False
ORD-13095,2024-01-04,CUST1185,Hannah Patterson,dr..patterson15@gmail.com,South,United States,Toys,Puzzle 1000PC,6.0,43.69,0.15,15.18,Credit Card,Cancelled,2022-04-26,False
ORD-12033,2023-03-11,CUST1586,Dwayne Klein,dwayne.klein89@hotmail.com,East,Mexico,Beauty,Lipstick,5.0,24.61,0.0,5.68,Gift Card,Cancelled,2021-03-21,False
ORD-11560,2023-12-27,CUST1284,Stephanie Williams,stephanie.williams5@yahoo.com,East,United States,Home & Kitchen,Non-Stick Pan Set,5.0,35.72,0.0,2.52,Paypal,Returned,2021-05-18,False
ORD-10987,2023-07-25,CUST1427,Emily Bennett,emily.bennett73@yahoo.com,South,Mexico,Toys,Action Figure,1.0,21.83,0.1,16.71,Gift Card,Shipped,2024-04-27,True
ORD-12541,2022-10-07,CUST1648,Jennifer Miranda,jennifer.miranda87@yahoo.com,Central,Mexico,Sports & Outdoors,Yoga Mat,1.0,146.7398,0.15,22.71,Gift Card,Delivered,2022-11-24,True
ORD-11154,2023-01-16,CUST1471,Richard Cooper,richard.cooper46@gmail.com,South,United States,Electronics,Bluetooth Speaker,3.0,172.08,0.0,4.98,Credit Card,Delivered,2023-12-31,True
ORD-12725,2024-10-09,CUST1596,Victor Morris,victor.morris21@outlook.com,North,United States,Apparel,Running Shoes,4.0,87.69,0.0,19.01,Debit Card,Cancelled,2021-05-07,False
ORD-10889,2024-08-11,CUST1339,David Thompson,david.thompson26@outlook.com,East,United States,Toys,Building Blocks Set,4.0,41.47,0.0,11.39,Credit Card,Shipped,2024-02-26,False
ORD-13069,2023-10-23,CUST1143,Christopher Rubio,christopher.rubio99@hotmail.com,Central,United States,Sports & Outdoors,Yoga Mat,3.0,54.83,0.2,11.22,Debit Card,Returned,2023-11-20,True
ORD-11901,2024-11-15,CUST1393,Robert Montgomery,robert.montgomery70@hotmail.com,North,Canada,Beauty,Shampoo Set,3.0,47.06,0.05,24.95,Gift Card,Pending,2022-01-12,False
ORD-11135,2024-08-26,CUST1293,Margaret Coleman,margaret.coleman74@outlook.com,South,Canada,Sports & Outdoors,Camping Tent,4.0,93.58,0.2,6.03,Credit Card,Shipped,2023-08-16,False
ORD-12637,2024-03-06,CUST1627,Laura Hernandez,laura.hernandez94@yahoo.com,North,Canada,Sports & Outdoors,Resistance Bands,6.0,97.59,0.0,3.74,Credit Card,Returned,2022-03-09,False
ORD-12349,2024-11-04,CUST1310,Paul Morgan,dr..morgan31@hotmail.com,West,United States,Beauty,Shampoo Set,3.0,12.45,0.15,11.97,Paypal,Cancelled,2021-08-09,False
ORD-12141,2024-10-19,CUST1490,Heather Williams,heather.williams2@outlook.com,West,Canada,Toys,Building Blocks Set,4.0,35.62,0.15,7.63,Paypal,Pending,2022-10-11,False
ORD-10428,2024-05-19,CUST1404,Joann Glass,joann.glass43@gmail.com,South,United States,Beauty,Face Moisturizer,2.0,27.6,0.2,6.65,Debit Card,Returned,2023-12-18,False
ORD-11325,2023-12-09,CUST1428,Robin Santiago,robin.santiago4@hotmail.com,East,Mexico,Electronics,Bluetooth Speaker,4.0,198.49,0.0,20.08,Gift Card,Returned,2022-03-06,False
ORD-11086,2023-09-14,CUST1630,Rhonda Chavez,rhonda.chavez7@gmail.com,West,Canada,Apparel,Cotton T-Shirt,5.0,44.18,0.0,21.72,Debit Card,Delivered,2023-05-04,False
ORD-11027,2023-07-20,CUST1379,Megan Nelson,megan.nelson91@yahoo.com,Central,United States,Home & Kitchen,Air Fryer,5.0,128.65,0.0,5.76,Gift Card,Pending,2023-08-07,True
ORD-10848,2024-09-28,CUST1337,Charles Lester,charles.lester51@outlook.com,North,United States,Beauty,Face Moisturizer,4.0,36.71,0.0,10.76,Paypal,Shipped,2021-10-27,False
ORD-10042,2023-03-14,CUST1804,Kimberly Fritz,kimberly.fritz60@outlook.com,South,Mexico,Sports & Outdoors,Water Bottle,1.0,43.2,0.2,23.2,Gift Card,Pending,2024-01-29,True
ORD-12254,2024-10-17,CUST1292,Jeremy Reed,jeremy.reed16@yahoo.com,West,Canada,Sports & Outdoors,Water Bottle,4.0,92.57,0.0,8.06,Debit Card,Cancelled,2021-10-12,False
ORD-13008,,CUST1539,David Davis,david.davis36@gmail.com,East,Canada,Sports & Outdoors,Resistance Bands,3.0,20.28,0.0,23.79,Credit Card,Cancelled,2023-08-25,False
ORD-12820,2023-10-20,CUST1214,Julie Alexander,julie.alexander73@hotmail.com,North,Canada,Sports & Outdoors,Hiking Backpack,4.0,66.54,0.0,2.21,Debit Card,Returned,2021-05-23,False
ORD-11143,2023-12-31,CUST1762,Jennifer Goodwin,jennifer@gmail.com,East,Mexico,Toys,Puzzle 1000PC,3.0,51.85,0.05,7.87,Gift Card,Cancelled,2022-07-20,False
ORD-11270,2023-10-20,CUST1176,Michael Elliott,michael.elliott5@outlook.com,East,United States,Beauty,Face Moisturizer,1.0,42.44,0.0,14.66,Gift Card,Pending,2021-09-27,False
ORD-11581,2024-05-03,CUST1474,Robin Thompson,robin@gmail.com,North,United States,Beauty,Face Moisturizer,3.0,50.98,0.0,22.8,Paypal,Delivered,2023-07-31,False
ORD-12199,2024-12-30,CUST1331,Colton Martinez,colton.martinez95@gmail.com,South,Canada,Apparel,Running Shoes,3.0,43.76,0.05,19.69,Credit Card,Shipped,2021-10-10,False
ORD-10020,2023-11-12,CUST1609,Casey Chase,casey.chase92@yahoo.com,West,Mexico,Sports & Outdoors,Resistance Bands,1.0,52.37,0.2,19.98,Debit Card,Returned,2023-12-31,True
ORD-12341,2023-09-29,CUST1237,David Davis,david.davis50@hotmail.com,North,United States,Beauty,Sunscreen SPF50,3.0,44.15,0.1,8.34,Gift Card,Returned,2024-04-03,True
ORD-13039,2024-10-16,CUST1829,Kenneth Knight,kenneth.knight48@gmail.com,West,Canada,Sports & Outdoors,Camping Tent,6.0,44.96,0.0,1.62,Gift Card,Delivered,2022-05-25,False
ORD-10571,2023-10-10,CUST1017,Derek Zuniga,derek.zuniga18@hotmail.com,North,United States,Sports & Outdoors,Yoga Mat,1.0,114.22,0.15,3.35,Paypal,Shipped,2021-07-06,False
ORD-11433,2023-08-31,CUST1327,Trevor Johnson,trevor.johnson84@yahoo.com,West,United States,Apparel,Cotton T-Shirt,1.0,62.48,0.0,14.06,Debit Card,Returned,2021-04-16,False
ORD-12966,2024-04-08,CUST1801,Krista Wilson,krista.wilson11@gmail.com,South,Canada,Electronics,Laptop Stand,5.0,63.96,0.15,12.59,Gift Card,Pending,2022-06-22,False
ORD-11447,2024-08-23,CUST1755,Rachel Jones,rachel.jones44@gmail.com,North,Canada,Sports & Outdoors,Resistance Bands,1.0,141.11,0.0,12.19,Credit Card,Delivered,2021-11-26,False
ORD-11071,2023-05-11,CUST1320,Susan Turner,susan.turner17@gmail.com,East,Canada,Apparel,Denim Jacket,4.0,78.84,0.0,6.77,Debit Card,Delivered,2023-03-18,False
ORD-10353,2024-02-05,CUST1484,Jasmine Beltran,jasmine.beltran53@hotmail.com,North,United States,Sports & Outdoors,Resistance Bands,6.0,130.76,0.0,14.16,Debit Card,Cancelled,2022-03-21,False
ORD-11607,2024-05-15,CUST1117,Ashley Waller,ashley.waller30@gmail.com,North,Mexico,Electronics,Smartwatch,1.0,228.26,0.0,7.76,Gift Card,Delivered,2022-01-30,False
ORD-12085,2023-01-27,CUST1543,Kathleen Robertson,kathleen.robertson76@gmail.com,Central,United States,Beauty,Sunscreen SPF50,2.0,41.5,0.15,18.37,Paypal,Returned,2022-12-22,False
ORD-12409,2023-08-02,CUST1754,Dana Hopkins,dana.hopkins30@hotmail.com,South,Canada,Beauty,Hair Dryer,4.0,53.32,0.1,22.35,Gift Card,Cancelled,2021-11-28,False
ORD-10330,2023-09-07,CUST1310,Paul Morgan,dr..morgan31@hotmail.com,West,United States,Sports & Outdoors,Camping Tent,5.0,85.8,0.2,24.68,Debit Card,Pending,2021-08-09,False
ORD-11774,2023-01-11,CUST1212,Melissa Martinez,melissa.martinez72@gmail.com,East,Canada,Electronics,Webcam,1.0,126.0,0.0,5.3,Credit Card,Delivered,2024-06-01,True
ORD-12111,2023-05-21,CUST1835,Timothy Hill,timothy.hill94@hotmail.com,Central,United States,Toys,Board Game,1.0,47.3,0.0,20.75,Gift Card,Delivered,2022-07-18,False
ORD-11051,2024-09-14,CUST1732,Kyle Nguyen,kyle.nguyen36@yahoo.com,South,United States,Home & Kitchen,Air Fryer,3.0,95.8,0.2,14.23,Gift Card,Cancelled,2021-11-04,False
ORD-10730,2023-08-23,CUST1177,Michael Wang,michael.wang23@yahoo.com,East,Canada,Home & Kitchen,Air Fryer,6.0,24.44,0.0,2.68,Paypal,Pending,2021-09-28,False
ORD-11035,2024-10-14,CUST1582,Gregory Peck,gregory.peck54@gmail.com,South,Canada,Electronics,Smartwatch,1.0,210.26,0.0,10.51,Gift Card,Cancelled,2023-04-29,False
ORD-10453,2024-09-28,CUST1386,Adam Burgess,adam.burgess31@outlook.com,West,Canada,Beauty,Hair Dryer,4.0,30.99,0.0,11.97,Gift Card,Returned,2022-08-03,False
ORD-10603,2023-02-25,CUST1794,Jerry Brown,jerry.brown58@gmail.com,East,United States,Sports & Outdoors,Resistance Bands,1.0,98.76,0.25,18.97,Credit Card,Pending,2023-02-20,False
ORD-11026,2024-07-25,CUST1003,Daniel Wagner,daniel.wagner92@hotmail.com,Central,United States,Toys,RC Car,1.0,55.66,0.15,19.53,Paypal,Returned,2022-03-28,False
ORD-11298,2023-07-26,CUST1793,Katherine Taylor,katherine.taylor37@outlook.com,Central,United States,Electronics,Laptop Stand,5.0,203.34,0.0,14.09,Gift Card,Pending,2022-10-28,False
ORD-12569,2023-02-12,CUST1549,Pamela Diaz,pamela.diaz85@hotmail.com,East,United States,Sports & Outdoors,Resistance Bands,6.0,53.88,0.05,12.9,Gift Card,Delivered,2024-04-15,True
ORD-10282,2023-01-27,CUST1561,Kim Erickson,kim@gmail.com,South,Mexico,Apparel,Wool Sweater,4.0,27.28,0.1,21.2,Gift Card,Shipped,2021-12-15,False
ORD-12202,2023-10-23,CUST1343,Nichole Alvarez,nichole.alvarez61@hotmail.com,East,United States,Toys,Building Blocks Set,5.0,10.69,0.0,19.88,Credit Card,Delivered,2024-08-25,True
ORD-12833,2024-03-10,CUST1761,Amanda Terrell,amanda.terrell22@gmail.com,North,United States,Electronics,Bluetooth Speaker,1.0,247.74,0.15,21.15,Credit Card,Pending,2023-01-07,False
ORD-11589,2024-06-25,CUST1117,Ashley Waller,ashley.waller30@gmail.com,North,Mexico,Electronics,Bluetooth Speaker,1.0,160.2,0.0,15.0,Paypal,Returned,2022-01-30,False
ORD-10185,2023-10-15,CUST1591,Kiara Little,kiara.little8@yahoo.com,Central,United States,Home & Kitchen,Air Fryer,4.0,96.87,0.0,20.46,Debit Card,Delivered,2021-05-15,False
ORD-12312,2023-02-03,CUST1483,Steve Paul,steve.paul2@yahoo.com,South,Mexico,Electronics,USB-C Cable,2.0,28.97,0.0,2.19,Paypal,Pending,2023-06-21,True
ORD-12175,2024-05-03,CUST1569,Michael Johnson,michael.johnson11@hotmail.com,West,United States,Home & Kitchen,Coffee Maker,1.0,18.79,0.2,16.88,Paypal,Cancelled,2021-08-25,False
ORD-10154,2024-12-26,CUST1265,Joshua Reed,joshua@gmail.com,Central,Canada,Beauty,Lipstick,2.0,19.87,0.0,16.22,Paypal,Delivered,2023-10-21,False
ORD-10694,2024-01-25,CUST1613,David Molina,david.molina96@outlook.com,East,United States,Beauty,Face Moisturizer,2.0,23.84,0.0,19.47,Credit Card,Returned,2023-12-05,False
ORD-11140,,CUST1223,Theresa Clark,theresa.clark69@yahoo.com,East,Canada,Sports & Outdoors,Camping Tent,3.0,97.29,0.0,0.11,Credit Card,Returned,2023-10-22,False
ORD-11004,,CUST1075,Sarah Moore,sarah.moore42@hotmail.com,South,Canada,Electronics,Smartwatch,5.0,181.97,0.2,12.225000000000001,Gift Card,Returned,2023-06-24,False
ORD-11741,2024-01-05,CUST1225,Benjamin Smith,benjamin.smith74@hotmail.com,West,United States,Toys,Action Figure,2.0,62.8,0.0,23.09,Debit Card,Returned,2024-03-20,True
ORD-10706,2023-01-05,CUST1307,Carlos Ryan,,West,United States,Beauty,Shampoo Set,4.0,17.31,0.05,19.0,Paypal,Returned,2023-06-20,True
ORD-10184,2023-01-06,CUST1831,Richard Stevens,richard.stevens14@yahoo.com,East,Canada,Electronics,Smartwatch,4.0,37.26,0.0,14.6,Gift Card,Pending,2023-09-27,True
ORD-10653,2023-02-05,CUST1776,Tina Hall,tina.hall85@hotmail.com,Central,Canada,Toys,Action Figure,2.0,67.63,0.0,8.29,Paypal,Cancelled,2024-06-11,True
ORD-11123,2023-11-05,CUST1424,Felicia Aguilar,felicia.aguilar84@yahoo.com,Central,Mexico,Sports & Outdoors,Resistance Bands,2.0,53.9,0.0,4.68,Paypal,Delivered,2022-08-09,False
ORD-12095,,CUST1521,Christopher Morris,christopher.morris22@hotmail.com,West,Canada,Beauty,Hair Dryer,5.0,22.37,0.0,16.14,Debit Card,Returned,2023-08-13,False
ORD-12116,2024-05-30,CUST1077,Megan Young,megan.young80@outlook.com,East,United States,Beauty,Sunscreen SPF50,1.0,18.55,0.2,24.3,Credit Card,Returned,2021-07-11,False
ORD-11824,2024-04-01,CUST1796,Tracey Wagner,tracey.wagner52@gmail.com,East,United States,Electronics,Wireless Earbuds,2.0,171.27,0.15,5.92,Credit Card,Shipped,2021-06-12,False
ORD-12822,2023-07-26,CUST1740,Eric Rush,eric.rush88@outlook.com,Central,Canada,Beauty,Lipstick,3.0,21.42,0.2,20.58,Gift Card,Cancelled,2023-07-18,False
ORD-10524,2023-01-20,CUST1779,Kevin Price,,Central,Canada,Toys,Building Blocks Set,3.0,22.32,0.0,23.45,Gift Card,Returned,2023-05-17,True
ORD-10776,2023-06-27,CUST1389,Scott Williams,scott.williams6@yahoo.com,East,Canada,Home & Kitchen,Non-Stick Pan Set,1.0,129.28,0.25,10.89,Paypal,Delivered,2021-10-26,False
ORD-10591,2023-03-28,CUST1237,David Davis,david.davis50@hotmail.com,North,United States,Beauty,Shampoo Set,4.0,17.22,0.1,16.48,Paypal,Returned,2024-04-03,True
ORD-12144,2024-01-16,CUST1218,Justin Torres,justin.torres78@hotmail.com,South,Canada,Sports & Outdoors,Yoga Mat,1.0,20.69,0.15,9.53,Gift Card,Returned,2023-04-29,False
ORD-10408,2024-03-28,CUST1425,Gregory Ponce,gregory.ponce41@yahoo.com,East,Mexico,Toys,Action Figure,3.0,44.48,0.15,3.22,Credit Card,Pending,2023-03-27,False
ORD-12501,2024-10-13,CUST1330,Vanessa Howard,vanessa.howard53@yahoo.com,Central,United States,Home & Kitchen,Air Fryer,4.0,89.95,0.1,22.38,Gift Card,Returned,2023-04-21,False
ORD-11013,2024-01-18,CUST1806,Zachary Cole,zachary.cole82@outlook.com,Central,United States,Beauty,Shampoo Set,5.0,48.5,0.0,6.81,Paypal,Delivered,2022-12-13,False
ORD-12390,2024-04-07,CUST1526,Todd Moore,todd.moore72@yahoo.com,North,United States,Sports & Outdoors,Water Bottle,6.0,17.11,0.25,19.66,Paypal,Cancelled,2021-07-13,False
ORD-11692,2024-02-27,CUST1600,Casey Gillespie,casey.gillespie29@outlook.com,East,United States,Electronics,Webcam,2.0,125.27,0.15,17.68,Gift Card,Shipped,2024-05-30,True
ORD-10881,2024-02-12,CUST1034,Debra Davidson,debra.davidson60@gmail.com,North,Canada,Toys,Board Game,2.0,16.95,0.15,17.12,Debit Card,Returned,2024-08-31,True
ORD-10174,2023-02-03,CUST1102,Rebecca Valencia,,West,United States,Sports & Outdoors,Yoga Mat,6.0,145.47,0.0,19.55,Paypal,Returned,2022-10-01,False
ORD-11787,2024-04-23,CUST1083,Paul Jones,paul.jones72@outlook.com,Central,United States,Toys,Action Figure,6.0,38.48,0.0,13.48,Paypal,Delivered,2023-06-26,False
ORD-12864,2023-11-15,CUST1816,Tamara Riddle,,North,United States,Sports & Outdoors,Water Bottle,1.0,14.11,0.15,3.24,Gift Card,Cancelled,2021-04-12,False
ORD-12286,2024-07-14,CUST1633,Robert Reese,robert.reese14@gmail.com,North,United States,Home & Kitchen,LED Desk Lamp,4.0,55.33,0.0,24.76,Gift Card,Cancelled,2022-08-02,False
ORD-10077,2024-07-30,CUST1172,Joshua Cooke,joshua.cooke90@outlook.com,West,United States,Beauty,Sunscreen SPF50,1.0,23.08,0.0,20.92,Debit Card,Delivered,2021-02-14,False
ORD-10769,2024-04-03,CUST1526,Todd Moore,todd.moore72@yahoo.com,North,United States,Beauty,Shampoo Set,5.0,39.24,0.05,24.28,Gift Card,Returned,2021-07-13,False
ORD-12471,2023-03-26,CUST1048,Joshua Blair,joshua.blair83@outlook.com,North,Canada,Electronics,Smartwatch,6.0,48.99,0.2,24.64,Paypal,Delivered,2023-07-26,True
ORD-10810,2024-03-30,CUST1479,Kaylee Hays,kaylee.hays10@yahoo.com,Central,Mexico,Apparel,Cotton T-Shirt,2.0,57.77,0.0,23.54,Debit Card,Cancelled,2024-04-30,True
ORD-12478,2023-06-29,CUST1174,Nicole Herring,nicole.herring30@outlook.com,South,Canada,Sports & Outdoors,Water Bottle,2.0,137.7,0.0,8.63,Debit Card,Shipped,2022-03-25,False
ORD-12878,2024-03-04,CUST1098,Jessica Smith,,South,Canada,Beauty,Lipstick,2.0,35.16,0.0,22.71,Gift Card,Delivered,2021-03-05,False
ORD-10585,2023-08-26,CUST1719,Jeffrey Roberson,,West,Canada,Sports & Outdoors,Camping Tent,5.0,45.26,0.1,11.97,Debit Card,Shipped,2024-04-06,True
ORD-12565,2024-09-12,CUST1098,Jessica Smith,,South,Canada,Electronics,Bluetooth Speaker,3.0,214.29,0.05,13.25,Debit Card,Shipped,2021-03-05,False
ORD-12810,2023-05-24,CUST1306,Edward Burgess,edward.burgess88@hotmail.com,North,Mexico,Electronics,USB-C Cable,6.0,61.51,0.25,0.2,Paypal,Shipped,2022-09-02,False
ORD-10811,2024-02-15,CUST1258,Denise Davenport,denise.davenport4@hotmail.com,Central,United States,Beauty,Shampoo Set,3.0,15.49,0.0,12.65,Debit Card,Delivered,2021-04-20,False
ORD-11726,2023-03-29,CUST1570,Ashley Smith,ashley.smith85@outlook.com,Central,United States,Toys,Board Game,6.0,38.8,0.0,1.97,Credit Card,Pending,2021-07-06,False
ORD-11705,2023-03-26,CUST1082,Michael Evans,michael.evans7@yahoo.com,South,United States,Toys,Board Game,2.0,23.29,0.0,1.71,Debit Card,Delivered,2021-09-06,False
ORD-10790,2023-08-17,CUST1512,Allison Spencer,allison.spencer70@yahoo.com,West,Canada,Home & Kitchen,Throw Blanket,5.0,76.73,0.0,20.85,Paypal,Shipped,2021-11-05,False
ORD-12427,2023-08-01,CUST1505,Jodi Roach,,North,United States,Apparel,Wool Sweater,3.0,80.58,0.0,23.84,Debit Card,Pending,2021-01-26,False
ORD-10471,2023-12-07,CUST1515,Kelly Hammond Dvm,dr..dvm19@outlook.com,South,Canada,Beauty,Sunscreen SPF50,2.0,43.99,0.25,1.68,Gift Card,Cancelled,2021-07-10,False
ORD-10134,2024-11-26,CUST1433,Chad Jones,chad.jones69@gmail.com,East,United States,Electronics,Wireless Earbuds,5.0,143.81,0.05,7.72,Credit Card,Shipped,2021-08-12,False
ORD-10499,2024-09-01,CUST1402,Mary Thompson,mary.thompson11@gmail.com,West,United States,Electronics,USB-C Cable,2.0,243.3,0.0,2.12,Debit Card,Shipped,2021-07-11,False
ORD-12380,2024-03-17,CUST1072,Brittney Phillips,brittney.phillips53@outlook.com,East,Canada,Electronics,Laptop Stand,1.0,31.68,0.0,18.28,Credit Card,Cancelled,2023-04-05,False
ORD-13087,2024-02-12,CUST1728,Aaron Parker,aaron.parker82@outlook.com,Central,Canada,Toys,RC Car,6.0,50.03,0.1,6.43,Credit Card,Pending,2022-06-24,False
ORD-11540,2024-09-21,CUST1533,Michael Evans,dr..evans36@outlook.com,North,Canada,Electronics,Webcam,3.0,130.59,0.0,7.5,Gift Card,Shipped,2023-07-03,False
ORD-12580,2024-03-12,CUST1419,Jake Campbell,jake.campbell18@outlook.com,West,United States,Toys,Puzzle 1000PC,1.0,63.52,0.2,11.97,Paypal,Shipped,2022-09-09,False
ORD-11663,,CUST1598,Kimberly Sharp,kimberly.sharp27@outlook.com,Central,Canada,Electronics,Webcam,4.0,75.69,0.1,7.58,Debit Card,Returned,2024-08-27,False
ORD-13109,2023-07-20,CUST1622,Kaitlin Medina,kaitlin.medina97@yahoo.com,North,Mexico,Toys,Action Figure,5.0,17.33,0.0,16.21,Credit Card,Cancelled,2021-02-06,False
ORD-12484,2023-12-13,CUST1720,Randy Friedman,randy.friedman5@outlook.com,West,Mexico,Toys,Action Figure,2.0,8.95,0.1,11.97,Gift Card,Cancelled,2024-01-19,True
ORD-11989,2023-11-01,CUST1263,Diane Evans,diane.evans55@gmail.com,East,Canada,Home & Kitchen,LED Desk Lamp,2.0,131.82,0.05,13.89,Gift Card,Pending,2022-08-14,False
ORD-11103,2024-01-19,CUST1636,Timothy Johnson,timothy.johnson43@yahoo.com,North,Canada,Electronics,USB-C Cable,4.0,92.7,0.0,5.87,Paypal,Shipped,2021-01-06,False
ORD-11203,2023-10-30,CUST1198,Adam Vaughan,adam.vaughan85@outlook.com,North,Canada,Apparel,Wool Sweater,2.0,69.5,0.2,4.26,Credit Card,Delivered,2023-07-28,False
ORD-12338,2024-05-14,CUST1360,Parker Cain,parker.cain26@yahoo.com,Central,United States,Sports & Outdoors,Camping Tent,5.0,71.5858,0.05,21.83,Debit Card,Returned,2021-03-12,False
ORD-10958,2024-05-05,CUST1070,Jordan Henderson,jordan.henderson69@yahoo.com,North,Mexico,Apparel,Denim Jacket,1.0,72.84,0.15,7.54,Gift Card,Shipped,2023-01-16,False
ORD-12652,2024-05-15,CUST1438,Rhonda Martin,rhonda.martin11@gmail.com,East,United States,Home & Kitchen,Coffee Maker,4.0,16.41,0.25,5.47,Credit Card,Cancelled,2021-10-18,False
ORD-11535,2024-12-26,CUST1456,Dustin Gallegos,dustin.gallegos57@hotmail.com,Central,Canada,Sports & Outdoors,Hiking Backpack,5.0,58.29,0.0,4.89,Debit Card,Shipped,2021-12-09,False
ORD-12168,2023-02-03,CUST1357,Jeffery Ortega,jeffery.ortega48@hotmail.com,Central,Mexico,Electronics,Webcam,3.0,123.69,0.05,8.53,Credit Card,Returned,2024-01-30,True
ORD-10541,2023-01-04,CUST1621,Lisa Perry,,East,Canada,Beauty,Lipstick,6.0,18.04,0.0,11.34,Debit Card,Pending,2023-12-30,True
ORD-11150,2024-11-11,CUST1666,David Harris,david.harris75@hotmail.com,Central,United States,Apparel,Baseball Cap,2.0,13.35,0.2,1.23,Paypal,Returned,2023-11-08,False
ORD-12231,2023-05-02,CUST1639,Janet Kane Dvm,janet.dvm7@gmail.com,East,United States,Apparel,Denim Jacket,1.0,52.55,0.15,21.7,Paypal,Shipped,2021-12-24,False
ORD-12668,2024-02-27,CUST1384,Aimee Turner,aimee.turner28@hotmail.com,East,Canada,Electronics,Smartwatch,4.0,112.91,0.15,0.1,Gift Card,Returned,2022-04-03,False
ORD-11488,2023-05-12,CUST1421,Maria Jones,maria.jones10@outlook.com,West,Canada,Beauty,Shampoo Set,3.0,54.09479999999999,0.25,4.98,Credit Card,Cancelled,2022-05-31,False
ORD-11324,2023-07-17,CUST1404,Joann Glass,joann.glass43@gmail.com,South,United States,Home & Kitchen,Air Fryer,1.0,68.53,0.0,19.02,Debit Card,Returned,2023-12-18,True
ORD-11666,2023-12-25,CUST1450,Brittany Kim,brittany.kim16@yahoo.com,South,United States,Beauty,Face Moisturizer,2.0,24.01,0.05,8.08,Debit Card,Delivered,2022-09-18,False
ORD-11511,2023-09-28,CUST1407,Jeremy Turner,jeremy.turner97@hotmail.com,South,Canada,Sports & Outdoors,Water Bottle,3.0,68.54,0.0,14.7,Gift Card,Cancelled,2021-07-06,False
ORD-12025,2023-10-05,CUST1732,Kyle Nguyen,kyle.nguyen36@yahoo.com,South,United States,Electronics,Laptop Stand,1.0,165.87,0.0,18.5,Gift Card,Shipped,2021-11-04,False
ORD-10899,2024-01-04,CUST1571,Christian Vaughn,christian.vaughn49@outlook.com,North,United States,Sports & Outdoors,Camping Tent,5.0,58.06,0.2,5.71,Debit Card,Cancelled,2022-01-18,False
ORD-12582,2024-03-14,CUST1692,Crystal Mann,crystal.mann37@gmail.com,Central,Canada,Apparel,Denim Jacket,4.0,13.08,0.15,23.9,Debit Card,Shipped,2023-11-25,False
ORD-10380,2023-02-11,CUST1796,Tracey Wagner,tracey.wagner52@gmail.com,East,United States,Apparel,Running Shoes,6.0,79.3,0.0,18.23,Credit Card,Pending,2021-06-12,False
ORD-12274,2024-09-04,CUST1405,Madison Weber,madison.weber89@hotmail.com,North,Mexico,Toys,Building Blocks Set,6.0,46.22,0.2,17.03,Credit Card,Pending,2022-07-10,False
ORD-12589,2024-05-07,CUST1364,Tracy Burke,tracy.burke10@gmail.com,North,Canada,Beauty,Hair Dryer,3.0,25.74,0.05,4.92,Credit Card,Cancelled,2023-05-18,False
ORD-10155,2024-10-02,CUST1626,Amy Kelley,amy.kelley63@outlook.com,West,Canada,Apparel,Cotton T-Shirt,6.0,88.3,0.25,20.42,Debit Card,Returned,2022-01-21,False
ORD-10631,2023-06-08,CUST1179,Robert Oconnell,robert.oconnell15@hotmail.com,South,Mexico,Beauty,Sunscreen SPF50,4.0,42.95,0.0,1.74,Debit Card,Delivered,2021-06-04,False
ORD-10648,2023-06-04,CUST1017,Derek Zuniga,derek.zuniga18@hotmail.com,North,United States,Electronics,Wireless Earbuds,5.0,165.37,0.0,19.06,Debit Card,Pending,2021-07-06,False
ORD-11418,2024-11-09,CUST1623,Colleen Wright,colleen.wright29@outlook.com,North,United States,Sports & Outdoors,Camping Tent,6.0,22.08,0.15,11.7,Paypal,Delivered,2022-10-02,False
ORD-10518,2023-09-30,CUST1551,Angel Gordon,angel.gordon72@outlook.com,Central,United States,Beauty,Sunscreen SPF50,2.0,37.64,0.0,4.45,Credit Card,Pending,2022-04-03,False
ORD-10333,2023-09-03,CUST1233,Laura Roberts,laura.roberts73@outlook.com,South,United States,Home & Kitchen,Non-Stick Pan Set,3.0,123.75,0.25,5.11,Gift Card,Shipped,2024-08-07,True
ORD-11427,2024-03-25,CUST1607,David Lopez,,East,United States,Beauty,Sunscreen SPF50,5.0,31.4,0.05,18.43,Gift Card,Pending,2023-10-16,False
ORD-10366,2024-05-16,CUST1681,Justin Walker,justin.walker78@yahoo.com,West,United States,Electronics,USB-C Cable,3.0,56.48,0.0,0.34,Credit Card,Pending,2022-01-02,False
ORD-11244,2024-03-14,CUST1700,Joseph Ochoa,joseph.ochoa52@hotmail.com,West,Mexico,Toys,Building Blocks Set,3.0,51.12,0.2,6.69,Debit Card,Shipped,2022-10-10,False
ORD-10678,2023-12-23,CUST1717,Brenda Hinton,brenda.hinton11@outlook.com,South,United States,Beauty,Shampoo Set,3.0,13.58,0.0,0.2,Credit Card,Delivered,2021-10-14,False
ORD-10014,2023-06-13,CUST1810,Carol Taylor,carol.taylor38@yahoo.com,East,United States,Home & Kitchen,Coffee Maker,6.0,132.49,0.1,12.69,Paypal,Pending,2021-01-15,False
ORD-12620,2023-11-03,CUST1522,Hannah Everett,hannah.everett99@yahoo.com,West,United States,Sports & Outdoors,Camping Tent,5.0,110.52,0.0,23.17,Paypal,Returned,2023-07-15,False
ORD-10611,2023-09-15,CUST1050,Jessica Holmes,jessica.holmes45@gmail.com,East,United States,Beauty,Hair Dryer,3.0,54.32,0.1,18.11,Credit Card,Cancelled,2022-05-16,False
ORD-11357,2024-07-08,CUST1190,Debra Morton,debra.morton59@gmail.com,Central,Canada,Beauty,Lipstick,1.0,53.5,0.05,13.53,Credit Card,Shipped,2024-09-19,True
ORD-11251,2024-12-29,CUST1537,Bianca Wood,bianca.wood46@hotmail.com,East,Canada,Toys,RC Car,4.0,37.8,0.25,14.62,Credit Card,Pending,2024-01-21,False
ORD-12519,2024-05-18,CUST1108,Evelyn Galvan,evelyn.galvan94@outlook.com,North,United States,Apparel,Denim Jacket,6.0,44.43,0.0,5.43,Paypal,Returned,2022-10-23,False
ORD-10260,2023-07-11,CUST1269,Patrick Thornton,patrick.thornton48@outlook.com,North,United States,Toys,Board Game,6.0,11.43,0.15,12.19,Debit Card,Returned,2021-03-02,False
ORD-12506,2023-02-07,CUST1812,Douglas Ryan,douglas.ryan50@hotmail.com,North,United States,Home & Kitchen,Throw Blanket,2.0,103.13,0.0,20.4,Credit Card,Shipped,2022-03-28,False
ORD-10966,2024-04-16,CUST1795,Adam Taylor,adam.taylor19@yahoo.com,West,Mexico,Home & Kitchen,Coffee Maker,4.0,77.93,0.0,2.95,Debit Card,Pending,2024-04-08,False
ORD-10412,2024-01-24,CUST1575,Kelly Edwards,kelly.edwards69@hotmail.com,West,United States,Apparel,Baseball Cap,1.0,78.39,0.0,3.02,Gift Card,Delivered,2024-03-18,True
ORD-10278,2024-05-14,CUST1106,Sharon Cherry,sharon.cherry63@gmail.com,West,Mexico,Electronics,Wireless Earbuds,6.0,155.78,0.2,1.0,Gift Card,Shipped,2023-07-06,False
ORD-11986,2023-11-11,CUST1042,Sherry Decker,sherry.decker8@outlook.com,Central,United States,Sports & Outdoors,Hiking Backpack,5.0,149.9,0.2,6.46,Debit Card,Cancelled,2021-04-28,False
ORD-10801,2023-11-27,CUST1602,Tammy Mcdowell,tammy.mcdowell80@hotmail.com,North,Canada,Toys,Board Game,1.0,52.0,0.0,24.95,Gift Card,Delivered,2024-04-12,True
ORD-12171,2024-12-14,CUST1738,David Wright,mr..wright61@hotmail.com,West,Canada,Beauty,Sunscreen SPF50,5.0,23.57,0.15,4.15,Debit Card,Delivered,2021-12-16,False
ORD-10954,2024-08-02,CUST1233,Laura Roberts,laura.roberts73@outlook.com,South,United States,Toys,Building Blocks Set,5.0,29.32,0.1,9.04,Gift Card,Returned,2024-08-07,True
ORD-10649,2023-05-02,CUST1778,Allen Mendez,allen.mendez98@outlook.com,Central,United States,Apparel,Wool Sweater,3.0,81.48,0.05,7.9,Gift Card,Returned,2023-03-26,False
ORD-11186,2024-10-19,CUST1177,Michael Wang,michael.wang23@yahoo.com,East,Canada,Toys,RC Car,2.0,22.01,0.0,11.92,Debit Card,Pending,2021-09-28,False
ORD-12975,2023-08-12,CUST1764,Jorge Stone,jorge.stone93@outlook.com,South,Canada,Toys,Puzzle 1000PC,5.0,8.49,0.2,17.44,Paypal,Returned,2022-12-13,False
ORD-11134,2023-04-23,CUST1563,Veronica Silva,veronica.silva91@gmail.com,South,Canada,Sports & Outdoors,Camping Tent,4.0,72.13,0.2,14.48,Credit Card,Pending,2023-06-03,True
ORD-11231,2023-07-20,CUST1042,Sherry Decker,sherry.decker8@outlook.com,Central,United States,Home & Kitchen,LED Desk Lamp,6.0,114.46,0.0,12.06,Debit Card,Returned,2021-04-28,False
ORD-10740,,CUST1406,Lori Hernandez,lori.hernandez70@gmail.com,North,United States,Home & Kitchen,LED Desk Lamp,2.0,99.23,0.0,17.07,Debit Card,Cancelled,2022-03-01,False
ORD-12690,2024-01-24,CUST1526,Todd Moore,todd.moore72@yahoo.com,North,United States,Electronics,Wireless Earbuds,4.0,176.51,0.0,2.16,Paypal,Cancelled,2021-07-13,False
ORD-11152,2023-12-27,CUST1387,James Padilla,james.padilla40@outlook.com,West,United States,Beauty,Hair Dryer,2.0,46.11,0.15,0.44,Credit Card,Returned,2023-01-07,False
ORD-11476,2023-06-19,CUST1261,Desiree Tyler,desiree.tyler61@yahoo.com,Central,Canada,Home & Kitchen,LED Desk Lamp,2.0,98.09,0.2,21.12,Debit Card,Shipped,2023-08-19,True
ORD-10019,2024-10-04,CUST1036,Sherri Baker,sherri.baker55@yahoo.com,South,Canada,Sports & Outdoors,Yoga Mat,3.0,84.31,0.0,8.48,Gift Card,Shipped,2022-07-25,False
ORD-11806,2023-10-17,CUST1726,Christian Dawson,christian.dawson67@outlook.com,West,Canada,Electronics,Smartwatch,1.0,25.46,0.0,10.73,Debit Card,Pending,2023-03-06,False
ORD-12930,2024-08-01,CUST1631,Joyce Brown,joyce.brown61@yahoo.com,North,United States,Sports & Outdoors,Camping Tent,5.0,53.97,0.15,20.38,Paypal,Delivered,2022-02-25,False
ORD-12572,2023-08-31,CUST1677,Joseph Howard,joseph.howard95@yahoo.com,West,United States,Toys,Building Blocks Set,2.0,66.45,0.0,23.48,Credit Card,Shipped,2024-08-18,True
ORD-10196,2023-02-24,CUST1124,Helen Jones,helen.jones74@gmail.com,Central,United States,Apparel,Denim Jacket,1.0,34.87,0.25,5.11,Gift Card,Shipped,2021-11-07,False
ORD-11405,2024-12-12,CUST1551,Angel Gordon,angel.gordon72@outlook.com,Central,United States,Toys,Building Blocks Set,6.0,48.35,0.0,0.42,Paypal,Pending,2022-04-03,False
ORD-11028,2024-05-18,CUST1343,Nichole Alvarez,nichole.alvarez61@hotmail.com,East,United States,Apparel,Running Shoes,6.0,79.29,0.1,20.64,Credit Card,Shipped,2024-08-25,True
ORD-12398,2024-06-21,CUST1241,Matthew Moon,matthew.moon47@outlook.com,West,United States,Home & Kitchen,Air Fryer,5.0,122.03,0.25,15.76,Paypal,Delivered,2022-08-03,False
ORD-10689,2023-06-10,CUST1220,Courtney Mills,courtney.mills40@gmail.com,Central,Canada,Electronics,Bluetooth Speaker,2.0,30.37,0.25,1.45,Credit Card,Shipped,2022-03-28,False
ORD-12922,2024-05-23,CUST1114,Garrett Lin,garrett.lin12@outlook.com,South,United States,Sports & Outdoors,Yoga Mat,2.0,119.21,0.1,24.04,Debit Card,Pending,2022-03-30,False
ORD-12693,2023-04-26,CUST1513,Robert Arnold,robert.arnold45@gmail.com,West,Mexico,Beauty,Lipstick,5.0,38.37,0.05,9.93,Paypal,Shipped,2022-11-18,False
ORD-10337,,CUST1247,Frank Cordova,frank.cordova55@outlook.com,East,United States,Beauty,Sunscreen SPF50,5.0,29.34,0.0,5.13,Gift Card,Shipped,2021-07-02,False
ORD-11586,2023-06-21,CUST1461,Eric Williams,eric.williams45@gmail.com,South,United States,Beauty,Shampoo Set,6.0,25.77,0.0,7.63,Paypal,Returned,2023-06-19,False
ORD-12391,2024-02-18,CUST1750,Krista Benton,krista.benton20@hotmail.com,East,United States,Beauty,Lipstick,2.0,27.85,0.0,20.95,Credit Card,Shipped,2024-08-27,True
ORD-12385,2023-09-26,CUST1380,Karla Ramos,karla.ramos72@yahoo.com,East,United States,Electronics,Laptop Stand,5.0,32.92,0.1,0.81,Credit Card,Returned,2023-03-07,False
ORD-10768,2024-11-19,CUST1105,Marc Moore,marc.moore48@gmail.com,East,Canada,Toys,Puzzle 1000PC,4.0,33.64,0.0,5.09,Paypal,Shipped,2023-11-03,False
ORD-10540,2023-09-28,CUST1138,David Alvarez,david.alvarez74@gmail.com,Central,Mexico,Beauty,Lipstick,1.0,36.85,0.0,12.13,Gift Card,Returned,2021-12-25,False
ORD-11256,2023-08-09,CUST1637,Randy Cannon,randy.cannon86@hotmail.com,Central,Canada,Sports & Outdoors,Hiking Backpack,1.0,50.15,0.0,11.22,Paypal,Returned,2021-11-02,False
ORD-10868,2023-05-30,CUST1553,Barbara Hester,barbara.hester51@gmail.com,East,Canada,Beauty,Hair Dryer,5.0,26.78,0.0,14.68,Paypal,Returned,2022-01-08,False
ORD-12599,2023-03-31,CUST1467,William Jones,william.jones87@hotmail.com,Central,Mexico,Toys,Board Game,1.0,21.74,0.0,9.06,Credit Card,Cancelled,2023-09-30,True
ORD-11050,2024-06-28,CUST1139,Angel Perry,angel.perry36@yahoo.com,West,Canada,Toys,Action Figure,4.0,35.43,0.1,5.25,Paypal,Cancelled,2024-04-13,False
ORD-13038,2024-05-10,CUST1262,Timothy Romero,timothy.romero3@outlook.com,Central,Mexico,Electronics,Wireless Earbuds,3.0,73.69,0.1,9.96,Credit Card,Pending,2022-03-18,False
ORD-11600,2023-05-10,CUST1523,Sarah King,sarah.king12@yahoo.com,Central,Canada,Sports & Outdoors,Water Bottle,3.0,113.33,0.15,12.54,Credit Card,Cancelled,2022-09-16,False
ORD-10088,2024-02-28,CUST1806,Zachary Cole,zachary.cole82@outlook.com,Central,United States,Electronics,Bluetooth Speaker,4.0,131.21,0.1,1.45,Paypal,Pending,2022-12-13,False
ORD-10286,2024-12-02,CUST1096,Aaron Wise,aaron.wise44@hotmail.com,East,Canada,Apparel,Denim Jacket,2.0,38.41,0.05,18.8,Paypal,Shipped,2022-07-24,False
ORD-12448,2023-03-29,CUST1282,Jessica Garcia,jessica.garcia8@gmail.com,East,Canada,Beauty,Shampoo Set,3.0,8.02,0.15,24.27,Gift Card,Delivered,2024-07-29,True
ORD-12919,2024-03-24,CUST1476,Robin Brown,robin.brown36@gmail.com,East,Canada,Electronics,Webcam,1.0,122.26,0.0,3.62,Gift Card,Pending,2024-02-09,False
ORD-12903,2024-12-18,CUST1571,Christian Vaughn,christian.vaughn49@outlook.com,North,United States,Electronics,Webcam,3.0,65.12,0.25,15.59,Gift Card,Delivered,2022-01-18,False
ORD-12936,2024-01-15,CUST1528,Kristy Bryan,kristy.bryan83@gmail.com,East,Canada,Toys,RC Car,1.0,62.77,0.0,22.12,Gift Card,Pending,2024-04-07,True
ORD-12346,2024-06-26,CUST1289,Briana Murray,briana.murray28@outlook.com,North,United States,Apparel,Baseball Cap,4.0,30.94,0.0,8.42,Debit Card,Returned,2023-10-03,False
ORD-12646,2023-08-14,CUST1415,Antonio Garcia,antonio.garcia12@yahoo.com,Central,Canada,Home & Kitchen,Non-Stick Pan Set,4.0,104.82,0.25,8.42,Paypal,Cancelled,2023-06-02,False
ORD-12524,2024-02-08,CUST1175,Alex Hernandez,alex.hernandez97@yahoo.com,North,United States,Apparel,Running Shoes,2.0,47.57,0.0,23.26,Debit Card,Shipped,2024-07-10,True
ORD-12772,2024-04-25,CUST1263,Diane Evans,diane.evans55@gmail.com,East,Canada,Beauty,Shampoo Set,3.0,36.48,0.1,6.61,Paypal,Shipped,2022-08-14,False
ORD-10526,2023-11-30,CUST1398,Ashley Hicks,,East,Canada,Apparel,Denim Jacket,1.0,35.0,0.25,18.53,Gift Card,Cancelled,2022-07-17,False
ORD-10312,2023-07-12,CUST1549,Pamela Diaz,pamela.diaz85@hotmail.com,East,United States,Toys,Action Figure,2.0,8.68,0.0,10.54,Paypal,Cancelled,2024-04-15,True
ORD-11331,2024-03-12,CUST1055,Michael Lewis,michael@gmail.com,North,Canada,Electronics,Smartwatch,6.0,217.83,0.1,10.23,Gift Card,Shipped,2023-05-18,False
ORD-10395,2023-09-27,CUST1406,Lori Hernandez,lori.hernandez70@gmail.com,North,United States,Apparel,Denim Jacket,5.0,35.14,0.1,22.48,Debit Card,Delivered,2022-03-01,False
ORD-12050,2024-06-30,CUST1717,Brenda Hinton,brenda.hinton11@outlook.com,South,United States,Apparel,Running Shoes,3.0,80.56,0.25,21.07,Paypal,Delivered,2021-10-14,False
ORD-10455,2024-09-08,CUST1765,Laura Griffin,laura.griffin59@hotmail.com,East,United States,Home & Kitchen,LED Desk Lamp,5.0,37.73,0.15,9.16,Debit Card,Shipped,2024-03-23,False
ORD-12954,2023-04-03,CUST1238,Sara Johnston,sara.johnston74@yahoo.com,West,Canada,Sports & Outdoors,Camping Tent,4.0,49.14,0.15,15.61,Credit Card,Delivered,2022-10-21,False
ORD-12443,2023-07-03,CUST1168,Joel Williams,joel.williams2@hotmail.com,Central,United States,Apparel,Baseball Cap,2.0,56.79,0.1,24.12,Debit Card,Returned,2022-08-13,False
ORD-11578,2023-08-16,CUST1014,Dylan Miller,dylan.miller28@outlook.com,West,United States,Electronics,Wireless Earbuds,1.0,124.89,0.2,13.8,Gift Card,Cancelled,2022-03-12,False
ORD-10892,2024-03-08,CUST1806,Zachary Cole,zachary.cole82@outlook.com,Central,United States,Electronics,USB-C Cable,4.0,147.51,0.25,0.76,Paypal,Delivered,2022-12-13,False
ORD-10086,2023-08-18,CUST1116,William Herrera,william.herrera71@outlook.com,West,United States,Electronics,Smartwatch,4.0,226.15,0.05,15.24,Credit Card,Delivered,2022-12-22,False
ORD-12131,2023-05-15,CUST1730,Jerry Peters,jerry.peters29@hotmail.com,West,United States,Home & Kitchen,Air Fryer,3.0,79.44,0.2,10.44,Paypal,Returned,2022-12-24,False
ORD-10158,2023-05-07,CUST1556,Kathryn Williams,kathryn.williams12@outlook.com,East,United States,Electronics,USB-C Cable,6.0,52.62,0.05,24.77,Debit Card,Returned,2023-07-04,True
ORD-10725,2024-08-27,CUST1501,Brian Fitzgerald,brian.fitzgerald35@gmail.com,West,United States,Toys,RC Car,1.0,14.82,0.15,0.58,Debit Card,Delivered,2021-02-03,False
ORD-11756,2023-10-18,CUST1608,Rachel Bradley,rachel.bradley95@gmail.com,Central,United States,Electronics,USB-C Cable,2.0,154.9082,0.1,9.62,Credit Card,Delivered,2024-04-09,True
ORD-10907,2023-08-18,CUST1724,Mary Miller,mary.miller73@yahoo.com,North,United States,Beauty,Shampoo Set,4.0,34.06,0.0,20.61,Credit Card,Shipped,2023-09-18,True
ORD-10045,2023-06-15,CUST1092,Denise Jacobs,denise.jacobs63@yahoo.com,West,Canada,Sports & Outdoors,Camping Tent,1.0,61.86,0.25,11.97,Gift Card,Shipped,2022-07-13,False
ORD-10393,2023-03-25,CUST1781,Amy Garcia,amy.garcia2@gmail.com,Central,Canada,Electronics,USB-C Cable,4.0,141.4,0.0,4.9,Gift Card,Pending,2022-03-08,False
ORD-10303,2024-03-10,CUST1384,Aimee Turner,aimee.turner28@hotmail.com,East,Canada,Toys,Action Figure,5.0,57.94,0.0,19.05,Debit Card,Cancelled,2022-04-03,False
ORD-12313,2023-06-29,CUST1600,Casey Gillespie,casey.gillespie29@outlook.com,East,United States,Toys,RC Car,2.0,62.13,0.15,2.95,Paypal,Cancelled,2024-05-30,True
ORD-11839,,CUST1241,Matthew Moon,matthew.moon47@outlook.com,West,United States,Sports & Outdoors,Hiking Backpack,1.0,92.22,0.0,5.85,Paypal,Pending,2022-08-03,False
ORD-10335,2024-03-13,CUST1581,Daniel Bush,daniel.bush36@hotmail.com,Central,Canada,Sports & Outdoors,Water Bottle,5.0,122.18,0.0,18.58,Gift Card,Delivered,2021-01-26,False
ORD-10582,2023-10-06,CUST1035,Jeffrey Chavez,jeffrey.chavez44@gmail.com,South,Canada,Electronics,Bluetooth Speaker,1.0,102.23,0.15,19.91,Credit Card,Pending,2022-05-25,False
ORD-10968,2024-07-19,CUST1434,Ashley Wise,ashley.wise6@hotmail.com,North,Canada,Sports & Outdoors,Yoga Mat,4.0,76.4,0.25,5.31,Debit Card,Returned,2022-11-11,False
ORD-10765,2023-11-18,CUST1513,Robert Arnold,robert.arnold45@gmail.com,West,Mexico,Beauty,Sunscreen SPF50,5.0,21.85,0.25,0.0,Gift Card,Shipped,2022-11-18,False
ORD-11571,2024-12-21,CUST1820,Debra Perry,debra.perry43@gmail.com,East,United States,Sports & Outdoors,Water Bottle,3.0,17.5,0.2,24.44,Gift Card,Pending,2021-10-27,False
ORD-11184,2021-05-14,CUST1033,Nathan Maldonado,nathan.maldonado53@yahoo.com,West,United States,Toys,Board Game,3.0,48.95,0.1,24.85,Paypal,Shipped,2021-07-13,True
ORD-10690,2024-11-24,CUST1149,Stephanie Manning,stephanie.manning38@outlook.com,West,United States,Home & Kitchen,Air Fryer,6.0,117.57,0.0,2.07,Gift Card,Pending,2023-05-01,False
ORD-12543,2023-07-21,CUST1385,Chad Scott,chad.scott25@gmail.com,Central,Mexico,Home & Kitchen,Air Fryer,6.0,177.64,0.25,5.07,Credit Card,Pending,2023-09-08,True
ORD-10028,2023-03-28,CUST1673,Timothy Hayden,timothy.hayden86@hotmail.com,West,Canada,Toys,Action Figure,5.0,19.52,0.25,23.16,Paypal,Delivered,2023-12-30,True
ORD-10123,2023-02-08,CUST1206,Bryan Herrera,bryan@gmail.com,West,Canada,Toys,RC Car,1.0,48.18,0.15,13.48,Debit Card,Cancelled,2021-06-24,False
ORD-12372,2023-03-10,CUST1159,Jamie Smith,jamie.smith34@outlook.com,West,Mexico,Electronics,USB-C Cable,3.0,23.34,0.1,15.64,Paypal,Shipped,2024-06-30,True
ORD-10753,2023-10-29,CUST1287,Carolyn Miller,carolyn.miller84@outlook.com,North,Mexico,Toys,Puzzle 1000PC,4.0,67.04,0.25,22.56,Paypal,Shipped,2022-05-27,False
ORD-11537,2024-12-04,CUST1640,Michael Stanley,michael.stanley41@hotmail.com,North,Canada,Toys,Building Blocks Set,6.0,17.9,0.1,24.04,Credit Card,Pending,2021-08-26,False
ORD-12877,2024-02-07,CUST1111,Shannon Walker,shannon.walker34@outlook.com,East,Canada,Apparel,Baseball Cap,6.0,44.25,0.0,12.42,Gift Card,Pending,2022-07-27,False
ORD-11117,2023-03-13,CUST1210,Christopher Smith,christopher.smith65@yahoo.com,West,United States,Toys,Board Game,6.0,8.88,0.05,7.42,Gift Card,Cancelled,2021-11-13,False
ORD-10702,2024-03-05,CUST1105,Marc Moore,marc.moore48@gmail.com,East,Canada,Apparel,Baseball Cap,4.0,18.25,0.0,15.2,Debit Card,Delivered,2023-11-03,False
ORD-12510,2023-09-30,CUST1205,David Martinez,david.martinez86@outlook.com,West,Canada,Home & Kitchen,Air Fryer,1.0,17.16,0.0,20.71,Credit Card,Shipped,2023-02-06,False
ORD-12915,2023-09-08,CUST1744,Travis Harris,travis.harris17@gmail.com,Central,United States,Apparel,Cotton T-Shirt,4.0,15.03,0.0,5.39,Debit Card,Delivered,2024-08-22,True
ORD-10855,2023-11-25,CUST1024,Matthew Foster,matthew.foster3@gmail.com,South,Canada,Home & Kitchen,LED Desk Lamp,5.0,24.2,0.1,14.43,Debit Card,Returned,2023-01-14,False
ORD-11541,2023-12-06,CUST1570,Ashley Smith,ashley.smith85@outlook.com,Central,United States,Toys,Puzzle 1000PC,1.0,35.69,0.25,11.66,Debit Card,Cancelled,2021-07-06,False
ORD-11274,2023-02-24,CUST1642,Joshua Rice,joshua.rice94@gmail.com,South,Canada,Sports & Outdoors,Camping Tent,2.0,38.61,0.0,15.16,Paypal,Shipped,2023-03-02,True
ORD-10719,2024-06-22,CUST1663,Samuel Turner,samuel.turner51@yahoo.com,East,Canada,Electronics,Webcam,4.0,158.8,0.05,16.06,Debit Card,Cancelled,2023-07-26,False
ORD-13059,2023-11-21,CUST1728,Aaron Parker,aaron.parker82@outlook.com,Central,Canada,Beauty,Face Moisturizer,2.0,12.14,0.0,2.27,Gift Card,Returned,2022-06-24,False
ORD-10273,2024-04-13,CUST1556,Kathryn Williams,kathryn.williams12@outlook.com,East,United States,Home & Kitchen,Throw Blanket,5.0,28.69,0.1,4.97,Paypal,Shipped,2023-07-04,False
ORD-12818,2024-03-18,CUST1373,Sergio Knight,sergio.knight70@yahoo.com,Central,United States,Toys,Puzzle 1000PC,4.0,41.48,0.0,2.93,Credit Card,Returned,2021-04-26,False
ORD-10279,2024-03-18,CUST1408,Anthony Romero,anthony.romero50@outlook.com,South,Mexico,Electronics,Wireless Earbuds,3.0,87.22,0.0,1.19,Gift Card,Returned,2023-02-26,False
ORD-12480,2024-04-07,CUST1485,Jonathan Glass Md,jonathan.md76@hotmail.com,East,United States,Toys,Action Figure,5.0,69.82,0.15,14.52,Credit Card,Returned,2022-12-21,False
ORD-10285,2024-02-21,CUST1583,Denise Martinez,denise.martinez98@gmail.com,North,United States,Home & Kitchen,LED Desk Lamp,2.0,111.93,0.0,18.97,Debit Card,Delivered,2021-08-05,False
ORD-13046,2023-11-18,CUST1606,Brian Martin,brian.martin77@hotmail.com,South,Mexico,Home & Kitchen,Air Fryer,2.0,88.7297,0.15,21.01,Credit Card,Returned,2024-09-14,True
ORD-12767,2023-12-14,CUST1197,Spencer Haynes,spencer.haynes14@hotmail.com,Central,Canada,Sports & Outdoors,Resistance Bands,1.0,139.66,0.2,22.5,Credit Card,Delivered,2023-10-29,False
ORD-11057,2024-11-26,CUST1262,Timothy Romero,timothy.romero3@outlook.com,Central,Mexico,Beauty,Sunscreen SPF50,2.0,40.51,0.0,11.19,Debit Card,Shipped,2022-03-18,False
ORD-12517,2024-10-18,CUST1101,Cameron Parker,cameron.parker92@gmail.com,North,Canada,Sports & Outdoors,Hiking Backpack,2.0,112.6,0.0,17.16,Credit Card,Returned,2021-02-12,False
ORD-10435,2023-04-26,CUST1064,Jessica Callahan,jessica.callahan30@yahoo.com,South,United States,Home & Kitchen,Coffee Maker,1.0,50.2,0.0,10.02,Credit Card,Returned,2021-02-18,False
ORD-12918,2023-07-13,CUST1112,Julia Torres,,South,Mexico,Electronics,Smartwatch,3.0,248.17,0.25,4.05,Credit Card,Shipped,2022-01-27,False
ORD-11515,2024-09-11,CUST1599,Susan Thompson,susan.thompson99@gmail.com,South,Canada,Sports & Outdoors,Resistance Bands,6.0,90.68,0.05,9.23,Paypal,Delivered,2023-08-29,False
ORD-12939,2024-04-17,CUST1113,Crystal Johnson,crystal.johnson72@yahoo.com,West,United States,Home & Kitchen,LED Desk Lamp,4.0,154.38,0.15,4.14,Gift Card,Returned,2023-09-03,False
ORD-10127,,CUST1697,Alicia Li,alicia.li10@yahoo.com,East,Canada,Sports & Outdoors,Hiking Backpack,4.0,69.76,0.05,14.32,Paypal,Returned,2021-02-18,False
ORD-13047,2023-02-20,CUST1510,Rebecca Hicks,rebecca.hicks2@outlook.com,Central,United States,Sports & Outdoors,Hiking Backpack,4.0,121.65,0.05,12.13,Gift Card,Cancelled,2022-02-15,False
ORD-11238,2024-09-24,CUST1730,Jerry Peters,jerry.peters29@hotmail.com,West,United States,Apparel,Cotton T-Shirt,6.0,47.17,0.25,2.47,Credit Card,Delivered,2022-12-24,False
ORD-13015,2023-10-13,CUST1587,Jeremy Scott,jeremy.scott96@hotmail.com,North,United States,Home & Kitchen,Air Fryer,3.0,50.03,0.05,7.96,Paypal,Cancelled,2022-05-07,False
ORD-10227,2024-10-29,CUST1500,Jennifer Banks,jennifer.banks45@outlook.com,South,Mexico,Electronics,Webcam,1.0,37.83,0.1,13.11,Debit Card,Shipped,2021-08-12,False
ORD-13032,2023-05-25,CUST1572,Reginald Knapp,reginald.knapp34@yahoo.com,North,United States,Electronics,Bluetooth Speaker,5.0,224.4,0.25,20.93,Paypal,Delivered,2022-07-05,False
ORD-12463,2024-05-03,CUST1098,Jessica Smith,,South,Canada,Toys,Action Figure,2.0,69.01,0.0,6.53,Credit Card,Cancelled,2021-03-05,False
ORD-11732,2023-06-29,CUST1707,Richard Knight Phd,mr..phd95@outlook.com,Central,United States,Sports & Outdoors,Resistance Bands,3.0,61.53,0.1,6.21,Credit Card,Shipped,2022-03-10,False
ORD-12125,,CUST1605,Todd Rosales Md,todd.md92@outlook.com,Central,United States,Electronics,Bluetooth Speaker,1.0,38.95,0.15,20.52,Credit Card,Delivered,2022-01-21,False
ORD-11834,2023-10-02,CUST1328,Jeremy Sampson,jeremy.sampson93@hotmail.com,South,Canada,Toys,Action Figure,3.0,9.31,0.0,23.69,Paypal,Delivered,2021-10-30,False
ORD-12246,2023-01-08,CUST1680,Suzanne Wood,suzanne.wood80@hotmail.com,East,Canada,Toys,Puzzle 1000PC,5.0,25.25,0.2,11.89,Paypal,Cancelled,2022-04-07,False
ORD-10094,2024-10-13,CUST1620,Casey Hernandez,casey.hernandez56@hotmail.com,West,United States,Toys,Building Blocks Set,4.0,41.54,0.1,14.3,Paypal,Shipped,2023-04-07,False
ORD-12687,2023-07-21,CUST1171,Darlene Miller,darlene.miller14@yahoo.com,East,Canada,Beauty,Hair Dryer,6.0,17.45,0.1,1.08,Debit Card,Shipped,2023-02-21,False
ORD-12023,2024-12-07,CUST1812,Douglas Ryan,douglas.ryan50@hotmail.com,North,United States,Beauty,Shampoo Set,1.0,41.7,0.2,11.82,Debit Card,Pending,2022-03-28,False
ORD-12808,2024-12-28,CUST1542,Kenneth Edwards,kenneth.edwards23@yahoo.com,East,Mexico,Home & Kitchen,Coffee Maker,4.0,30.4,0.0,12.27,Debit Card,Shipped,2022-04-30,False
ORD-10267,2023-08-03,CUST1592,Jason Love,jason.love68@gmail.com,South,Canada,Toys,Board Game,1.0,14.94,0.05,23.64,Credit Card,Returned,2021-12-22,False
ORD-10439,2023-09-24,CUST1663,Samuel Turner,samuel.turner51@yahoo.com,East,Canada,Electronics,Wireless Earbuds,3.0,156.65,0.15,18.51,Gift Card,Pending,2023-07-26,False
ORD-12729,2024-08-06,CUST1604,Virginia Daniels,mrs.@gmail.com,East,United States,Electronics,Wireless Earbuds,2.0,66.31,0.0,15.91,Gift Card,Pending,2022-07-21,False
ORD-11084,2023-01-17,CUST1698,Renee Browning,renee@gmail.com,East,Canada,Toys,RC Car,2.0,21.06,0.1,15.8,Paypal,Shipped,2021-04-22,False
ORD-10271,2024-12-28,CUST1189,Jessica Gross,jessica.gross83@outlook.com,East,United States,Apparel,Wool Sweater,2.0,21.62,0.0,20.88,Debit Card,Pending,2021-05-05,False
ORD-12354,2024-05-01,CUST1244,Shannon Rivera,shannon@gmail.com,East,United States,Toys,RC Car,1.0,8.38,0.0,21.09,Credit Card,Delivered,2024-09-21,True
ORD-10464,2024-05-19,CUST1448,Ryan Rosales,ryan.rosales51@gmail.com,West,Canada,Sports & Outdoors,Water Bottle,1.0,13.93,0.0,5.41,Paypal,Cancelled,2022-12-14,False
ORD-12994,2023-11-03,CUST1773,Samuel Wong,samuel.wong74@outlook.com,South,United States,Beauty,Face Moisturizer,1.0,17.66,0.0,12.225000000000001,Debit Card,Pending,2022-01-10,False
ORD-12045,2024-04-24,CUST1716,Steven Rivera,steven.rivera46@outlook.com,North,United States,Apparel,Running Shoes,6.0,55.33,0.0,23.61,Paypal,Delivered,2023-09-25,False
ORD-11517,2024-07-08,CUST1720,Randy Friedman,randy.friedman5@outlook.com,West,Mexico,Toys,Action Figure,3.0,67.89,0.25,24.8,Paypal,Pending,2024-01-19,False
ORD-12824,2024-06-05,CUST1188,Madison Poole,madison.poole31@outlook.com,East,Canada,Sports & Outdoors,Yoga Mat,5.0,97.72,0.0,6.22,Debit Card,Returned,2021-07-23,False
ORD-12974,2024-02-23,CUST1291,Stephanie Byrd,stephanie.byrd9@outlook.com,South,United States,Beauty,Shampoo Set,2.0,12.97,0.0,16.94,Credit Card,Returned,2022-09-07,False
ORD-12898,2023-10-07,CUST1582,Gregory Peck,gregory.peck54@gmail.com,South,Canada,Toys,Board Game,3.0,60.26,0.2,21.67,Credit Card,Shipped,2023-04-29,False
ORD-13084,2023-03-31,CUST1182,Angela Vaughn,angela.vaughn14@yahoo.com,Central,Canada,Beauty,Hair Dryer,4.0,21.85,0.0,9.34,Gift Card,Cancelled,2023-08-24,True
ORD-13143,2024-07-06,CUST1555,Nicole Gonzalez,nicole@gmail.com,South,Mexico,Electronics,USB-C Cable,6.0,231.05,0.25,24.17,Credit Card,Cancelled,2022-12-12,False
ORD-11572,2023-03-17,CUST1419,Jake Campbell,jake.campbell18@outlook.com,West,United States,Home & Kitchen,Non-Stick Pan Set,3.0,63.55,0.0,11.25,Credit Card,Returned,2022-09-09,False
ORD-11509,2024-03-16,CUST1590,Laurie Sanchez,laurie.sanchez25@hotmail.com,West,Canada,Home & Kitchen,Coffee Maker,2.0,163.84,0.0,23.28,Paypal,Pending,2022-03-09,False
ORD-12943,2024-03-12,CUST1268,Cynthia Rowe,cynthia.rowe9@gmail.com,North,Mexico,Toys,Board Game,4.0,41.14,0.05,5.72,Gift Card,Returned,2023-03-11,False
ORD-10319,2024-03-09,CUST1054,Shannon Jones,shannon.jones27@outlook.com,East,Canada,Toys,Puzzle 1000PC,2.0,63.02,0.05,23.3,Debit Card,Delivered,2023-11-02,False
ORD-12249,2023-01-27,CUST1193,Angelica Keith,angelica.keith77@gmail.com,South,Canada,Beauty,Shampoo Set,1.0,41.77,0.1,20.78,Paypal,Returned,2022-07-22,False
ORD-11737,2023-07-07,CUST1353,Michael Farrell,michael.farrell43@outlook.com,Central,Canada,Home & Kitchen,Throw Blanket,1.0,138.09,0.0,7.69,Gift Card,Delivered,2024-04-07,True
ORD-10715,2024-09-19,CUST1798,Bradley Johnson Dds,bradley.dds47@hotmail.com,South,Canada,Beauty,Shampoo Set,4.0,41.7,0.0,12.225000000000001,Credit Card,Pending,2023-04-28,False
ORD-11329,2024-02-20,CUST1547,Julie Herrera,julie.herrera17@outlook.com,North,Canada,Toys,Board Game,6.0,49.16,0.2,11.73,Credit Card,Delivered,2021-12-30,False
ORD-11394,2024-02-08,CUST1542,Kenneth Edwards,kenneth.edwards23@yahoo.com,East,Mexico,Beauty,Hair Dryer,6.0,28.77,0.05,18.84,Paypal,Cancelled,2022-04-30,False
ORD-10886,2023-04-28,CUST1703,Michael Abbott,michael.abbott57@hotmail.com,North,United States,Beauty,Lipstick,5.0,41.15,0.05,14.71,Credit Card,Delivered,2023-03-21,False
ORD-13081,2024-04-05,CUST1100,Sandra Aguilar,sandra.aguilar60@outlook.com,Central,Canada,Home & Kitchen,Non-Stick Pan Set,1.0,77.61619999999999,0.0,12.57,Paypal,Returned,2023-01-26,False
ORD-12615,2023-11-12,CUST1707,Richard Knight Phd,mr..phd95@outlook.com,Central,United States,Apparel,Denim Jacket,3.0,28.22,0.05,16.51,Gift Card,Delivered,2022-03-10,False
ORD-12253,2024-12-08,CUST1014,Dylan Miller,dylan.miller28@outlook.com,West,United States,Home & Kitchen,Throw Blanket,5.0,172.69,0.05,24.29,Paypal,Returned,2022-03-12,False
ORD-12466,2023-08-08,CUST1472,Lori Ingram,lori.ingram64@outlook.com,East,Canada,Sports & Outdoors,Hiking Backpack,5.0,50.41,0.0,0.15,Paypal,Delivered,2022-10-24,False
ORD-11481,2024-11-15,CUST1610,Samantha Robertson,samantha.robertson39@yahoo.com,South,United States,Sports & Outdoors,Camping Tent,2.0,70.0,0.1,9.27,Debit Card,Pending,2024-09-08,False
ORD-11126,2024-02-02,CUST1371,Debra White,debra.white54@gmail.com,North,Canada,Electronics,Bluetooth Speaker,2.0,100.11,0.05,12.19,Paypal,Delivered,2022-05-08,False
ORD-13078,2023-03-11,CUST1610,Samantha Robertson,samantha.robertson39@yahoo.com,South,United States,Apparel,Wool Sweater,5.0,38.78,0.25,22.31,Credit Card,Delivered,2024-09-08,True
ORD-12080,2024-10-06,CUST1573,Nancy Brown,nancy.brown86@gmail.com,East,Canada,Sports & Outdoors,Yoga Mat,2.0,108.77,0.0,4.6,Debit Card,Cancelled,2021-06-25,False
ORD-10564,2023-05-15,CUST1411,Lisa Hunter,lisa.hunter46@hotmail.com,Central,Mexico,Toys,Building Blocks Set,5.0,35.7,0.05,6.9,Credit Card,Returned,2023-06-04,True
ORD-10383,2023-03-27,CUST1416,Gwendolyn Klein,gwendolyn.klein14@gmail.com,Central,Canada,Sports & Outdoors,Resistance Bands,2.0,110.84,0.05,8.36,Gift Card,Shipped,2021-03-07,False
ORD-12440,2024-07-22,CUST1312,Shannon Ramsey,shannon.ramsey21@outlook.com,East,United States,Home & Kitchen,Air Fryer,6.0,125.76,0.2,7.93,Credit Card,Delivered,2024-03-29,False
ORD-10146,2024-01-18,CUST1052,Crystal Robinson,crystal.robinson71@outlook.com,South,United States,Home & Kitchen,Throw Blanket,6.0,136.77,0.2,21.21,Credit Card,Delivered,2024-09-20,True
ORD-11612,2023-07-29,CUST1664,Renee Melendez,renee.melendez6@gmail.com,Central,Canada,Sports & Outdoors,Hiking Backpack,3.0,84.31,0.0,12.13,Paypal,Returned,2023-07-12,False
ORD-10651,2023-10-14,CUST1756,Karen Morales Dds,karen.dds61@hotmail.com,East,United States,Electronics,Smartwatch,6.0,34.7,0.1,24.76,Credit Card,Pending,2021-06-30,False
ORD-11336,2021-02-08,CUST1006,Abigail Shaffer,abigail.shaffer45@outlook.com,West,Canada,Home & Kitchen,Non-Stick Pan Set,2.0,162.23,0.0,4.49,Debit Card,Pending,2021-03-30,True
ORD-12333,2023-11-01,CUST1359,Ronald Davis,ronald.davis47@gmail.com,North,Canada,Beauty,Shampoo Set,4.0,16.69,0.0,18.04,Paypal,Delivered,2024-03-01,True
ORD-10598,2024-01-08,CUST1394,Tamara Davis,,North,Canada,Electronics,Webcam,6.0,77.04,0.2,22.19,Credit Card,Cancelled,2021-06-02,False
ORD-11287,2023-04-11,CUST1132,Mary Marshall,mary.marshall34@yahoo.com,Central,United States,Home & Kitchen,Air Fryer,4.0,98.09,0.15,22.12,Credit Card,Delivered,2023-05-21,True
ORD-13082,2024-12-07,CUST1471,Richard Cooper,richard.cooper46@gmail.com,South,United States,Home & Kitchen,Non-Stick Pan Set,2.0,92.4,0.05,10.03,Credit Card,Pending,2023-12-31,False
ORD-12348,2023-01-06,CUST1173,Matthew Harrington,,West,United States,Toys,Puzzle 1000PC,6.0,65.39,0.1,8.72,Credit Card,Returned,2021-04-11,False
ORD-11528,2023-09-22,CUST1571,Christian Vaughn,christian.vaughn49@outlook.com,North,United States,Apparel,Running Shoes,1.0,19.65,0.0,22.56,Paypal,Cancelled,2022-01-18,False
ORD-12542,2023-08-03,CUST1441,Joann Ferguson,joann.ferguson44@gmail.com,South,Canada,Home & Kitchen,Non-Stick Pan Set,6.0,25.13,0.15,22.09,Debit Card,Returned,2021-12-03,False
ORD-11431,2024-02-02,CUST1002,Angie Henderson,angie@gmail.com,Central,Canada,Home & Kitchen,Air Fryer,3.0,98.09,0.1,13.68,Gift Card,Cancelled,2022-04-22,False
ORD-11635,2024-01-16,CUST1804,Kimberly Fritz,kimberly.fritz60@outlook.com,South,Mexico,Home & Kitchen,Air Fryer,3.0,98.09,0.0,9.4,Credit Card,Delivered,2024-01-29,True
ORD-10350,2024-12-15,CUST1094,John Whitehead,john.whitehead51@gmail.com,West,United States,Apparel,Denim Jacket,2.0,77.49,0.0,11.97,Credit Card,Shipped,2021-06-21,False
ORD-11089,2024-12-16,CUST1589,Melissa Taylor,melissa.taylor96@hotmail.com,West,Canada,Sports & Outdoors,Water Bottle,2.0,34.38,0.2,22.83,Paypal,Pending,2022-10-20,False
ORD-12172,2023-11-15,CUST1081,Mike Allen,mike.allen97@gmail.com,South,Mexico,Toys,Puzzle 1000PC,1.0,66.34,0.1,12.225000000000001,Credit Card,Cancelled,2023-05-21,False
ORD-10352,2023-08-29,CUST1834,Bonnie Santos,bonnie.santos38@hotmail.com,South,Canada,Apparel,Cotton T-Shirt,3.0,57.01,0.0,10.88,Credit Card,Shipped,2022-01-24,False
ORD-10984,,CUST1600,Casey Gillespie,casey.gillespie29@outlook.com,East,United States,Home & Kitchen,LED Desk Lamp,1.0,66.24,0.0,8.52,Gift Card,Pending,2024-05-30,False
ORD-12008,,CUST1197,Spencer Haynes,spencer.haynes14@hotmail.com,Central,Canada,Toys,Building Blocks Set,5.0,22.89,0.25,2.07,Gift Card,Cancelled,2023-10-29,False
ORD-12886,2023-06-30,CUST1552,Diana Hays,diana.hays94@outlook.com,North,Mexico,Toys,Puzzle 1000PC,2.0,23.13,0.0,3.94,Debit Card,Returned,2021-09-18,False
ORD-10248,2024-10-01,CUST1462,Riley Bryant,riley.bryant76@outlook.com,West,United States,Sports & Outdoors,Water Bottle,1.0,138.96,0.0,7.23,Debit Card,Pending,2024-06-03,False
ORD-12044,2023-10-22,CUST1752,Michael Fuentes,michael.fuentes72@hotmail.com,Central,Canada,Toys,Action Figure,2.0,67.05,0.0,15.88,Gift Card,Delivered,2022-02-01,False
ORD-12996,2023-10-10,CUST1522,Hannah Everett,hannah.everett99@yahoo.com,West,United States,Electronics,USB-C Cable,5.0,123.73,0.25,19.65,Paypal,Pending,2023-07-15,False
ORD-12432,2024-08-23,CUST1438,Rhonda Martin,rhonda.martin11@gmail.com,East,United States,Electronics,Smartwatch,4.0,210.59,0.25,5.01,Gift Card,Pending,2021-10-18,False
ORD-10339,2023-04-02,CUST1446,Brenda Wright,brenda.wright69@yahoo.com,South,United States,Home & Kitchen,Coffee Maker,3.0,121.43,0.0,3.97,Credit Card,Delivered,2023-01-20,False
ORD-12316,2024-08-15,CUST1579,David Grant,david.grant81@yahoo.com,East,Mexico,Sports & Outdoors,Hiking Backpack,4.0,36.55,0.2,16.34,Credit Card,Delivered,2024-03-05,False
ORD-11096,2024-07-23,CUST1450,Brittany Kim,brittany.kim16@yahoo.com,South,United States,Apparel,Cotton T-Shirt,6.0,62.82,0.0,2.49,Paypal,Pending,2022-09-18,False
ORD-12401,2023-10-30,CUST1802,Reginald Morrow,reginald.morrow50@outlook.com,East,United States,Toys,Board Game,6.0,36.53,0.2,18.96,Paypal,Shipped,2022-04-15,False
ORD-12438,2023-04-02,CUST1164,Michael Powell,,East,United States,Sports & Outdoors,Water Bottle,4.0,145.54,0.0,12.51,Paypal,Cancelled,2021-04-25,False
ORD-11016,2024-12-13,CUST1256,Susan Murray Md,susan.md14@gmail.com,South,United States,Electronics,Wireless Earbuds,5.0,192.67,0.15,1.24,Credit Card,Delivered,2022-08-07,False
ORD-12562,2024-02-07,CUST1613,David Molina,david.molina96@outlook.com,East,United States,Toys,Action Figure,4.0,23.17,0.0,18.88,Gift Card,Cancelled,2023-12-05,False
ORD-11646,2023-04-22,CUST1097,Deborah Figueroa,deborah.figueroa96@gmail.com,North,Mexico,Home & Kitchen,Coffee Maker,6.0,175.34,0.0,12.17,Paypal,Delivered,2022-12-18,False
ORD-10402,2024-03-22,CUST1153,Devon Flores,devon.flores62@outlook.com,Central,United States,Home & Kitchen,Throw Blanket,6.0,121.15,0.0,22.08,Paypal,Pending,2022-11-12,False
ORD-10492,2023-07-09,CUST1236,Andrew Reynolds,,North,Canada,Sports & Outdoors,Hiking Backpack,6.0,86.26,0.15,15.07,Gift Card,Returned,2022-08-11,False
ORD-10012,2024-01-25,CUST1794,Jerry Brown,jerry.brown58@gmail.com,East,United States,Beauty,Sunscreen SPF50,2.0,34.58,0.05,10.99,Paypal,Pending,2023-02-20,False
ORD-11058,2023-06-13,CUST1221,Jeremy Dalton,,South,United States,Sports & Outdoors,Water Bottle,5.0,139.68,0.15,12.225000000000001,Debit Card,Returned,2022-09-10,False
ORD-12670,2024-10-10,CUST1024,Matthew Foster,matthew.foster3@gmail.com,South,Canada,Apparel,Wool Sweater,2.0,17.4,0.0,12.225000000000001,Gift Card,Delivered,2023-01-14,False
ORD-11693,2023-06-17,CUST1098,Jessica Smith,,South,Canada,Electronics,USB-C Cable,6.0,97.7,0.25,20.53,Gift Card,Shipped,2021-03-05,False
ORD-13146,2023-02-09,CUST1784,Margaret Harper,margaret.harper90@outlook.com,East,United States,Apparel,Running Shoes,4.0,16.54,0.25,7.91,Credit Card,Cancelled,2023-01-18,False
ORD-11830,2023-10-04,CUST1123,Michelle Harmon,michelle.harmon7@outlook.com,North,United States,Beauty,Hair Dryer,3.0,36.89,0.15,9.81,Paypal,Cancelled,2023-09-06,False
ORD-10107,2024-08-15,CUST1478,Curtis Williams,curtis.williams30@hotmail.com,North,Canada,Home & Kitchen,Air Fryer,5.0,21.96,0.15,9.4,Gift Card,Delivered,2024-09-04,True
ORD-10476,2024-08-02,CUST1156,Joshua Perry,joshua.perry49@hotmail.com,South,United States,Home & Kitchen,Air Fryer,4.0,176.65,0.0,4.18,Debit Card,Cancelled,2024-09-21,True
ORD-11356,2023-09-25,CUST1173,Matthew Harrington,,West,United States,Apparel,Running Shoes,3.0,11.25,0.05,13.22,Debit Card,Returned,2021-04-11,False
ORD-11176,2023-03-09,CUST1342,Anthony Harmon,anthony.harmon18@gmail.com,West,Mexico,Electronics,Smartwatch,4.0,115.88,0.0,3.19,Paypal,Delivered,2024-02-02,True
ORD-12579,2024-08-06,CUST1387,James Padilla,james.padilla40@outlook.com,West,United States,Apparel,Baseball Cap,1.0,89.71,0.05,19.91,Debit Card,Pending,2023-01-07,False
ORD-10320,2023-01-24,CUST1593,Randy Smith,randy.smith59@gmail.com,South,United States,Apparel,Wool Sweater,1.0,12.39,0.15,17.97,Debit Card,Delivered,2023-01-09,False
ORD-12644,2023-06-17,CUST1788,Cesar Wilson,cesar.wilson63@outlook.com,Central,Canada,Apparel,Wool Sweater,5.0,80.4,0.05,20.64,Credit Card,Pending,2022-05-29,False
ORD-12235,2024-05-26,CUST1675,Larry Harris,larry.harris21@outlook.com,North,Mexico,Toys,RC Car,3.0,34.3,0.15,3.48,Paypal,Delivered,2022-05-29,False
ORD-12925,2024-07-25,CUST1772,Eric Patrick,eric.patrick44@gmail.com,West,United States,Apparel,Denim Jacket,6.0,31.77,0.05,17.38,Credit Card,Cancelled,2024-02-10,False
ORD-10200,2023-04-19,CUST1750,Krista Benton,krista.benton20@hotmail.com,East,United States,Toys,Building Blocks Set,1.0,11.99,0.2,15.16,Credit Card,Returned,2024-08-27,True
ORD-10316,2024-12-19,CUST1235,Kathryn Snyder,kathryn.snyder46@gmail.com,West,Canada,Sports & Outdoors,Camping Tent,2.0,49.4,0.0,22.45,Gift Card,Returned,2022-09-28,False
ORD-10615,2023-08-20,CUST1508,Joshua Vance,joshua.vance87@gmail.com,Central,Canada,Electronics,Webcam,2.0,96.71,0.0,20.26,Paypal,Pending,2022-01-03,False
ORD-12046,2024-03-08,CUST1498,Meghan Rush,meghan.rush78@gmail.com,South,Canada,Apparel,Cotton T-Shirt,2.0,41.3,0.1,1.15,Paypal,Pending,2022-09-26,False
ORD-10153,2023-10-08,CUST1515,Kelly Hammond Dvm,dr..dvm19@outlook.com,South,Canada,Toys,Board Game,4.0,39.58,0.0,4.0,Debit Card,Delivered,2021-07-10,False
ORD-10103,2024-08-08,CUST1401,Craig Morrison,craig.morrison52@hotmail.com,South,United States,Electronics,Bluetooth Speaker,6.0,57.83,0.1,5.96,Paypal,Returned,2024-03-03,False
ORD-10494,2024-03-21,CUST1313,Tracy Ballard,tracy.ballard64@hotmail.com,West,Canada,Home & Kitchen,Throw Blanket,2.0,72.35,0.0,4.98,Gift Card,Shipped,2023-10-19,False
ORD-10223,2024-07-02,CUST1670,Chelsea Gill,chelsea.gill96@outlook.com,Central,Mexico,Toys,Puzzle 1000PC,1.0,66.28,0.25,12.12,Debit Card,Returned,2024-01-27,False
ORD-12885,2023-02-01,CUST1289,Briana Murray,briana.murray28@outlook.com,North,United States,Beauty,Shampoo Set,3.0,59.3,0.25,11.06,Credit Card,Returned,2023-10-03,True
ORD-12713,2024-07-26,CUST1707,Richard Knight Phd,mr..phd95@outlook.com,Central,United States,Beauty,Hair Dryer,5.0,54.92,0.0,15.9,Debit Card,Cancelled,2022-03-10,False
ORD-12123,2023-11-24,CUST1461,Eric Williams,eric.williams45@gmail.com,South,United States,Beauty,Sunscreen SPF50,1.0,19.95,0.05,14.18,Debit Card,Returned,2023-06-19,False
ORD-11197,2024-12-30,CUST1473,Evelyn Williams,evelyn.williams73@hotmail.com,North,Canada,Electronics,Bluetooth Speaker,6.0,190.41,0.25,23.28,Gift Card,Cancelled,2022-12-05,False
ORD-13007,2024-07-01,CUST1169,Daniel Murphy,daniel@gmail.com,East,Mexico,Apparel,Denim Jacket,6.0,56.63,0.0,12.56,Credit Card,Returned,2022-12-09,False
ORD-10634,2024-06-04,CUST1250,Isaiah Avila,isaiah.avila5@outlook.com,Central,United States,Home & Kitchen,Air Fryer,5.0,66.99,0.0,14.36,Paypal,Returned,2024-06-19,True
ORD-11076,2024-09-10,CUST1578,Melissa Bishop,melissa.bishop25@yahoo.com,North,Mexico,Electronics,USB-C Cable,2.0,99.7266,0.2,4.67,Debit Card,Pending,2021-03-29,False
ORD-12683,2024-09-18,CUST1822,Jose Ramirez,jose.ramirez2@gmail.com,West,United States,Sports & Outdoors,Camping Tent,1.0,17.47,0.25,3.25,Gift Card,Cancelled,2022-05-25,False
ORD-10070,2023-05-05,CUST1717,Brenda Hinton,brenda.hinton11@outlook.com,South,United States,Electronics,Smartwatch,3.0,89.2,0.2,6.85,Credit Card,Pending,2021-10-14,False
ORD-12969,2023-05-11,CUST1375,Paul Lewis,paul.lewis19@yahoo.com,East,Canada,Electronics,Laptop Stand,6.0,25.96,0.05,11.06,Paypal,Delivered,2023-04-27,False
ORD-11333,2024-09-16,CUST1429,Nancy Jennings,nancy@gmail.com,West,United States,Apparel,Cotton T-Shirt,5.0,13.03,0.2,12.16,Gift Card,Shipped,2023-04-18,False
ORD-12395,2023-08-25,CUST1010,Monica Herrera,monica.herrera21@outlook.com,East,Mexico,Beauty,Lipstick,3.0,41.03,0.0,15.27,Credit Card,Returned,2022-12-29,False
ORD-12782,2023-05-29,CUST1617,Jonathan Jacobson,jonathan.jacobson73@hotmail.com,South,Canada,Beauty,Lipstick,5.0,7.4,0.05,14.31,Debit Card,Returned,2021-10-21,False
ORD-12784,2023-07-30,CUST1652,David Robinson,david.robinson10@hotmail.com,East,United States,Beauty,Face Moisturizer,5.0,35.35,0.1,16.57,Paypal,Cancelled,2022-10-19,False
ORD-11657,2024-09-12,CUST1080,Kelly Donovan,kelly.donovan50@hotmail.com,South,Mexico,Apparel,Denim Jacket,6.0,41.46,0.1,21.91,Paypal,Delivered,2023-03-30,False
ORD-11412,2024-03-10,CUST1826,Heather Brown,heather.brown39@yahoo.com,South,Canada,Home & Kitchen,Air Fryer,5.0,33.02,0.05,20.71,Debit Card,Shipped,2023-01-09,False
ORD-11409,2024-08-26,CUST1430,Maria Henderson,maria.henderson31@outlook.com,West,United States,Sports & Outdoors,Resistance Bands,5.0,139.45,0.0,6.65,Paypal,Shipped,2024-09-10,True
ORD-12816,2023-03-06,CUST1744,Travis Harris,travis.harris17@gmail.com,Central,United States,Home & Kitchen,LED Desk Lamp,6.0,46.5542,0.15,18.1,Credit Card,Pending,2024-08-22,True
ORD-10621,2021-09-16,CUST1465,Jeffrey Mendez,jeffrey.mendez66@gmail.com,North,United States,Toys,Board Game,5.0,67.43,0.1,22.39,Credit Card,Delivered,2021-10-05,True
ORD-10317,2024-02-20,CUST1617,Jonathan Jacobson,jonathan.jacobson73@hotmail.com,South,Canada,Toys,RC Car,4.0,37.8,0.25,21.09,Debit Card,Delivered,2021-10-21,False
ORD-10423,2024-05-23,CUST1371,Debra White,debra.white54@gmail.com,North,Canada,Sports & Outdoors,Hiking Backpack,2.0,149.73,0.1,6.28,Gift Card,Delivered,2022-05-08,False
ORD-10704,2024-07-06,CUST1383,Andrew Foster,,Central,Mexico,Toys,Action Figure,3.0,55.77,0.1,22.64,Gift Card,Shipped,2021-05-30,False
ORD-12881,2023-10-06,CUST1137,Courtney Gonzalez,courtney.gonzalez12@yahoo.com,North,Mexico,Toys,Building Blocks Set,3.0,41.05,0.25,17.59,Paypal,Shipped,2024-03-24,True
ORD-11011,2023-06-11,CUST1516,William Day,william.day48@hotmail.com,North,Canada,Home & Kitchen,Air Fryer,5.0,42.26,0.05,14.19,Paypal,Returned,2021-06-23,False
ORD-11498,2024-10-19,CUST1189,Jessica Gross,jessica.gross83@outlook.com,East,United States,Home & Kitchen,LED Desk Lamp,3.0,93.94,0.0,11.83,Gift Card,Cancelled,2021-05-05,False
ORD-10252,2024-10-24,CUST1550,Kelly Lee,kelly.lee21@hotmail.com,East,United States,Home & Kitchen,Air Fryer,3.0,99.41,0.0,18.05,Paypal,Returned,2024-08-02,False
ORD-10698,2023-08-24,CUST1671,Kristin Mendoza,kristin.mendoza27@outlook.com,South,Mexico,Sports & Outdoors,Camping Tent,1.0,107.08,0.0,18.25,Credit Card,Cancelled,2022-12-09,False
ORD-10660,2023-09-03,CUST1480,Dawn Mullins,dawn.mullins2@outlook.com,South,United States,Home & Kitchen,Non-Stick Pan Set,4.0,74.0,0.0,21.87,Credit Card,Delivered,2021-09-04,False
ORD-12740,2024-03-15,CUST1108,Evelyn Galvan,evelyn.galvan94@outlook.com,North,United States,Electronics,Laptop Stand,1.0,111.21,0.0,11.59,Credit Card,Shipped,2022-10-23,False
ORD-10785,2024-02-17,CUST1447,Shelly Spencer,shelly.spencer86@hotmail.com,East,Canada,Toys,RC Car,5.0,45.16,0.0,15.66,Debit Card,Returned,2023-12-17,False
ORD-11292,2023-01-03,CUST1163,Jeffrey Johnson,jeffrey.johnson98@gmail.com,East,Canada,Electronics,Webcam,3.0,52.21,0.0,12.75,Paypal,Returned,2023-06-28,True
ORD-10377,2023-09-25,CUST1045,Philip Cannon,philip.cannon73@yahoo.com,North,Canada,Home & Kitchen,LED Desk Lamp,3.0,35.29,0.0,19.63,Gift Card,Delivered,2024-03-31,True
ORD-12508,2024-12-01,CUST1332,Jordan Bates,jordan.bates85@hotmail.com,East,United States,Sports & Outdoors,Hiking Backpack,3.0,81.99,0.0,17.1,Gift Card,Shipped,2023-12-13,False
ORD-12558,2023-09-04,CUST1137,Courtney Gonzalez,courtney.gonzalez12@yahoo.com,North,Mexico,Home & Kitchen,LED Desk Lamp,6.0,142.58,0.0,2.25,Gift Card,Cancelled,2024-03-24,True
ORD-10407,2024-01-28,CUST1036,Sherri Baker,sherri.baker55@yahoo.com,South,Canada,Beauty,Hair Dryer,3.0,12.14,0.15,22.82,Gift Card,Delivered,2022-07-25,False
ORD-11183,2024-03-19,CUST1522,Hannah Everett,hannah.everett99@yahoo.com,West,United States,Apparel,Baseball Cap,2.0,21.37,0.0,13.31,Paypal,Pending,2023-07-15,False
ORD-10056,2023-07-12,CUST1104,Richard Henson,richard.henson39@gmail.com,East,Canada,Sports & Outdoors,Yoga Mat,5.0,58.75,0.1,0.72,Credit Card,Cancelled,2024-03-05,True
ORD-10256,2024-07-04,CUST1068,James Brown,james.brown41@hotmail.com,North,United States,Beauty,Shampoo Set,1.0,18.48,0.0,18.58,Credit Card,Shipped,2024-05-26,False
ORD-13066,2023-10-19,CUST1247,Frank Cordova,frank.cordova55@outlook.com,East,United States,Beauty,Face Moisturizer,3.0,25.52,0.05,11.17,Debit Card,Shipped,2021-07-02,False
ORD-12270,2023-04-14,CUST1347,Victor Brown,victor.brown43@outlook.com,Central,Canada,Sports & Outdoors,Hiking Backpack,5.0,36.02,0.15,18.87,Debit Card,Cancelled,2023-07-20,True
ORD-10141,2023-09-18,CUST1167,Alyssa Day,alyssa.day19@yahoo.com,East,United States,Electronics,Webcam,2.0,180.26,0.2,12.69,Debit Card,Returned,2023-08-03,False
ORD-12842,2023-03-13,CUST1534,Anthony Gonzales,anthony.gonzales32@outlook.com,Central,United States,Beauty,Hair Dryer,1.0,10.5,0.0,4.38,Paypal,Delivered,2023-10-19,True
ORD-10114,2023-12-14,CUST1511,Curtis Taylor,curtis.taylor32@hotmail.com,West,United States,Toys,Puzzle 1000PC,5.0,69.64,0.0,9.53,Gift Card,Shipped,2023-01-25,False
ORD-12520,2024-12-09,CUST1719,Jeffrey Roberson,,West,Canada,Electronics,USB-C Cable,2.0,27.73,0.25,22.51,Debit Card,Shipped,2024-04-06,False
ORD-12319,2023-11-08,CUST1009,Ryan Munoz,ryan.munoz30@gmail.com,West,Mexico,Electronics,USB-C Cable,4.0,66.66,0.1,13.68,Credit Card,Returned,2023-02-18,False
ORD-10452,2023-01-14,CUST1399,Hannah Luna,hannah.luna90@hotmail.com,North,Canada,Toys,RC Car,3.0,58.71,0.25,9.18,Debit Card,Pending,2022-01-03,False
ORD-13033,2023-05-17,CUST1825,Monica Ellis,monica.ellis94@gmail.com,North,United States,Beauty,Sunscreen SPF50,2.0,16.83,0.2,19.04,Paypal,Returned,2024-01-31,True
ORD-12041,2023-02-07,CUST1655,Kyle Chambers,kyle.chambers58@outlook.com,North,Canada,Beauty,Sunscreen SPF50,4.0,39.26,0.05,19.51,Paypal,Returned,2021-09-01,False
ORD-11603,2024-05-14,CUST1702,Karl Branch,karl.branch14@outlook.com,North,United States,Electronics,Bluetooth Speaker,2.0,183.51,0.25,21.88,Debit Card,Pending,2022-09-10,False
ORD-11678,2023-06-24,CUST1289,Briana Murray,briana.murray28@outlook.com,North,United States,Beauty,Shampoo Set,6.0,55.93,0.0,10.21,Debit Card,Delivered,2023-10-03,True
ORD-11243,2023-11-29,CUST1771,Jeffrey Horton,mr..horton90@outlook.com,North,United States,Home & Kitchen,Air Fryer,6.0,121.52,0.0,16.02,Debit Card,Delivered,2022-05-24,False
ORD-10413,2024-08-01,CUST1806,Zachary Cole,zachary.cole82@outlook.com,Central,United States,Home & Kitchen,Coffee Maker,4.0,165.09,0.25,7.58,Debit Card,Cancelled,2022-12-13,False
ORD-13137,2023-10-31,CUST1418,Jeffrey Mills,jeffrey.mills93@yahoo.com,South,Mexico,Toys,RC Car,5.0,31.97,0.0,9.1,Gift Card,Cancelled,2024-03-17,True
ORD-11568,2024-01-01,CUST1579,David Grant,david.grant81@yahoo.com,East,Mexico,Electronics,Wireless Earbuds,2.0,32.11,0.0,11.78,Credit Card,Delivered,2024-03-05,True
ORD-12165,2023-12-20,CUST1109,Sharon Cochran,sharon.cochran32@hotmail.com,West,United States,Sports & Outdoors,Yoga Mat,4.0,100.32,0.0,21.65,Debit Card,Cancelled,2024-03-13,True
ORD-11838,2023-03-10,CUST1286,Joseph Knight,joseph.knight98@gmail.com,Central,United States,Electronics,Laptop Stand,5.0,143.59,0.1,3.72,Paypal,Delivered,2024-03-21,True
ORD-11599,2024-11-03,CUST1530,Marilyn Wang,marilyn@gmail.com,North,United States,Apparel,Denim Jacket,3.0,69.18,0.0,20.91,Debit Card,Shipped,2022-11-11,False
ORD-11606,2024-07-01,CUST1480,Dawn Mullins,dawn.mullins2@outlook.com,South,United States,Toys,Puzzle 1000PC,5.0,52.24,0.25,11.15,Paypal,Returned,2021-09-04,False
ORD-10167,2023-06-23,CUST1089,Aimee Montoya,aimee.montoya8@yahoo.com,Central,Mexico,Home & Kitchen,Air Fryer,2.0,57.56,0.2,12.13,Paypal,Pending,2023-05-11,False
ORD-10840,2023-04-05,CUST1392,Brian Smith,brian.smith63@hotmail.com,East,United States,Beauty,Lipstick,5.0,53.86,0.0,1.13,Paypal,Returned,2023-08-02,True
ORD-11870,2023-09-03,CUST1670,Chelsea Gill,chelsea.gill96@outlook.com,Central,Mexico,Apparel,Baseball Cap,2.0,78.79,0.0,9.36,Paypal,Shipped,2024-01-27,True
ORD-10537,2023-03-13,CUST1217,Mark Brown,mark.brown97@gmail.com,West,Mexico,Apparel,Wool Sweater,3.0,45.19,0.05,13.61,Gift Card,Returned,2021-06-17,False
ORD-10967,2024-02-01,CUST1177,Michael Wang,michael.wang23@yahoo.com,East,Canada,Home & Kitchen,Air Fryer,4.0,75.07,0.0,7.71,Credit Card,Pending,2021-09-28,False
ORD-11053,2024-11-16,CUST1785,Laurie Bailey,laurie.bailey17@yahoo.com,East,United States,Beauty,Sunscreen SPF50,1.0,14.51,0.05,21.13,Paypal,Cancelled,2021-07-24,False
ORD-11423,2023-01-15,CUST1642,Joshua Rice,joshua.rice94@gmail.com,South,Canada,Apparel,Cotton T-Shirt,5.0,79.44,0.25,9.45,Gift Card,Returned,2023-03-02,True
ORD-12759,2024-03-03,CUST1788,Cesar Wilson,cesar.wilson63@outlook.com,Central,Canada,Home & Kitchen,Throw Blanket,2.0,148.7,0.1,13.05,Credit Card,Pending,2022-05-29,False
ORD-11816,2024-07-05,CUST1484,Jasmine Beltran,jasmine.beltran53@hotmail.com,North,United States,Beauty,Hair Dryer,3.0,54.3,0.0,11.87,Gift Card,Returned,2022-03-21,False
ORD-10713,2023-08-29,CUST1053,Mark Perez,mark.perez14@yahoo.com,Central,United States,Home & Kitchen,Coffee Maker,5.0,53.06,0.05,5.75,Paypal,Pending,2022-12-07,False
ORD-11105,2023-11-13,CUST1423,Mary Escobar,mary.escobar80@hotmail.com,East,United States,Beauty,Hair Dryer,3.0,9.26,0.0,7.96,Debit Card,Cancelled,2022-11-06,False
ORD-11767,2024-06-10,CUST1272,Jonathan Lawrence,jonathan.lawrence90@hotmail.com,South,Canada,Beauty,Shampoo Set,3.0,11.76,0.15,24.49,Gift Card,Pending,2024-07-17,True
ORD-11269,2023-05-27,CUST1133,Daniel Kennedy,daniel.kennedy35@yahoo.com,South,United States,Electronics,Laptop Stand,2.0,247.92,0.25,19.7,Debit Card,Pending,2021-05-27,False
ORD-11828,2024-06-17,CUST1475,Julie Dominguez,julie.dominguez1@hotmail.com,South,Mexico,Sports & Outdoors,Resistance Bands,5.0,39.86,0.2,4.03,Debit Card,Delivered,2022-02-19,False
ORD-11992,2023-09-30,CUST1368,Renee Bruce,renee.bruce51@yahoo.com,North,United States,Sports & Outdoors,Resistance Bands,1.0,123.94,0.0,12.35,Gift Card,Returned,2022-04-02,False
ORD-12273,2023-06-22,CUST1452,Alexander Brown,alexander.brown24@hotmail.com,South,Canada,Sports & Outdoors,Resistance Bands,5.0,145.04,0.2,16.05,Paypal,Returned,2024-07-25,True
ORD-12189,2023-06-24,CUST1407,Jeremy Turner,jeremy.turner97@hotmail.com,South,Canada,Toys,Action Figure,4.0,37.440799999999996,0.25,11.44,Credit Card,Pending,2021-07-06,False
ORD-12489,2023-04-27,CUST1489,Lance Simmons,lance.simmons15@yahoo.com,Central,Canada,Apparel,Baseball Cap,2.0,89.18,0.0,12.13,Gift Card,Returned,2023-10-21,True
ORD-11452,2023-11-22,CUST1624,Shelley Miller,shelley.miller40@yahoo.com,East,United States,Toys,Action Figure,6.0,68.95,0.05,15.28,Credit Card,Shipped,2021-05-14,False
ORD-12369,2023-03-14,CUST1389,Scott Williams,scott.williams6@yahoo.com,East,Canada,Toys,Board Game,1.0,18.75,0.0,8.82,Paypal,Delivered,2021-10-26,False
ORD-11242,2024-06-24,CUST1405,Madison Weber,madison.weber89@hotmail.com,North,Mexico,Toys,Puzzle 1000PC,5.0,11.4,0.0,15.33,Debit Card,Pending,2022-07-10,False
ORD-11178,2024-06-11,CUST1014,Dylan Miller,dylan.miller28@outlook.com,West,United States,Home & Kitchen,LED Desk Lamp,6.0,50.74,0.05,24.52,Debit Card,Shipped,2022-03-12,False
ORD-12460,2023-05-15,CUST1672,Felicia Krueger,felicia.krueger23@outlook.com,Central,United States,Toys,Puzzle 1000PC,5.0,36.35,0.0,18.48,Debit Card,Returned,2021-08-25,False
ORD-12024,2024-06-21,CUST1534,Anthony Gonzales,anthony.gonzales32@outlook.com,Central,United States,Sports & Outdoors,Yoga Mat,4.0,60.89,0.0,5.58,Gift Card,Pending,2023-10-19,False
ORD-10305,2023-07-17,CUST1081,Mike Allen,mike.allen97@gmail.com,South,Mexico,Beauty,Sunscreen SPF50,2.0,15.17,0.25,17.5,Credit Card,Cancelled,2023-05-21,False
ORD-11533,2023-01-21,CUST1496,Austin Osborne,austin.osborne51@gmail.com,West,Mexico,Sports & Outdoors,Yoga Mat,6.0,71.82,0.0,8.84,Credit Card,Returned,2022-09-28,False
ORD-10604,,CUST1594,Tanya Russell,tanya.russell60@hotmail.com,North,United States,Electronics,Wireless Earbuds,3.0,235.49,0.05,10.05,Debit Card,Pending,2024-07-25,False
ORD-11467,2023-08-19,CUST1619,Elizabeth Mendez,elizabeth.mendez27@yahoo.com,West,Canada,Electronics,Webcam,2.0,235.18,0.25,0.57,Paypal,Shipped,2024-03-26,True
ORD-12357,2023-08-19,CUST1060,Victoria Garcia,victoria.garcia86@gmail.com,West,Canada,Electronics,Laptop Stand,1.0,44.75,0.25,6.99,Debit Card,Shipped,2022-12-26,False
ORD-12908,2023-10-09,CUST1396,Jennifer Collins,jennifer.collins59@outlook.com,Central,United States,Toys,RC Car,5.0,52.6,0.2,12.13,Gift Card,Returned,2021-05-04,False
ORD-11069,2024-11-03,CUST1632,Robert Cummings,robert.cummings13@outlook.com,South,United States,Toys,Puzzle 1000PC,5.0,64.05,0.0,20.56,Gift Card,Returned,2024-06-29,False
ORD-10403,2023-06-21,CUST1582,Gregory Peck,gregory.peck54@gmail.com,South,Canada,Home & Kitchen,Non-Stick Pan Set,2.0,91.01,0.1,18.48,Paypal,Cancelled,2023-04-29,False
ORD-11366,2024-02-22,CUST1090,Matthew Mcmillan,,West,Canada,Electronics,Laptop Stand,6.0,124.67,0.05,11.97,Credit Card,Shipped,2024-03-25,True
ORD-11081,2023-06-13,CUST1652,David Robinson,david.robinson10@hotmail.com,East,United States,Toys,Puzzle 1000PC,4.0,47.75,0.0,23.39,Paypal,Delivered,2022-10-19,False
ORD-12428,2024-12-18,CUST1836,Danielle Watson,danielle@gmail.com,East,United States,Toys,Board Game,1.0,47.06,0.0,20.69,Gift Card,Cancelled,2021-11-14,False
ORD-10559,2024-03-26,CUST1312,Shannon Ramsey,shannon.ramsey21@outlook.com,East,United States,Sports & Outdoors,Yoga Mat,6.0,79.89,0.15,13.96,Gift Card,Pending,2024-03-29,True
ORD-10662,2023-11-24,CUST1629,Kevin Davis,kevin.davis69@gmail.com,North,Mexico,Electronics,Webcam,6.0,131.21,0.1,4.9,Gift Card,Delivered,2024-05-01,True
ORD-11904,2024-12-02,CUST1133,Daniel Kennedy,daniel.kennedy35@yahoo.com,South,United States,Beauty,Shampoo Set,3.0,20.95,0.15,21.4,Credit Card,Shipped,2021-05-27,False
ORD-11668,2024-10-30,CUST1030,Rebecca Henderson,rebecca.henderson1@gmail.com,South,Canada,Home & Kitchen,Non-Stick Pan Set,6.0,77.56,0.0,8.12,Debit Card,Cancelled,2024-07-16,False
ORD-11936,2023-01-29,CUST1277,Marie Christian,marie.christian24@hotmail.com,Central,United States,Home & Kitchen,Coffee Maker,5.0,95.96,0.1,22.01,Credit Card,Cancelled,2023-10-16,True
ORD-12952,2023-04-27,CUST1119,Jeffrey Chandler,jeffrey.chandler98@outlook.com,East,United States,Home & Kitchen,Coffee Maker,4.0,57.81,0.0,2.88,Paypal,Delivered,2021-07-25,False
ORD-11116,2023-12-05,CUST1386,Adam Burgess,adam.burgess31@outlook.com,West,Canada,Beauty,Lipstick,3.0,7.78,0.0,11.97,Debit Card,Cancelled,2022-08-03,False
ORD-11923,2024-12-17,CUST1467,William Jones,william.jones87@hotmail.com,Central,Mexico,Electronics,Laptop Stand,2.0,226.46,0.0,9.79,Paypal,Shipped,2023-09-30,False
ORD-11757,2024-03-16,CUST1838,Michael Young,michael.young3@outlook.com,East,Mexico,Sports & Outdoors,Yoga Mat,1.0,23.71,0.0,7.23,Paypal,Returned,2024-06-24,True
ORD-10727,2023-08-17,CUST1708,Joseph Williams,joseph.williams29@outlook.com,South,Mexico,Home & Kitchen,Non-Stick Pan Set,5.0,139.84,0.0,22.55,Paypal,Returned,2022-02-02,False
ORD-11271,2024-09-13,CUST1703,Michael Abbott,michael.abbott57@hotmail.com,North,United States,Electronics,USB-C Cable,3.0,139.12,0.0,7.7,Credit Card,Cancelled,2023-03-21,False
ORD-11539,2023-09-12,CUST1462,Riley Bryant,riley.bryant76@outlook.com,West,United States,Home & Kitchen,Coffee Maker,1.0,174.69,0.0,11.97,Credit Card,Shipped,2024-06-03,True
ORD-10189,2024-04-11,CUST1071,Whitney Peters,whitney.peters80@outlook.com,East,Canada,Home & Kitchen,Coffee Maker,1.0,43.17,0.0,20.47,Paypal,Shipped,2024-09-20,True
ORD-10797,2023-05-31,CUST1500,Jennifer Banks,jennifer.banks45@outlook.com,South,Mexico,Home & Kitchen,Non-Stick Pan Set,3.0,165.93,0.0,19.31,Paypal,Cancelled,2021-08-12,False
ORD-10606,2023-06-29,CUST1122,April Frost,april.frost74@outlook.com,West,United States,Home & Kitchen,Coffee Maker,4.0,118.99,0.0,11.97,Paypal,Returned,2023-08-20,True
ORD-13017,2024-01-10,CUST1453,Cynthia Vang,cynthia.vang37@yahoo.com,West,Canada,Apparel,Baseball Cap,3.0,47.24,0.25,22.09,Credit Card,Shipped,2022-01-19,False
ORD-13053,2023-05-09,CUST1164,Michael Powell,,East,United States,Apparel,Running Shoes,6.0,39.21,0.15,24.82,Gift Card,Cancelled,2021-04-25,False
ORD-12904,,CUST1669,Michael Morrison,michael.morrison44@outlook.com,South,United States,Beauty,Lipstick,4.0,22.8,0.25,7.1,Debit Card,Returned,2023-07-17,False
ORD-12708,2024-06-16,CUST1577,Raymond Le,raymond.le87@yahoo.com,South,United States,Apparel,Denim Jacket,5.0,66.41,0.25,12.45,Paypal,Cancelled,2021-09-04,False
ORD-10098,2024-07-22,CUST1550,Kelly Lee,kelly.lee21@hotmail.com,East,United States,Toys,Building Blocks Set,2.0,69.95,0.05,13.35,Credit Card,Delivered,2024-08-02,True
ORD-12191,2024-02-17,CUST1666,David Harris,david.harris75@hotmail.com,Central,United States,Sports & Outdoors,Water Bottle,4.0,46.25,0.0,13.55,Credit Card,Delivered,2023-11-08,False
ORD-11227,2023-05-07,CUST1191,Karen Graham,,South,Canada,Sports & Outdoors,Hiking Backpack,6.0,39.03,0.05,2.64,Gift Card,Shipped,2022-11-15,False
ORD-11842,2024-06-18,CUST1467,William Jones,william.jones87@hotmail.com,Central,Mexico,Apparel,Running Shoes,3.0,79.46,0.05,12.95,Gift Card,Cancelled,2023-09-30,False
ORD-11719,2024-12-02,CUST1332,Jordan Bates,jordan.bates85@hotmail.com,East,United States,Apparel,Denim Jacket,5.0,31.49,0.2,17.46,Credit Card,Delivered,2023-12-13,False
ORD-10901,2024-01-20,CUST1516,William Day,william.day48@hotmail.com,North,Canada,Beauty,Lipstick,2.0,42.05,0.0,8.15,Gift Card,Cancelled,2021-06-23,False
ORD-12066,2024-08-30,CUST1813,Michael Roberts,michael.roberts67@outlook.com,Central,United States,Apparel,Cotton T-Shirt,3.0,74.5,0.0,3.52,Paypal,Returned,2022-08-07,False
ORD-12124,,CUST1786,Lisa Cervantes,lisa.cervantes49@yahoo.com,South,United States,Electronics,Wireless Earbuds,2.0,59.87,0.2,0.8,Credit Card,Cancelled,2021-10-26,False
ORD-11820,2023-01-22,CUST1714,Jennifer Jones,jennifer.jones22@gmail.com,South,Mexico,Electronics,Wireless Earbuds,5.0,67.2,0.15,22.97,Credit Card,Cancelled,2022-10-04,False
ORD-11706,2023-12-09,CUST1743,Valerie Taylor,valerie.taylor79@gmail.com,North,Canada,Home & Kitchen,LED Desk Lamp,3.0,49.04,0.1,15.63,Paypal,Pending,2023-12-25,True
ORD-11313,2024-09-03,CUST1134,Rebecca Jackson,rebecca.jackson73@outlook.com,West,Mexico,Electronics,Smartwatch,5.0,138.62,0.0,8.77,Gift Card,Delivered,2023-06-19,False
ORD-12431,2023-06-10,CUST1809,Heather Page,,East,Canada,Beauty,Shampoo Set,6.0,58.86,0.1,21.56,Credit Card,Pending,2023-10-05,True
ORD-10336,2023-10-19,CUST1345,Theresa Williams,theresa.williams5@yahoo.com,North,United States,Beauty,Hair Dryer,4.0,46.93,0.1,18.51,Paypal,Delivered,2023-05-06,False
ORD-10440,2023-11-15,CUST1268,Cynthia Rowe,cynthia.rowe9@gmail.com,North,Mexico,Home & Kitchen,LED Desk Lamp,4.0,141.72,0.15,10.11,Gift Card,Cancelled,2023-03-11,False
ORD-10104,2023-04-08,CUST1794,Jerry Brown,jerry.brown58@gmail.com,East,United States,Electronics,Smartwatch,4.0,131.21,0.25,21.25,Gift Card,Shipped,2023-02-20,False
ORD-11206,2024-09-07,CUST1259,Kristen Reyes,mrs..reyes11@outlook.com,East,Canada,Apparel,Wool Sweater,5.0,48.14,0.0,1.82,Credit Card,Shipped,2022-04-05,False
ORD-10520,2023-11-08,CUST1421,Maria Jones,maria.jones10@outlook.com,West,Canada,Sports & Outdoors,Hiking Backpack,5.0,106.04,0.0,4.84,Paypal,Pending,2022-05-31,False
ORD-10655,2021-04-29,CUST1624,Shelley Miller,shelley.miller40@yahoo.com,East,United States,Beauty,Sunscreen SPF50,3.0,59.91,0.0,17.63,Paypal,Pending,2021-05-14,True
ORD-11748,2023-10-08,CUST1004,Cristian Santos,cristian.santos1@yahoo.com,East,United States,Sports & Outdoors,Camping Tent,3.0,91.34629999999999,0.0,4.2,Gift Card,Shipped,2023-05-16,False
ORD-10973,2024-12-08,CUST1150,David Wright,david.wright19@hotmail.com,Central,Mexico,Electronics,Webcam,5.0,132.52,0.2,11.73,Debit Card,Delivered,2022-01-26,False
ORD-12290,2023-02-23,CUST1063,Donald Wright,donald.wright5@hotmail.com,West,United States,Toys,Puzzle 1000PC,6.0,32.52,0.2,10.32,Debit Card,Returned,2022-04-01,False
ORD-12902,2024-01-13,CUST1185,Hannah Patterson,dr..patterson15@gmail.com,South,United States,Sports & Outdoors,Water Bottle,4.0,18.34,0.0,12.225000000000001,Credit Card,Shipped,2022-04-26,False
ORD-12664,2024-10-10,CUST1504,Katherine Martinez,katherine.martinez14@gmail.com,Central,Canada,Toys,Action Figure,2.0,13.83,0.15,20.64,Debit Card,Pending,2022-04-13,False
ORD-12037,2023-12-01,CUST1752,Michael Fuentes,michael.fuentes72@hotmail.com,Central,Canada,Electronics,Wireless Earbuds,6.0,174.35,0.0,23.78,Debit Card,Returned,2022-02-01,False
ORD-10060,2024-03-24,CUST1690,Ryan Landry,ryan.landry58@yahoo.com,Central,United States,Sports & Outdoors,Hiking Backpack,4.0,33.62,0.2,17.84,Paypal,Returned,2024-08-08,True
ORD-10150,2023-05-16,CUST1644,Edwin Nunez,edwin.nunez22@gmail.com,North,United States,Sports & Outdoors,Hiking Backpack,4.0,83.5,0.05,6.73,Paypal,Pending,2021-09-29,False
ORD-11458,2024-02-06,CUST1129,Megan Orr,megan.orr21@yahoo.com,North,United States,Toys,Board Game,5.0,63.81,0.15,5.93,Credit Card,Pending,2021-12-22,False
ORD-10360,2024-10-26,CUST1017,Derek Zuniga,derek.zuniga18@hotmail.com,North,United States,Sports & Outdoors,Camping Tent,6.0,26.31,0.0,19.65,Paypal,Returned,2021-07-06,False
ORD-11112,2024-03-14,CUST1636,Timothy Johnson,timothy.johnson43@yahoo.com,North,Canada,Sports & Outdoors,Water Bottle,3.0,96.32,0.05,18.99,Paypal,Cancelled,2021-01-06,False
ORD-12889,2023-05-22,CUST1738,David Wright,mr..wright61@hotmail.com,West,Canada,Sports & Outdoors,Hiking Backpack,5.0,74.48,0.0,18.72,Credit Card,Delivered,2021-12-16,False
ORD-10113,2024-06-08,CUST1775,Christopher Moore,christopher.moore80@outlook.com,North,Canada,Sports & Outdoors,Hiking Backpack,4.0,124.02,0.1,21.32,Credit Card,Cancelled,2021-11-16,False
ORD-10205,2024-12-01,CUST1118,Victor Baker,victor.baker98@yahoo.com,West,United States,Apparel,Cotton T-Shirt,1.0,28.17,0.0,1.42,Gift Card,Returned,2022-01-28,False
ORD-13057,2024-07-23,CUST1011,Jamie Arnold,jamie.arnold83@gmail.com,South,Canada,Electronics,Webcam,3.0,62.9,0.05,6.09,Gift Card,Delivered,2024-06-01,False
ORD-10204,2023-05-13,CUST1082,Michael Evans,michael.evans7@yahoo.com,South,United States,Beauty,Lipstick,2.0,6.18,0.05,1.3,Gift Card,Cancelled,2021-09-06,False
ORD-11846,2024-11-24,CUST1475,Julie Dominguez,julie.dominguez1@hotmail.com,South,Mexico,Electronics,Smartwatch,6.0,167.89,0.25,11.45,Debit Card,Delivered,2022-02-19,False
ORD-10565,2024-08-26,CUST1768,Jason Nixon,jason.nixon97@outlook.com,West,Canada,Toys,Board Game,6.0,68.62,0.0,21.14,Gift Card,Returned,2023-07-29,False
ORD-12819,2023-10-27,CUST1255,Kristen Davis,kristen.davis78@yahoo.com,West,United States,Home & Kitchen,Coffee Maker,2.0,165.59,0.2,17.95,Gift Card,Cancelled,2022-05-28,False
ORD-10777,2024-06-11,CUST1362,Bryan Gomez,bryan.gomez66@hotmail.com,North,Canada,Sports & Outdoors,Water Bottle,1.0,97.28,0.0,21.08,Credit Card,Delivered,2023-07-25,False
ORD-12821,2023-08-18,CUST1564,Molly Watts,molly.watts21@gmail.com,South,United States,Electronics,Webcam,5.0,36.66,0.0,24.6,Debit Card,Delivered,2021-07-27,False
ORD-12476,2024-05-19,CUST1671,Kristin Mendoza,kristin.mendoza27@outlook.com,South,Mexico,Toys,Action Figure,4.0,40.73,0.2,10.84,Debit Card,Shipped,2022-12-09,False
ORD-11138,2023-04-22,CUST1509,Michelle Ho,michelle.ho9@hotmail.com,East,Canada,Toys,RC Car,3.0,20.17,0.0,16.55,Paypal,Cancelled,2022-02-08,False
ORD-12414,2023-06-21,CUST1248,Jose Travis,jose.travis44@hotmail.com,South,United States,Electronics,Webcam,6.0,73.69,0.0,3.38,Paypal,Cancelled,2022-01-29,False
ORD-10327,2024-12-15,CUST1741,Manuel Brock,manuel.brock50@yahoo.com,South,Canada,Apparel,Running Shoes,4.0,44.14,0.1,1.1,Debit Card,Returned,2021-08-11,False
ORD-12084,2023-10-09,CUST1351,Kimberly Nguyen,kimberly.nguyen12@hotmail.com,South,United States,Electronics,Webcam,2.0,119.08,0.15,5.84,Paypal,Pending,2021-07-15,False
ORD-10772,2023-02-18,CUST1545,Cindy Gomez,,Central,United States,Beauty,Lipstick,3.0,46.21,0.0,14.94,Credit Card,Pending,2021-04-26,False
ORD-10671,,CUST1766,Raymond Chapman,raymond.chapman14@gmail.com,East,Canada,Beauty,Face Moisturizer,6.0,36.19,0.25,8.22,Credit Card,Delivered,2023-10-28,False
ORD-11327,2023-03-12,CUST1472,Lori Ingram,lori.ingram64@outlook.com,East,Canada,Electronics,Webcam,2.0,192.72,0.0,10.08,Gift Card,Pending,2022-10-24,False
ORD-12813,2023-11-04,CUST1384,Aimee Turner,aimee.turner28@hotmail.com,East,Canada,Sports & Outdoors,Water Bottle,3.0,79.27,0.0,12.69,Credit Card,Delivered,2022-04-03,False
ORD-11841,2024-05-15,CUST1823,Jackie Clements,jackie.clements5@yahoo.com,North,Canada,Beauty,Face Moisturizer,3.0,31.95,0.15,4.63,Debit Card,Cancelled,2023-08-02,False
ORD-11257,2023-11-25,CUST1249,Kimberly Gutierrez,kimberly@gmail.com,Central,Mexico,Beauty,Lipstick,2.0,39.33,0.05,11.92,Credit Card,Returned,2021-07-27,False
ORD-10700,2024-10-15,CUST1619,Elizabeth Mendez,elizabeth.mendez27@yahoo.com,West,Canada,Toys,Action Figure,3.0,69.09,0.05,3.64,Paypal,Shipped,2024-03-26,False
ORD-11091,2024-12-28,CUST1012,Lisa Hensley,lisa.hensley21@hotmail.com,Central,United States,Apparel,Denim Jacket,1.0,40.75,0.0,4.14,Debit Card,Pending,2023-02-17,False
ORD-11046,2024-10-29,CUST1835,Timothy Hill,timothy.hill94@hotmail.com,Central,United States,Apparel,Cotton T-Shirt,5.0,30.33,0.0,14.34,Debit Card,Returned,2022-07-18,False
ORD-11340,2024-07-26,CUST1214,Julie Alexander,julie.alexander73@hotmail.com,North,Canada,Beauty,Hair Dryer,5.0,51.69,0.0,12.91,Gift Card,Returned,2021-05-23,False
ORD-12381,2024-02-27,CUST1780,Christine Goodwin,christine.goodwin51@yahoo.com,Central,United States,Home & Kitchen,Throw Blanket,3.0,30.93,0.25,6.86,Gift Card,Returned,2023-07-26,False
ORD-12355,2024-07-25,CUST1022,Ethan Adams,ethan.adams81@outlook.com,Central,United States,Electronics,Laptop Stand,5.0,218.1,0.15,4.52,Debit Card,Returned,2024-08-01,True
ORD-10101,2024-05-20,CUST1310,Paul Morgan,dr..morgan31@hotmail.com,West,United States,Electronics,Webcam,6.0,111.1,0.0,18.65,Debit Card,Shipped,2021-08-09,False
ORD-10580,2024-05-20,CUST1473,Evelyn Williams,evelyn.williams73@hotmail.com,North,Canada,Electronics,Bluetooth Speaker,4.0,100.05,0.1,4.16,Paypal,Cancelled,2022-12-05,False
ORD-11156,2023-02-16,CUST1621,Lisa Perry,,East,Canada,Toys,Puzzle 1000PC,2.0,23.32,0.1,15.01,Debit Card,Shipped,2023-12-30,True
ORD-10758,2024-12-30,CUST1496,Austin Osborne,austin.osborne51@gmail.com,West,Mexico,Electronics,Webcam,1.0,143.52,0.1,21.78,Gift Card,Cancelled,2022-09-28,False
ORD-12499,2024-01-22,CUST1077,Megan Young,megan.young80@outlook.com,East,United States,Sports & Outdoors,Resistance Bands,3.0,60.8,0.0,7.97,Credit Card,Returned,2021-07-11,False
ORD-10542,2023-10-05,CUST1807,Robert Gonzales,robert.gonzales57@outlook.com,East,United States,Apparel,Baseball Cap,4.0,53.87,0.05,2.36,Credit Card,Delivered,2023-01-20,False
ORD-10215,2023-04-14,CUST1567,Lauren Jackson,lauren.jackson47@gmail.com,East,Mexico,Toys,Building Blocks Set,6.0,32.94,0.0,8.42,Credit Card,Delivered,2023-05-26,True
ORD-12773,2023-06-14,CUST1754,Dana Hopkins,dana.hopkins30@hotmail.com,South,Canada,Toys,Board Game,4.0,13.75,0.0,24.91,Debit Card,Shipped,2021-11-28,False
ORD-11664,2024-02-12,CUST1182,Angela Vaughn,angela.vaughn14@yahoo.com,Central,Canada,Beauty,Sunscreen SPF50,4.0,56.1,0.0,11.31,Gift Card,Cancelled,2023-08-24,False
ORD-11284,2024-09-02,CUST1483,Steve Paul,steve.paul2@yahoo.com,South,Mexico,Toys,Building Blocks Set,1.0,57.39,0.15,2.77,Credit Card,Pending,2023-06-21,False
ORD-11213,2024-07-24,CUST1341,Cynthia Morris,cynthia.morris7@gmail.com,West,Canada,Home & Kitchen,Coffee Maker,5.0,15.42,0.0,6.52,Debit Card,Shipped,2023-04-27,False
ORD-10047,2024-01-17,CUST1696,Joseph Hill,joseph.hill14@yahoo.com,West,Mexico,Sports & Outdoors,Resistance Bands,4.0,123.2314,0.0,23.96,Credit Card,Cancelled,2024-01-07,False
ORD-10873,2024-12-12,CUST1727,Nancy Stewart,,North,Mexico,Electronics,USB-C Cable,3.0,46.12,0.05,2.69,Debit Card,Shipped,2024-08-21,False
ORD-12001,2024-01-20,CUST1571,Christian Vaughn,christian.vaughn49@outlook.com,North,United States,Beauty,Hair Dryer,2.0,43.63,0.25,24.46,Debit Card,Pending,2022-01-18,False
ORD-11872,2024-03-27,CUST1823,Jackie Clements,jackie.clements5@yahoo.com,North,Canada,Sports & Outdoors,Camping Tent,2.0,43.75,0.1,23.39,Gift Card,Cancelled,2023-08-02,False
ORD-10677,2023-11-27,CUST1833,Tyler Harris,tyler.harris46@yahoo.com,West,Mexico,Electronics,Bluetooth Speaker,5.0,165.59,0.15,15.11,Debit Card,Delivered,2022-05-29,False
ORD-12183,2023-02-06,CUST1173,Matthew Harrington,,West,United States,Electronics,Webcam,4.0,154.26,0.15,2.68,Debit Card,Cancelled,2021-04-11,False
ORD-10013,2024-04-19,CUST1055,Michael Lewis,michael@gmail.com,North,Canada,Apparel,Wool Sweater,3.0,46.07,0.1,3.09,Credit Card,Returned,2023-05-18,False
ORD-12205,2024-10-10,CUST1577,Raymond Le,raymond.le87@yahoo.com,South,United States,Sports & Outdoors,Resistance Bands,2.0,83.33,0.0,13.53,Credit Card,Delivered,2021-09-04,False
ORD-13014,2024-11-04,CUST1281,Tammie Bright,tammie.bright94@outlook.com,East,Mexico,Sports & Outdoors,Hiking Backpack,3.0,36.1,0.0,12.69,Paypal,Delivered,2024-06-13,False
ORD-10642,2024-10-16,CUST1014,Dylan Miller,dylan.miller28@outlook.com,West,United States,Beauty,Shampoo Set,1.0,19.86,0.15,15.01,Debit Card,Shipped,2022-03-12,False
ORD-11777,2024-09-13,CUST1131,Dustin Jordan,dustin.jordan30@outlook.com,West,Canada,Electronics,Webcam,4.0,54.96,0.25,20.5,Gift Card,Cancelled,2022-08-03,False
ORD-11170,2024-04-03,CUST1000,Allison Hill,allison.hill4@outlook.com,South,Mexico,Electronics,USB-C Cable,2.0,68.99,0.05,5.27,Credit Card,Pending,2022-05-17,False
ORD-11621,2023-05-12,CUST1132,Mary Marshall,mary.marshall34@yahoo.com,Central,United States,Sports & Outdoors,Camping Tent,6.0,90.08,0.0,14.25,Gift Card,Cancelled,2023-05-21,True
ORD-10066,,CUST1411,Lisa Hunter,lisa.hunter46@hotmail.com,Central,Mexico,Apparel,Running Shoes,5.0,52.62,0.1,17.13,Paypal,Pending,2023-06-04,False
ORD-10470,2023-05-10,CUST1474,Robin Thompson,robin@gmail.com,North,United States,Apparel,Baseball Cap,1.0,25.12,0.05,22.75,Credit Card,Shipped,2023-07-31,True
ORD-11211,2024-03-11,CUST1311,Victor Taylor,victor.taylor7@outlook.com,West,United States,Apparel,Denim Jacket,6.0,61.0,0.25,12.37,Paypal,Shipped,2023-02-26,False
ORD-10548,2023-08-19,CUST1055,Michael Lewis,michael@gmail.com,North,Canada,Apparel,Denim Jacket,6.0,41.78,0.05,7.63,Gift Card,Cancelled,2023-05-18,False
ORD-11731,2024-01-16,CUST1303,Sara Fuller,,East,Mexico,Beauty,Sunscreen SPF50,1.0,32.88,0.1,18.28,Gift Card,Cancelled,2024-08-06,True
ORD-11722,2024-04-09,CUST1412,Julian Conner,julian.conner99@outlook.com,North,Canada,Apparel,Wool Sweater,5.0,15.34,0.0,1.98,Credit Card,Cancelled,2022-05-20,False
ORD-10834,2024-06-25,CUST1016,Holly Wood,holly.wood69@outlook.com,Central,United States,Apparel,Wool Sweater,2.0,29.36,0.0,12.01,Debit Card,Delivered,2024-04-12,False
ORD-11743,2023-10-07,CUST1362,Bryan Gomez,bryan.gomez66@hotmail.com,North,Canada,Beauty,Face Moisturizer,5.0,28.6,0.1,9.65,Debit Card,Pending,2023-07-25,False
ORD-10783,2023-04-23,CUST1754,Dana Hopkins,dana.hopkins30@hotmail.com,South,Canada,Toys,Action Figure,6.0,25.41,0.25,9.54,Credit Card,Shipped,2021-11-28,False
ORD-13064,2024-03-15,CUST1512,Allison Spencer,allison.spencer70@yahoo.com,West,Canada,Toys,RC Car,1.0,37.8,0.0,16.0,Debit Card,Shipped,2021-11-05,False
ORD-12173,2023-11-10,CUST1775,Christopher Moore,christopher.moore80@outlook.com,North,Canada,Beauty,Hair Dryer,3.0,5.18,0.2,4.46,Debit Card,Delivered,2021-11-16,False
ORD-11017,2024-01-02,CUST1078,Steve Sanchez,steve.sanchez19@gmail.com,West,Canada,Home & Kitchen,Coffee Maker,5.0,63.03,0.0,13.22,Paypal,Delivered,2021-04-05,False
ORD-10927,2023-02-11,CUST1488,Bobby Guerrero,bobby.guerrero25@hotmail.com,North,United States,Electronics,USB-C Cable,3.0,244.24,0.15,5.57,Credit Card,Delivered,2022-08-29,False
ORD-10854,2024-10-01,CUST1472,Lori Ingram,lori.ingram64@outlook.com,East,Canada,Home & Kitchen,LED Desk Lamp,6.0,64.71,0.25,2.82,Credit Card,Returned,2022-10-24,False
ORD-10231,2024-01-30,CUST1246,Krista Gibson,krista.gibson83@outlook.com,Central,Canada,Beauty,Hair Dryer,4.0,44.12,0.0,22.49,Paypal,Delivered,2021-09-19,False
ORD-11217,2024-01-29,CUST1637,Randy Cannon,randy.cannon86@hotmail.com,Central,Canada,Home & Kitchen,Non-Stick Pan Set,4.0,122.16,0.0,3.5,Debit Card,Returned,2021-11-02,False
ORD-12841,2023-06-05,CUST1160,Paul Castaneda,paul@gmail.com,Central,United States,Toys,Building Blocks Set,3.0,25.61,0.05,24.29,Gift Card,Shipped,2022-11-04,False
ORD-12789,2023-12-24,CUST1752,Michael Fuentes,michael.fuentes72@hotmail.com,Central,Canada,Apparel,Denim Jacket,3.0,49.17,0.2,12.01,Gift Card,Delivered,2022-02-01,False
ORD-10137,2023-12-13,CUST1053,Mark Perez,mark.perez14@yahoo.com,Central,United States,Apparel,Cotton T-Shirt,6.0,49.09,0.2,16.33,Paypal,Delivered,2022-12-07,False
ORD-11957,2023-07-03,CUST1083,Paul Jones,paul.jones72@outlook.com,Central,United States,Home & Kitchen,Throw Blanket,2.0,148.71,0.0,4.69,Debit Card,Delivered,2023-06-26,False
ORD-10116,2023-07-31,CUST1070,Jordan Henderson,jordan.henderson69@yahoo.com,North,Mexico,Apparel,Baseball Cap,5.0,67.34,0.25,11.51,Credit Card,Returned,2023-01-16,False
ORD-10609,2024-09-10,CUST1039,Brittany Farmer,brittany.farmer52@gmail.com,North,United States,Electronics,Smartwatch,1.0,153.74,0.0,4.61,Gift Card,Shipped,2021-12-04,False
ORD-11779,2024-11-10,CUST1227,Michael Warner,michael.warner12@hotmail.com,West,Canada,Apparel,Running Shoes,6.0,24.68,0.0,9.37,Debit Card,Delivered,2021-08-05,False
ORD-12163,2024-02-27,CUST1402,Mary Thompson,mary.thompson11@gmail.com,West,United States,Electronics,Bluetooth Speaker,4.0,128.06,0.25,11.97,Gift Card,Pending,2021-07-11,False
ORD-11644,2024-08-11,CUST1462,Riley Bryant,riley.bryant76@outlook.com,West,United States,Sports & Outdoors,Resistance Bands,2.0,63.88,0.0,11.97,Paypal,Returned,2024-06-03,False
ORD-10358,2023-10-04,CUST1003,Daniel Wagner,daniel.wagner92@hotmail.com,Central,United States,Beauty,Hair Dryer,2.0,48.4,0.0,12.13,Credit Card,Cancelled,2022-03-28,False
ORD-11082,2023-06-08,CUST1558,Larry Robertson,larry.robertson94@hotmail.com,West,United States,Beauty,Lipstick,1.0,38.3361,0.15,22.44,Paypal,Pending,2021-12-07,False
ORD-10950,2024-09-15,CUST1801,Krista Wilson,krista.wilson11@gmail.com,South,Canada,Sports & Outdoors,Hiking Backpack,5.0,93.55,0.2,1.15,Gift Card,Pending,2022-06-22,False
ORD-10505,2023-09-28,CUST1615,Matthew Schwartz,matthew.schwartz10@hotmail.com,North,Mexico,Beauty,Shampoo Set,1.0,56.21,0.0,9.63,Paypal,Shipped,2022-02-03,False
ORD-12277,2024-03-09,CUST1270,Jasmin Alvarado,jasmin.alvarado85@gmail.com,East,United States,Beauty,Sunscreen SPF50,6.0,16.22,0.05,2.16,Gift Card,Pending,2024-04-06,True
ORD-12865,2024-11-13,CUST1605,Todd Rosales Md,todd.md92@outlook.com,Central,United States,Electronics,Bluetooth Speaker,6.0,220.72,0.15,22.91,Paypal,Pending,2022-01-21,False
ORD-10748,2024-01-07,CUST1601,Jennifer Simpson Dvm,jennifer.dvm45@hotmail.com,West,United States,Toys,Action Figure,3.0,47.44,0.05,12.71,Credit Card,Cancelled,2022-06-01,False
ORD-10418,2023-04-28,CUST1703,Michael Abbott,michael.abbott57@hotmail.com,North,United States,Electronics,Bluetooth Speaker,5.0,47.16,0.05,10.07,Debit Card,Delivered,2023-03-21,False
ORD-13083,2023-09-17,CUST1690,Ryan Landry,ryan.landry58@yahoo.com,Central,United States,Apparel,Wool Sweater,4.0,60.35,0.05,19.57,Debit Card,Delivered,2024-08-08,True
ORD-11052,2024-07-31,CUST1487,Samantha Gardner,samantha.gardner37@gmail.com,South,Canada,Beauty,Shampoo Set,2.0,39.25,0.0,4.82,Paypal,Returned,2024-10-09,True
ORD-10859,2023-05-22,CUST1459,Ruben Dunn,ruben.dunn70@outlook.com,West,Canada,Sports & Outdoors,Resistance Bands,3.0,98.09,0.0,0.46,Paypal,Delivered,2024-01-16,True
ORD-11903,2023-02-26,CUST1763,Jessica Smith,jessica.smith76@yahoo.com,North,Canada,Apparel,Cotton T-Shirt,4.0,75.85,0.0,11.09,Credit Card,Returned,2023-11-27,True
ORD-10939,2024-09-25,CUST1620,Casey Hernandez,casey.hernandez56@hotmail.com,West,United States,Electronics,Bluetooth Speaker,6.0,30.37,0.15,5.8,Paypal,Shipped,2023-04-07,False
ORD-10976,2024-04-10,CUST1273,Shelly Alexander,shelly.alexander59@gmail.com,North,United States,Sports & Outdoors,Hiking Backpack,3.0,82.46,0.05,21.94,Debit Card,Cancelled,2022-08-24,False
ORD-10930,2023-07-29,CUST1212,Melissa Martinez,melissa.martinez72@gmail.com,East,Canada,Apparel,Cotton T-Shirt,1.0,52.99,0.25,0.32,Gift Card,Pending,2024-06-01,True
ORD-13043,2023-05-18,CUST1736,Charles Turner,charles.turner19@gmail.com,South,Canada,Electronics,Wireless Earbuds,5.0,62.01,0.15,20.64,Paypal,Shipped,2021-07-12,False
ORD-11078,2024-10-04,CUST1160,Paul Castaneda,paul@gmail.com,Central,United States,Toys,Building Blocks Set,1.0,8.88,0.0,8.55,Gift Card,Pending,2022-11-04,False
ORD-10539,2023-09-19,CUST1302,Megan Le,megan.le85@outlook.com,North,Canada,Electronics,Wireless Earbuds,6.0,163.39,0.15,12.19,Paypal,Delivered,2024-02-29,True
ORD-12801,2023-08-28,CUST1785,Laurie Bailey,laurie.bailey17@yahoo.com,East,United States,Sports & Outdoors,Camping Tent,5.0,92.84,0.0,11.24,Credit Card,Delivered,2021-07-24,False
ORD-11551,2024-02-21,CUST1191,Karen Graham,,South,Canada,Beauty,Shampoo Set,1.0,59.6,0.2,24.56,Gift Card,Pending,2022-11-15,False
ORD-10946,2024-05-22,CUST1365,Kenneth Lewis,kenneth.lewis9@hotmail.com,West,United States,Apparel,Cotton T-Shirt,1.0,75.28,0.2,14.27,Gift Card,Delivered,2021-06-03,False
ORD-11877,2023-11-12,CUST1770,Jesse Clark,jesse.clark29@yahoo.com,East,Canada,Beauty,Hair Dryer,3.0,57.11,0.05,19.78,Debit Card,Delivered,2022-10-09,False
ORD-13021,2023-06-23,CUST1627,Laura Hernandez,laura.hernandez94@yahoo.com,North,Canada,Beauty,Shampoo Set,2.0,56.53,0.0,15.93,Credit Card,Delivered,2022-03-09,False
ORD-12753,2024-12-14,CUST1734,Steven Stein,steven.stein62@yahoo.com,West,Canada,Toys,Building Blocks Set,3.0,23.51,0.25,5.87,Debit Card,Delivered,2024-04-24,False
ORD-10295,2023-09-09,CUST1025,Judy Baker,judy.baker73@gmail.com,West,Canada,Beauty,Face Moisturizer,1.0,44.63,0.0,9.53,Credit Card,Shipped,2021-06-25,False
ORD-13136,2023-02-18,CUST1227,Michael Warner,michael.warner12@hotmail.com,West,Canada,Toys,Puzzle 1000PC,2.0,33.75,0.25,1.43,Credit Card,Returned,2021-08-05,False
ORD-10405,2021-02-05,CUST1501,Brian Fitzgerald,brian.fitzgerald35@gmail.com,West,United States,Home & Kitchen,Air Fryer,1.0,34.8,0.0,4.98,Paypal,Returned,2021-02-03,False
ORD-10923,2024-07-01,CUST1246,Krista Gibson,krista.gibson83@outlook.com,Central,Canada,Apparel,Denim Jacket,4.0,90.0,0.25,15.81,Paypal,Cancelled,2021-09-19,False
ORD-12892,2024-09-30,CUST1451,Courtney Hayes,courtney.hayes66@hotmail.com,South,Canada,Apparel,Cotton T-Shirt,2.0,64.05,0.0,22.6,Gift Card,Delivered,2023-05-07,False
ORD-12724,2023-07-26,CUST1064,Jessica Callahan,jessica.callahan30@yahoo.com,South,United States,Toys,Board Game,3.0,13.8,0.05,5.22,Credit Card,Delivered,2021-02-18,False
ORD-12439,2024-03-07,CUST1097,Deborah Figueroa,deborah.figueroa96@gmail.com,North,Mexico,Toys,Building Blocks Set,3.0,52.07,0.1,17.46,Gift Card,Returned,2022-12-18,False
ORD-12852,2024-07-26,CUST1713,Laurie Goodwin,laurie.goodwin89@yahoo.com,East,United States,Apparel,Running Shoes,4.0,87.12,0.0,18.15,Debit Card,Shipped,2024-03-04,False
ORD-11582,2023-01-12,CUST1496,Austin Osborne,austin.osborne51@gmail.com,West,Mexico,Home & Kitchen,Air Fryer,2.0,167.39,0.15,1.26,Gift Card,Shipped,2022-09-28,False
ORD-11548,2024-04-27,CUST1300,Tanner Mitchell Dds,tanner.dds36@yahoo.com,Central,Canada,Toys,Puzzle 1000PC,2.0,21.86,0.15,15.68,Credit Card,Shipped,2024-04-07,False
ORD-10711,2024-05-21,CUST1159,Jamie Smith,jamie.smith34@outlook.com,West,Mexico,Home & Kitchen,LED Desk Lamp,6.0,69.96,0.0,17.23,Debit Card,Shipped,2024-06-30,True
ORD-10672,2023-09-10,CUST1791,Cody Reid,cody.reid33@outlook.com,North,United States,Electronics,Bluetooth Speaker,6.0,73.27,0.15,12.19,Paypal,Delivered,2021-02-10,False
ORD-10510,2023-06-11,CUST1028,Zachary Hicks,zachary.hicks86@outlook.com,West,Canada,Sports & Outdoors,Yoga Mat,6.0,108.16,0.1,18.07,Debit Card,Pending,2023-06-17,True
ORD-12010,2023-07-02,CUST1514,Angelica Parker,angelica.parker14@yahoo.com,West,United States,Sports & Outdoors,Camping Tent,2.0,86.74,0.2,24.38,Paypal,Pending,2023-12-22,True
ORD-11580,2023-02-11,CUST1346,Sharon Boyd,sharon.boyd24@outlook.com,East,Canada,Electronics,Bluetooth Speaker,3.0,50.45399999999999,0.05,20.81,Credit Card,Shipped,2021-03-18,False
ORD-13049,2023-04-29,CUST1743,Valerie Taylor,valerie.taylor79@gmail.com,North,Canada,Sports & Outdoors,Resistance Bands,5.0,65.44,0.0,4.04,Gift Card,Shipped,2023-12-25,True
ORD-11622,2024-07-22,CUST1448,Ryan Rosales,ryan.rosales51@gmail.com,West,Canada,Sports & Outdoors,Yoga Mat,6.0,128.36,0.0,20.95,Gift Card,Cancelled,2022-12-14,False
ORD-11484,2024-01-12,CUST1799,Donald Medina,donald.medina31@outlook.com,South,United States,Electronics,Laptop Stand,1.0,247.15,0.15,13.02,Credit Card,Delivered,2021-06-13,False
ORD-12783,2024-06-07,CUST1641,Martha Bailey,martha.bailey85@yahoo.com,West,Canada,Beauty,Hair Dryer,3.0,48.46,0.25,7.77,Debit Card,Shipped,2022-05-11,False
ORD-12399,2023-11-15,CUST1825,Monica Ellis,monica.ellis94@gmail.com,North,United States,Toys,Action Figure,1.0,10.79,0.05,8.24,Debit Card,Pending,2024-01-31,True
ORD-12014,2023-09-24,CUST1640,Michael Stanley,michael.stanley41@hotmail.com,North,Canada,Beauty,Face Moisturizer,5.0,54.16,0.0,15.94,Paypal,Returned,2021-08-26,False
ORD-10553,2023-01-03,CUST1092,Denise Jacobs,denise.jacobs63@yahoo.com,West,Canada,Sports & Outdoors,Camping Tent,6.0,113.9,0.05,13.54,Paypal,Shipped,2022-07-13,False
ORD-11611,2024-12-22,CUST1311,Victor Taylor,victor.taylor7@outlook.com,West,United States,Sports & Outdoors,Yoga Mat,5.0,84.31,0.0,23.5,Debit Card,Shipped,2023-02-26,False
ORD-10183,2023-12-21,CUST1425,Gregory Ponce,gregory.ponce41@yahoo.com,East,Mexico,Beauty,Sunscreen SPF50,1.0,55.08,0.0,12.69,Credit Card,Pending,2023-03-27,False
ORD-11610,2023-12-10,CUST1281,Tammie Bright,tammie.bright94@outlook.com,East,Mexico,Sports & Outdoors,Camping Tent,6.0,103.0,0.25,11.87,Gift Card,Shipped,2024-06-13,True
ORD-11996,2023-04-13,CUST1599,Susan Thompson,susan.thompson99@gmail.com,South,Canada,Home & Kitchen,LED Desk Lamp,6.0,165.67,0.15,20.04,Gift Card,Delivered,2023-08-29,True
ORD-11673,2024-03-04,CUST1707,Richard Knight Phd,mr..phd95@outlook.com,Central,United States,Beauty,Sunscreen SPF50,5.0,25.92,0.1,23.83,Gift Card,Shipped,2022-03-10,False
ORD-11717,2023-12-23,CUST1201,Ricky Davis Ii,ricky.ii71@outlook.com,Central,United States,Electronics,Bluetooth Speaker,3.0,49.13,0.2,6.43,Paypal,Returned,2023-02-20,False
ORD-13035,2024-07-23,CUST1132,Mary Marshall,mary.marshall34@yahoo.com,Central,United States,Home & Kitchen,Coffee Maker,3.0,106.79,0.0,13.25,Paypal,Cancelled,2023-05-21,False
ORD-10871,2024-04-22,CUST1667,Tammy Boone,tammy.boone17@gmail.com,Central,Canada,Home & Kitchen,Air Fryer,3.0,79.0,0.2,15.1,Debit Card,Returned,2023-03-05,False
ORD-11489,2024-10-01,CUST1409,Jesse Brown,jesse.brown65@outlook.com,West,United States,Toys,Action Figure,3.0,44.57,0.1,22.79,Paypal,Shipped,2021-04-20,False
ORD-11985,2023-02-06,CUST1483,Steve Paul,steve.paul2@yahoo.com,South,Mexico,Toys,RC Car,1.0,60.95,0.0,12.225000000000001,Gift Card,Returned,2023-06-21,True
ORD-12158,2024-04-29,CUST1041,Fred Smith,fred.smith20@yahoo.com,North,Canada,Toys,Puzzle 1000PC,2.0,36.03,0.0,9.66,Debit Card,Cancelled,2022-08-31,False
ORD-13119,2023-09-18,CUST1082,Michael Evans,michael.evans7@yahoo.com,South,United States,Beauty,Hair Dryer,1.0,5.23,0.2,12.0,Debit Card,Shipped,2021-09-06,False
ORD-11699,2023-07-17,CUST1749,Leslie Gardner,,East,United States,Home & Kitchen,Throw Blanket,1.0,169.36,0.0,10.46,Credit Card,Pending,2024-09-02,True
ORD-12840,2023-07-22,CUST1544,Alexander Landry Md,mr..md25@hotmail.com,South,United States,Beauty,Sunscreen SPF50,6.0,16.52,0.2,3.12,Debit Card,Returned,2024-01-16,True
ORD-10766,2023-05-31,CUST1800,Jim Newton,jim.newton9@hotmail.com,North,United States,Home & Kitchen,Non-Stick Pan Set,6.0,17.77,0.25,12.41,Paypal,Returned,2024-01-29,True
ORD-10527,2024-10-17,CUST1734,Steven Stein,steven.stein62@yahoo.com,West,Canada,Sports & Outdoors,Hiking Backpack,2.0,87.8,0.0,8.66,Paypal,Pending,2024-04-24,False
ORD-11304,2024-05-12,CUST1142,Patricia Rodriguez,,East,United States,Toys,Puzzle 1000PC,5.0,34.16,0.2,24.57,Gift Card,Shipped,2021-06-30,False
ORD-12574,2023-02-04,CUST1700,Joseph Ochoa,joseph.ochoa52@hotmail.com,West,Mexico,Apparel,Cotton T-Shirt,5.0,38.42,0.0,7.13,Debit Card,Pending,2022-10-10,False
ORD-11963,2023-12-11,CUST1738,David Wright,mr..wright61@hotmail.com,West,Canada,Apparel,Cotton T-Shirt,1.0,60.15,0.05,12.23,Debit Card,Shipped,2021-12-16,False
ORD-13027,2023-01-24,CUST1166,Alyssa Long,alyssa.long79@hotmail.com,South,United States,Toys,Board Game,3.0,40.47,0.0,12.35,Gift Card,Shipped,2024-06-23,True
ORD-12926,2024-07-12,CUST1155,Michelle Brown,michelle.brown53@gmail.com,West,Mexico,Beauty,Shampoo Set,3.0,12.8,0.1,2.49,Paypal,Cancelled,2022-10-14,False
ORD-12872,2024-05-02,CUST1098,Jessica Smith,,South,Canada,Electronics,USB-C Cable,3.0,34.26,0.0,23.71,Paypal,Cancelled,2021-03-05,False
ORD-11438,2023-04-09,CUST1656,Eric Thomas,eric.thomas5@gmail.com,Central,Mexico,Beauty,Sunscreen SPF50,4.0,20.44,0.15,19.19,Gift Card,Shipped,2021-07-06,False
ORD-10202,2024-09-25,CUST1847,Joseph Smith,joseph.smith8@outlook.com,North,United States,Sports & Outdoors,Yoga Mat,1.0,24.13,0.15,8.95,Debit Card,Delivered,2023-12-20,False
ORD-10016,2024-12-09,CUST1165,John Anderson,john.anderson32@hotmail.com,South,United States,Sports & Outdoors,Yoga Mat,3.0,63.05,0.0,8.23,Gift Card,Cancelled,2024-03-05,False
ORD-10577,2024-04-20,CUST1493,Mark Cox,mark.cox51@outlook.com,Central,United States,Sports & Outdoors,Resistance Bands,4.0,133.63,0.0,23.5,Gift Card,Delivered,2024-07-11,True
ORD-10181,2023-08-09,CUST1809,Heather Page,,East,Canada,Electronics,Smartwatch,3.0,178.31,0.05,17.91,Credit Card,Pending,2023-10-05,True
ORD-11059,2024-03-18,CUST1382,Douglas Gregory,douglas.gregory7@outlook.com,Central,Canada,Apparel,Wool Sweater,1.0,87.11,0.0,12.13,Paypal,Shipped,2023-02-12,False
ORD-12726,2024-12-19,CUST1552,Diana Hays,diana.hays94@outlook.com,North,Mexico,Sports & Outdoors,Water Bottle,2.0,66.95,0.0,24.11,Gift Card,Delivered,2021-09-18,False
ORD-12154,2024-05-11,CUST1728,Aaron Parker,aaron.parker82@outlook.com,Central,Canada,Sports & Outdoors,Hiking Backpack,5.0,26.65,0.05,8.03,Gift Card,Shipped,2022-06-24,False
ORD-13074,2023-12-24,CUST1484,Jasmine Beltran,jasmine.beltran53@hotmail.com,North,United States,Sports & Outdoors,Water Bottle,5.0,109.7,0.15,9.21,Gift Card,Shipped,2022-03-21,False
ORD-10031,2024-06-24,CUST1717,Brenda Hinton,brenda.hinton11@outlook.com,South,United States,Beauty,Sunscreen SPF50,3.0,30.325,0.0,1.31,Gift Card,Pending,2021-10-14,False
ORD-10747,2024-02-20,CUST1720,Randy Friedman,randy.friedman5@outlook.com,West,Mexico,Beauty,Lipstick,1.0,22.51,0.0,11.76,Gift Card,Returned,2024-01-19,False
ORD-12366,2024-02-22,CUST1369,Sabrina Austin,sabrina.austin93@hotmail.com,South,United States,Electronics,Wireless Earbuds,4.0,76.88,0.05,16.3,Gift Card,Cancelled,2023-12-26,False
ORD-11388,2023-03-06,CUST1014,Dylan Miller,dylan.miller28@outlook.com,West,United States,Apparel,Wool Sweater,4.0,21.24,0.0,1.54,Paypal,Pending,2022-03-12,False
ORD-12031,2024-06-01,CUST1481,Howard Norman,howard@gmail.com,North,Canada,Apparel,Cotton T-Shirt,6.0,30.42,0.0,10.2,Paypal,Cancelled,2023-02-24,False
ORD-11098,2023-11-27,CUST1166,Alyssa Long,alyssa.long79@hotmail.com,South,United States,Toys,Action Figure,2.0,38.93,0.1,18.12,Gift Card,Delivered,2024-06-23,True
ORD-11226,2024-12-03,CUST1723,Todd Reynolds,todd.reynolds79@yahoo.com,West,United States,Electronics,USB-C Cable,5.0,132.47,0.05,8.26,Gift Card,Pending,2023-11-19,False
ORD-10673,,CUST1221,Jeremy Dalton,,South,United States,Electronics,Smartwatch,4.0,170.92,0.25,18.7,Credit Card,Shipped,2022-09-10,False
ORD-13132,2023-02-12,CUST1348,James Parks,james.parks18@hotmail.com,North,United States,Sports & Outdoors,Yoga Mat,3.0,100.19,0.05,12.19,Paypal,Pending,2022-07-13,False
ORD-11468,2023-11-23,CUST1244,Shannon Rivera,shannon@gmail.com,East,United States,Home & Kitchen,Air Fryer,3.0,96.87,0.0,22.87,Debit Card,Cancelled,2024-09-21,True
ORD-10736,2023-01-10,CUST1652,David Robinson,david.robinson10@hotmail.com,East,United States,Toys,RC Car,2.0,48.18,0.0,6.42,Credit Card,Pending,2022-10-19,False
ORD-10876,2023-12-12,CUST1153,Devon Flores,devon.flores62@outlook.com,Central,United States,Sports & Outdoors,Yoga Mat,3.0,25.09,0.0,11.89,Debit Card,Pending,2022-11-12,False
ORD-10861,2024-09-12,CUST1144,Amber Wright,amber.wright25@outlook.com,West,Canada,Electronics,USB-C Cable,3.0,160.81,0.0,9.74,Gift Card,Returned,2024-06-29,False
ORD-11609,2023-02-13,CUST1431,Jack White,jack@gmail.com,Central,United States,Beauty,Shampoo Set,6.0,22.13,0.0,3.05,Credit Card,Cancelled,2024-05-09,True
ORD-12532,2023-03-22,CUST1435,Sophia Johnson,sophia@gmail.com,Central,Canada,Beauty,Lipstick,2.0,57.31,0.0,21.5,Paypal,Cancelled,2022-03-31,False
ORD-12691,,CUST1415,Antonio Garcia,antonio.garcia12@yahoo.com,Central,Canada,Electronics,USB-C Cable,4.0,119.36,0.2,23.36,Debit Card,Returned,2023-06-02,False
ORD-11919,2023-01-23,CUST1284,Stephanie Williams,stephanie.williams5@yahoo.com,East,United States,Electronics,Laptop Stand,1.0,138.11,0.25,3.88,Paypal,Delivered,2021-05-18,False
ORD-11969,2024-04-18,CUST1809,Heather Page,,East,Canada,Apparel,Baseball Cap,5.0,70.71,0.0,4.39,Gift Card,Cancelled,2023-10-05,False
ORD-10079,2023-04-05,CUST1662,James Webster,james.webster53@gmail.com,South,United States,Toys,Puzzle 1000PC,4.0,37.5393,0.15,10.85,Gift Card,Delivered,2022-06-05,False
ORD-10280,2023-12-23,CUST1560,Nancy Evans Md,nancy.md5@outlook.com,East,Canada,Home & Kitchen,Non-Stick Pan Set,4.0,134.12,0.2,20.15,Paypal,Cancelled,2021-11-02,False
ORD-12977,2023-03-22,CUST1390,Thomas Atkins,thomas.atkins75@hotmail.com,South,United States,Electronics,Smartwatch,5.0,176.34,0.2,2.82,Paypal,Pending,2022-08-28,False
ORD-12393,2024-06-16,CUST1210,Christopher Smith,christopher.smith65@yahoo.com,West,United States,Apparel,Cotton T-Shirt,1.0,41.55,0.0,0.26,Paypal,Returned,2021-11-13,False
ORD-11625,2024-04-05,CUST1189,Jessica Gross,jessica.gross83@outlook.com,East,United States,Beauty,Sunscreen SPF50,3.0,59.77,0.0,23.74,Debit Card,Delivered,2021-05-05,False
ORD-12633,2023-11-14,CUST1128,Cameron Fisher,cameron.fisher95@gmail.com,South,United States,Beauty,Face Moisturizer,2.0,34.31,0.25,0.38,Gift Card,Cancelled,2022-03-02,False
ORD-11721,2023-12-03,CUST1379,Megan Nelson,megan.nelson91@yahoo.com,Central,United States,Toys,RC Car,1.0,65.84,0.05,9.17,Paypal,Shipped,2023-08-07,False
ORD-12531,2024-03-14,CUST1531,Mark Jimenez,,West,United States,Electronics,Wireless Earbuds,1.0,148.6,0.25,2.63,Credit Card,Delivered,2024-03-21,True
ORD-12868,2023-11-16,CUST1156,Joshua Perry,joshua.perry49@hotmail.com,South,United States,Home & Kitchen,Non-Stick Pan Set,2.0,142.0,0.0,17.48,Gift Card,Delivered,2024-09-21,True
ORD-12734,2024-09-13,CUST1757,Melissa Stephens,melissa.stephens78@gmail.com,Central,Mexico,Beauty,Sunscreen SPF50,2.0,59.56,0.2,6.33,Credit Card,Delivered,2023-02-27,False
ORD-10389,2024-04-12,CUST1763,Jessica Smith,jessica.smith76@yahoo.com,North,Canada,Home & Kitchen,LED Desk Lamp,2.0,31.99,0.05,19.51,Debit Card,Cancelled,2023-11-27,False
ORD-12871,2024-02-11,CUST1460,Kelsey Rodriguez,kelsey.rodriguez55@gmail.com,East,Canada,Sports & Outdoors,Hiking Backpack,3.0,138.28,0.1,1.99,Gift Card,Pending,2024-08-31,True
ORD-12567,2023-02-03,CUST1243,Brandon Bailey Md,brandon.md37@outlook.com,South,United States,Electronics,Bluetooth Speaker,2.0,234.83,0.1,11.17,Credit Card,Pending,2024-09-06,True
ORD-12766,2024-03-05,CUST1026,Justin Baker,justin.baker69@yahoo.com,West,Canada,Apparel,Cotton T-Shirt,1.0,88.31,0.0,9.24,Gift Card,Cancelled,2021-09-20,False
ORD-12004,2023-09-11,CUST1529,Angel May,,West,United States,Electronics,Webcam,4.0,53.34,0.2,19.76,Paypal,Delivered,2021-05-13,False
ORD-11111,2023-08-17,CUST1371,Debra White,debra.white54@gmail.com,North,Canada,Toys,Puzzle 1000PC,5.0,26.01,0.0,20.14,Debit Card,Pending,2022-05-08,False
ORD-11456,2023-01-21,CUST1113,Crystal Johnson,crystal.johnson72@yahoo.com,West,United States,Toys,Board Game,2.0,22.17,0.0,1.1,Gift Card,Pending,2023-09-03,True
ORD-12689,2024-04-03,CUST1812,Douglas Ryan,douglas.ryan50@hotmail.com,North,United States,Apparel,Cotton T-Shirt,1.0,22.74,0.0,24.86,Credit Card,Shipped,2022-03-28,False
ORD-12960,2023-07-11,CUST1152,Denise Jones,denise.jones37@outlook.com,West,United States,Apparel,Cotton T-Shirt,6.0,75.99,0.15,5.4,Credit Card,Delivered,2024-04-17,True
ORD-12237,2024-10-02,CUST1841,Alexandra Dominguez,alexandra.dominguez15@gmail.com,North,Canada,Toys,Board Game,6.0,26.49,0.05,17.7,Credit Card,Delivered,2023-12-08,False
ORD-12661,2024-12-28,CUST1538,Emma Owens,emma.owens50@outlook.com,East,Canada,Apparel,Wool Sweater,4.0,45.13,0.0,12.69,Gift Card,Pending,2022-01-04,False
ORD-11729,2023-12-04,CUST1317,Ashley Hall,ashley.hall34@outlook.com,North,United States,Apparel,Running Shoes,5.0,45.45,0.05,17.43,Credit Card,Cancelled,2023-06-04,False
ORD-12114,2024-03-11,CUST1225,Benjamin Smith,benjamin.smith74@hotmail.com,West,United States,Apparel,Cotton T-Shirt,2.0,51.99,0.0,18.66,Gift Card,Cancelled,2024-03-20,True
ORD-12060,2024-12-08,CUST1214,Julie Alexander,julie.alexander73@hotmail.com,North,Canada,Electronics,Smartwatch,2.0,175.08,0.0,12.19,Debit Card,Cancelled,2021-05-23,False
ORD-10663,2024-10-24,CUST1514,Angelica Parker,angelica.parker14@yahoo.com,West,United States,Toys,RC Car,2.0,40.81,0.0,3.54,Credit Card,Pending,2023-12-22,False
ORD-11735,2024-03-03,CUST1048,Joshua Blair,joshua.blair83@outlook.com,North,Canada,Sports & Outdoors,Water Bottle,1.0,103.06,0.2,1.58,Credit Card,Pending,2023-07-26,False
ORD-12397,2023-01-23,CUST1277,Marie Christian,marie.christian24@hotmail.com,Central,United States,Sports & Outdoors,Resistance Bands,1.0,96.92,0.15,23.08,Credit Card,Pending,2023-10-16,True
ORD-12641,2024-07-28,CUST1223,Theresa Clark,theresa.clark69@yahoo.com,East,Canada,Beauty,Sunscreen SPF50,1.0,21.62,0.25,0.35,Paypal,Delivered,2023-10-22,False
ORD-11770,2023-07-10,CUST1401,Craig Morrison,craig.morrison52@hotmail.com,South,United States,Sports & Outdoors,Hiking Backpack,6.0,38.03,0.25,14.34,Debit Card,Shipped,2024-03-03,True
ORD-12492,2024-06-22,CUST1544,Alexander Landry Md,mr..md25@hotmail.com,South,United States,Home & Kitchen,Air Fryer,1.0,149.59,0.0,22.49,Debit Card,Cancelled,2024-01-16,False
ORD-10140,2024-06-30,CUST1531,Mark Jimenez,,West,United States,Beauty,Hair Dryer,2.0,18.04,0.1,6.93,Gift Card,Shipped,2024-03-21,False
ORD-11522,2023-09-15,CUST1755,Rachel Jones,rachel.jones44@gmail.com,North,Canada,Apparel,Denim Jacket,2.0,47.43,0.0,20.25,Gift Card,Shipped,2021-11-26,False
ORD-11338,2023-08-04,CUST1794,Jerry Brown,jerry.brown58@gmail.com,East,United States,Sports & Outdoors,Camping Tent,6.0,148.26,0.0,13.49,Credit Card,Cancelled,2023-02-20,False
ORD-11461,2023-01-06,CUST1255,Kristen Davis,kristen.davis78@yahoo.com,West,United States,Sports & Outdoors,Hiking Backpack,4.0,78.47,0.0,9.91,Paypal,Shipped,2022-05-28,False
ORD-11299,2024-03-09,CUST1178,Lawrence Adkins,lawrence.adkins35@yahoo.com,East,Mexico,Sports & Outdoors,Hiking Backpack,3.0,32.35,0.2,23.22,Gift Card,Delivered,2022-06-11,False
ORD-12627,2023-06-26,CUST1132,Mary Marshall,mary.marshall34@yahoo.com,Central,United States,Toys,RC Car,1.0,10.95,0.15,12.83,Debit Card,Pending,2023-05-21,False
ORD-11147,2024-08-08,CUST1125,Erin Edwards,erin@gmail.com,Central,United States,Toys,RC Car,5.0,19.5,0.25,8.54,Paypal,Shipped,2022-05-24,False
ORD-10386,2024-06-15,CUST1445,Tracy Montoya,tracy.montoya1@yahoo.com,North,Canada,Electronics,Bluetooth Speaker,1.0,221.21,0.05,18.63,Credit Card,Cancelled,2022-02-26,False
ORD-10878,2024-09-27,CUST1464,Jose Allen,jose.allen69@yahoo.com,East,United States,Apparel,Cotton T-Shirt,2.0,22.06,0.0,7.28,Gift Card,Pending,2022-10-25,False
ORD-12134,2024-05-21,CUST1838,Michael Young,michael.young3@outlook.com,East,Mexico,Home & Kitchen,Coffee Maker,3.0,89.51,0.25,3.93,Gift Card,Pending,2024-06-24,True
ORD-12775,2024-08-27,CUST1603,Keith Rodriguez,keith.rodriguez48@outlook.com,North,United States,Sports & Outdoors,Hiking Backpack,4.0,36.68,0.0,5.62,Paypal,Pending,2022-09-04,False
ORD-10596,2023-01-17,CUST1240,Andrew Avila,andrew.avila6@yahoo.com,Central,Canada,Home & Kitchen,Air Fryer,5.0,119.79,0.0,18.19,Credit Card,Pending,2023-06-16,True
ORD-10589,2023-08-10,CUST1797,Michael Perry Phd,michael.phd84@outlook.com,West,United States,Beauty,Shampoo Set,6.0,10.85,0.15,13.81,Debit Card,Returned,2022-07-02,False
ORD-10628,2024-10-20,CUST1586,Dwayne Klein,dwayne.klein89@hotmail.com,East,Mexico,Toys,Board Game,4.0,62.63,0.2,23.87,Paypal,Delivered,2021-03-21,False
ORD-12330,2023-12-05,CUST1681,Justin Walker,justin.walker78@yahoo.com,West,United States,Apparel,Cotton T-Shirt,4.0,38.11,0.0,1.42,Paypal,Shipped,2022-01-02,False
ORD-10960,2024-03-25,CUST1616,Bryan Parker,bryan.parker39@hotmail.com,South,United States,Home & Kitchen,Throw Blanket,4.0,92.81,0.15,0.09,Gift Card,Cancelled,2021-04-21,False
ORD-13092,2024-06-08,CUST1507,Emma Reed,emma.reed54@outlook.com,Central,United States,Sports & Outdoors,Hiking Backpack,3.0,80.88,0.1,15.27,Gift Card,Cancelled,2022-07-10,False
ORD-12418,2023-06-25,CUST1042,Sherry Decker,sherry.decker8@outlook.com,Central,United States,Apparel,Baseball Cap,5.0,31.44,0.05,23.97,Gift Card,Shipped,2021-04-28,False
ORD-11145,2023-07-31,CUST1385,Chad Scott,chad.scott25@gmail.com,Central,Mexico,Apparel,Running Shoes,6.0,37.12,0.0,20.6,Debit Card,Returned,2023-09-08,True
ORD-12301,2023-08-13,CUST1564,Molly Watts,molly.watts21@gmail.com,South,United States,Apparel,Running Shoes,3.0,24.96,0.15,22.16,Debit Card,Cancelled,2021-07-27,False
ORD-12364,2024-10-07,CUST1728,Aaron Parker,aaron.parker82@outlook.com,Central,Canada,Apparel,Baseball Cap,1.0,20.85,0.15,11.54,Paypal,Delivered,2022-06-24,False
ORD-12989,2023-10-25,CUST1263,Diane Evans,diane.evans55@gmail.com,East,Canada,Electronics,USB-C Cable,5.0,131.21,0.0,22.87,Gift Card,Pending,2022-08-14,False
ORD-12639,2024-11-11,CUST1428,Robin Santiago,robin.santiago4@hotmail.com,East,Mexico,Sports & Outdoors,Yoga Mat,3.0,74.58,0.0,9.19,Credit Card,Pending,2022-03-06,False
ORD-11847,2023-08-10,CUST1374,Charles Schultz,charles.schultz94@outlook.com,East,United States,Home & Kitchen,Non-Stick Pan Set,4.0,131.32,0.0,10.21,Paypal,Delivered,2024-03-28,True
ORD-12151,2024-07-26,CUST1503,Zachary Mitchell,,East,United States,Electronics,Webcam,6.0,208.04,0.15,16.91,Paypal,Delivered,2024-03-06,False
ORD-11198,2023-09-12,CUST1451,Courtney Hayes,courtney.hayes66@hotmail.com,South,Canada,Sports & Outdoors,Camping Tent,2.0,117.18,0.05,12.225000000000001,Debit Card,Cancelled,2023-05-07,False
ORD-11775,2023-08-04,CUST1700,Joseph Ochoa,joseph.ochoa52@hotmail.com,West,Mexico,Beauty,Lipstick,5.0,42.66,0.2,11.74,Gift Card,Pending,2022-10-10,False
ORD-10046,2023-02-26,CUST1701,James Watson,james.watson1@gmail.com,North,United States,Electronics,Smartwatch,2.0,127.03,0.0,11.96,Debit Card,Cancelled,2024-04-14,True
ORD-12002,2023-07-02,CUST1218,Justin Torres,justin.torres78@hotmail.com,South,Canada,Home & Kitchen,Throw Blanket,6.0,44.96,0.25,22.47,Debit Card,Cancelled,2023-04-29,False
ORD-12979,2024-01-04,CUST1829,Kenneth Knight,kenneth.knight48@gmail.com,West,Canada,Apparel,Running Shoes,5.0,45.56,0.25,8.2,Debit Card,Delivered,2022-05-25,False
ORD-12347,2023-06-30,CUST1047,Shane Henderson,shane.henderson34@yahoo.com,East,United States,Sports & Outdoors,Hiking Backpack,2.0,35.43,0.0,18.14,Debit Card,Delivered,2022-10-06,False
ORD-10466,2024-08-14,CUST1060,Victoria Garcia,victoria.garcia86@gmail.com,West,Canada,Beauty,Face Moisturizer,3.0,43.25,0.0,5.45,Debit Card,Returned,2022-12-26,False
ORD-10841,,CUST1106,Sharon Cherry,sharon.cherry63@gmail.com,West,Mexico,Toys,RC Car,4.0,35.93,0.05,22.57,Gift Card,Returned,2023-07-06,False
ORD-12604,2023-08-12,CUST1378,Anthony Moore,anthony.moore49@yahoo.com,South,United States,Electronics,Wireless Earbuds,2.0,166.72,0.15,17.0,Debit Card,Returned,2024-01-07,True
ORD-10633,2024-09-30,CUST1035,Jeffrey Chavez,jeffrey.chavez44@gmail.com,South,Canada,Electronics,Webcam,4.0,128.77,0.25,11.34,Debit Card,Shipped,2022-05-25,False
ORD-12115,2023-02-18,CUST1821,Mark Beard,mark@gmail.com,South,United States,Electronics,Webcam,1.0,186.46,0.15,12.225000000000001,Paypal,Cancelled,2023-08-21,True
ORD-11798,2023-01-19,CUST1756,Karen Morales Dds,karen.dds61@hotmail.com,East,United States,Apparel,Cotton T-Shirt,3.0,27.95,0.0,15.43,Debit Card,Cancelled,2021-06-30,False
ORD-11559,2024-08-11,CUST1836,Danielle Watson,danielle@gmail.com,East,United States,Electronics,Wireless Earbuds,3.0,75.16,0.0,21.05,Paypal,Returned,2021-11-14,False
ORD-12595,2024-11-04,CUST1366,Courtney Rodriguez,courtney.rodriguez99@hotmail.com,West,United States,Electronics,Wireless Earbuds,5.0,245.49,0.2,17.11,Paypal,Pending,2023-02-06,False
ORD-12866,2023-12-01,CUST1699,Brent Hernandez,brent@gmail.com,West,United States,Electronics,Webcam,2.0,131.21,0.0,12.08,Gift Card,Pending,2022-12-04,False
ORD-11995,2024-07-05,CUST1769,Todd Thomas,todd.thomas62@gmail.com,West,Mexico,Sports & Outdoors,Yoga Mat,3.0,140.66,0.15,11.97,Paypal,Cancelled,2022-06-13,False
ORD-11279,2024-12-10,CUST1213,Katherine Salas,katherine.salas90@outlook.com,North,United States,Toys,Building Blocks Set,5.0,59.38,0.0,23.92,Paypal,Delivered,2022-11-27,False
ORD-10742,2024-02-15,CUST1713,Laurie Goodwin,laurie.goodwin89@yahoo.com,East,United States,Toys,Action Figure,5.0,37.58,0.15,21.71,Credit Card,Delivered,2024-03-04,True
ORD-11375,2023-04-30,CUST1029,Anthony Rodriguez,anthony.rodriguez9@outlook.com,Central,United States,Toys,RC Car,5.0,26.1,0.0,7.33,Debit Card,Pending,2021-02-13,False
ORD-13079,2023-02-10,CUST1490,Heather Williams,heather.williams2@outlook.com,West,Canada,Beauty,Lipstick,5.0,14.96,0.15,17.21,Debit Card,Pending,2022-10-11,False
ORD-10304,2021-03-20,CUST1242,Kevin Walters,kevin.walters7@outlook.com,North,Canada,Electronics,Laptop Stand,6.0,164.01,0.05,17.96,Credit Card,Pending,2021-05-15,True
ORD-13000,2023-08-03,CUST1101,Cameron Parker,cameron.parker92@gmail.com,North,Canada,Sports & Outdoors,Camping Tent,5.0,117.89,0.25,12.58,Debit Card,Shipped,2021-02-12,False
ORD-11260,2023-10-28,CUST1005,Connie Lawrence,connie.lawrence98@outlook.com,West,Canada,Home & Kitchen,LED Desk Lamp,4.0,49.82,0.25,3.55,Paypal,Pending,2021-07-29,False
ORD-10975,2023-05-11,CUST1097,Deborah Figueroa,deborah.figueroa96@gmail.com,North,Mexico,Toys,Building Blocks Set,5.0,39.03,0.0,12.19,Gift Card,Returned,2022-12-18,False
ORD-10622,2024-08-13,CUST1632,Robert Cummings,robert.cummings13@outlook.com,South,United States,Sports & Outdoors,Resistance Bands,3.0,86.74,0.05,12.15,Gift Card,Cancelled,2024-06-29,False
ORD-12937,2024-12-08,CUST1484,Jasmine Beltran,jasmine.beltran53@hotmail.com,North,United States,Toys,Board Game,2.0,47.11,0.1,23.44,Gift Card,Returned,2022-03-21,False
ORD-10136,2024-12-27,CUST1810,Carol Taylor,carol.taylor38@yahoo.com,East,United States,Sports & Outdoors,Water Bottle,1.0,37.39,0.1,24.57,Debit Card,Delivered,2021-01-15,False
ORD-12303,2024-05-26,CUST1399,Hannah Luna,hannah.luna90@hotmail.com,North,Canada,Beauty,Shampoo Set,1.0,36.14,0.0,23.83,Gift Card,Delivered,2022-01-03,False
ORD-12869,2024-06-10,CUST1671,Kristin Mendoza,kristin.mendoza27@outlook.com,South,Mexico,Sports & Outdoors,Hiking Backpack,4.0,21.49,0.0,4.22,Credit Card,Returned,2022-12-09,False
ORD-12642,2023-10-17,CUST1111,Shannon Walker,shannon.walker34@outlook.com,East,Canada,Electronics,Bluetooth Speaker,2.0,177.33,0.0,17.56,Gift Card,Returned,2022-07-27,False
ORD-10708,2024-02-13,CUST1373,Sergio Knight,sergio.knight70@yahoo.com,Central,United States,Beauty,Hair Dryer,3.0,38.82,0.2,9.11,Gift Card,Cancelled,2021-04-26,False
ORD-11638,2024-06-30,CUST1378,Anthony Moore,anthony.moore49@yahoo.com,South,United States,Toys,Action Figure,4.0,63.73,0.0,8.34,Credit Card,Delivered,2024-01-07,False
ORD-10287,2023-01-14,CUST1382,Douglas Gregory,douglas.gregory7@outlook.com,Central,Canada,Electronics,Bluetooth Speaker,3.0,166.39,0.1,20.36,Gift Card,Shipped,2023-02-12,True
ORD-12260,2024-06-16,CUST1569,Michael Johnson,michael.johnson11@hotmail.com,West,United States,Electronics,Smartwatch,4.0,34.03,0.25,11.44,Gift Card,Returned,2021-08-25,False
ORD-12491,2023-08-13,CUST1832,Scott Alexander,scott.alexander97@outlook.com,South,Canada,Home & Kitchen,LED Desk Lamp,3.0,144.86,0.25,20.52,Paypal,Pending,2023-06-18,False
ORD-10955,2024-06-29,CUST1785,Laurie Bailey,laurie.bailey17@yahoo.com,East,United States,Toys,Puzzle 1000PC,5.0,12.19,0.25,12.69,Credit Card,Returned,2021-07-24,False
ORD-10414,2024-07-07,CUST1250,Isaiah Avila,isaiah.avila5@outlook.com,Central,United States,Sports & Outdoors,Resistance Bands,1.0,79.03,0.0,20.27,Gift Card,Delivered,2024-06-19,False
ORD-13088,2023-05-10,CUST1202,Elizabeth Perkins,elizabeth.perkins78@hotmail.com,North,Mexico,Sports & Outdoors,Camping Tent,3.0,96.81,0.0,23.3,Credit Card,Pending,2021-07-23,False
ORD-10627,2023-07-04,CUST1650,Andrew Harper,andrew.harper87@hotmail.com,Central,Canada,Beauty,Lipstick,6.0,22.95,0.0,5.34,Paypal,Shipped,2021-11-01,False
ORD-12588,2024-04-23,CUST1584,Jamie Baird,jamie.baird45@hotmail.com,West,Canada,Sports & Outdoors,Water Bottle,5.0,109.26,0.05,5.87,Credit Card,Cancelled,2022-06-25,False
ORD-12650,2024-07-28,CUST1276,Wayne Morgan,wayne.morgan16@outlook.com,West,United States,Electronics,Laptop Stand,6.0,164.64,0.0,7.25,Credit Card,Returned,2023-06-14,False
ORD-11153,2024-01-24,CUST1849,Brittany Jenkins,brittany.jenkins69@hotmail.com,Central,Mexico,Sports & Outdoors,Resistance Bands,4.0,132.31,0.15,5.29,Debit Card,Returned,2022-01-24,False
ORD-12150,2024-11-12,CUST1194,John Bishop,john.bishop23@gmail.com,South,Canada,Home & Kitchen,LED Desk Lamp,6.0,114.08,0.1,10.52,Gift Card,Delivered,2024-09-15,False
ORD-10049,2023-09-24,CUST1135,Jose Schultz,jose.schultz52@outlook.com,West,United States,Apparel,Running Shoes,6.0,23.31,0.1,1.03,Paypal,Pending,2023-10-22,True
ORD-12469,2023-09-30,CUST1771,Jeffrey Horton,mr..horton90@outlook.com,North,United States,Toys,RC Car,1.0,10.71,0.15,9.7,Paypal,Returned,2022-05-24,False
ORD-10887,2023-02-16,CUST1515,Kelly Hammond Dvm,dr..dvm19@outlook.com,South,Canada,Electronics,Laptop Stand,5.0,152.84,0.05,1.42,Paypal,Shipped,2021-07-10,False
ORD-12220,2024-04-08,CUST1779,Kevin Price,,Central,Canada,Apparel,Cotton T-Shirt,3.0,61.03,0.0,0.04,Credit Card,Returned,2023-05-17,False
ORD-10509,2024-05-23,CUST1320,Susan Turner,susan.turner17@gmail.com,East,Canada,Sports & Outdoors,Camping Tent,2.0,42.64,0.0,10.46,Gift Card,Shipped,2023-03-18,False
ORD-12503,2023-06-08,CUST1832,Scott Alexander,scott.alexander97@outlook.com,South,Canada,Apparel,Running Shoes,6.0,13.28,0.05,12.225000000000001,Paypal,Returned,2023-06-18,True
ORD-10308,2023-05-23,CUST1394,Tamara Davis,,North,Canada,Sports & Outdoors,Yoga Mat,3.0,31.15,0.0,12.19,Gift Card,Returned,2021-06-02,False
ORD-13009,2024-05-19,CUST1725,Rebecca Marquez,rebecca.marquez30@gmail.com,South,Canada,Electronics,Bluetooth Speaker,4.0,113.74,0.15,9.25,Debit Card,Pending,2022-06-26,False
ORD-12950,2024-11-30,CUST1567,Lauren Jackson,lauren.jackson47@gmail.com,East,Mexico,Beauty,Hair Dryer,5.0,47.49,0.0,18.09,Debit Card,Returned,2023-05-26,False
ORD-12392,2023-04-22,CUST1154,Brenda Hall,brenda.hall42@yahoo.com,West,United States,Apparel,Running Shoes,3.0,52.18,0.25,18.72,Debit Card,Cancelled,2022-05-05,False
ORD-10832,2024-04-14,CUST1297,William Barrett,william.barrett17@hotmail.com,North,Canada,Beauty,Face Moisturizer,6.0,57.38,0.0,8.67,Paypal,Pending,2023-10-27,False
ORD-11341,2023-02-28,CUST1717,Brenda Hinton,brenda.hinton11@outlook.com,South,United States,Home & Kitchen,LED Desk Lamp,5.0,139.67,0.0,13.68,Credit Card,Shipped,2021-10-14,False
ORD-12899,2024-09-08,CUST1129,Megan Orr,megan.orr21@yahoo.com,North,United States,Sports & Outdoors,Water Bottle,6.0,69.89,0.2,13.23,Debit Card,Returned,2021-12-22,False
ORD-12551,2023-02-08,CUST1177,Michael Wang,michael.wang23@yahoo.com,East,Canada,Apparel,Running Shoes,1.0,47.225,0.05,7.71,Paypal,Returned,2021-09-28,False
ORD-10803,2024-09-09,CUST1010,Monica Herrera,monica.herrera21@outlook.com,East,Mexico,Beauty,Shampoo Set,1.0,29.67,0.0,14.35,Paypal,Delivered,2022-12-29,False
ORD-10734,2023-08-07,CUST1506,Brandon Fleming,brandon.fleming20@yahoo.com,West,United States,Apparel,Baseball Cap,2.0,70.9,0.2,7.44,Credit Card,Cancelled,2021-03-14,False
ORD-11114,2023-05-28,CUST1510,Rebecca Hicks,rebecca.hicks2@outlook.com,Central,United States,Beauty,Shampoo Set,4.0,8.63,0.0,18.45,Debit Card,Shipped,2022-02-15,False
ORD-12755,2023-05-23,CUST1441,Joann Ferguson,joann.ferguson44@gmail.com,South,Canada,Beauty,Face Moisturizer,4.0,45.04,0.1,9.81,Credit Card,Delivered,2021-12-03,False
ORD-10211,2023-01-17,CUST1731,Alexander Gomez,alexander.gomez1@yahoo.com,South,Canada,Beauty,Lipstick,6.0,16.22,0.15,8.16,Paypal,Pending,2023-06-20,True
ORD-10061,2024-04-10,CUST1496,Austin Osborne,austin.osborne51@gmail.com,West,Mexico,Toys,Building Blocks Set,2.0,31.72,0.05,13.0,Gift Card,Cancelled,2022-09-28,False
ORD-11594,2023-12-21,CUST1579,David Grant,david.grant81@yahoo.com,East,Mexico,Apparel,Baseball Cap,1.0,72.8,0.1,18.46,Debit Card,Returned,2024-03-05,True
ORD-12731,2023-11-01,CUST1366,Courtney Rodriguez,courtney.rodriguez99@hotmail.com,West,United States,Sports & Outdoors,Yoga Mat,3.0,100.01,0.0,15.59,Paypal,Shipped,2023-02-06,False
ORD-10594,2023-03-30,CUST1102,Rebecca Valencia,,West,United States,Home & Kitchen,Air Fryer,2.0,51.17,0.15,12.52,Gift Card,Returned,2022-10-01,False
ORD-11477,2023-03-19,CUST1020,Margaret Hawkins Dds,margaret.dds97@outlook.com,North,United States,Sports & Outdoors,Resistance Bands,4.0,96.43,0.1,1.9,Debit Card,Returned,2024-05-08,True
ORD-11650,2024-07-30,CUST1779,Kevin Price,,Central,Canada,Electronics,Webcam,6.0,171.48,0.0,3.91,Paypal,Returned,2023-05-17,False
ORD-11471,2024-02-05,CUST1780,Christine Goodwin,christine.goodwin51@yahoo.com,Central,United States,Beauty,Lipstick,2.0,13.53,0.25,10.67,Debit Card,Shipped,2023-07-26,False
ORD-10745,2024-12-08,CUST1712,Timothy Edwards,timothy.edwards25@outlook.com,East,Canada,Electronics,Laptop Stand,2.0,218.03,0.0,7.4,Paypal,Returned,2023-09-23,False
ORD-12837,2024-05-31,CUST1482,Evelyn Martinez,evelyn.martinez39@yahoo.com,South,Canada,Toys,Action Figure,3.0,38.31,0.15,15.41,Debit Card,Shipped,2023-02-23,False
ORD-12721,2024-09-08,CUST1443,Holly Valentine,holly.valentine81@yahoo.com,West,United States,Beauty,Shampoo Set,1.0,31.6,0.1,5.28,Credit Card,Shipped,2022-01-17,False
ORD-11967,2024-12-24,CUST1313,Tracy Ballard,tracy.ballard64@hotmail.com,West,Canada,Electronics,Laptop Stand,3.0,29.26,0.25,23.6,Paypal,Returned,2023-10-19,False
ORD-11249,2024-01-14,CUST1244,Shannon Rivera,shannon@gmail.com,East,United States,Apparel,Cotton T-Shirt,6.0,63.0,0.0,9.1,Gift Card,Shipped,2024-09-21,True
ORD-12018,2023-03-24,CUST1052,Crystal Robinson,crystal.robinson71@outlook.com,South,United States,Home & Kitchen,Coffee Maker,5.0,138.32,0.0,17.37,Paypal,Pending,2024-09-20,True
ORD-10906,2023-04-27,CUST1608,Rachel Bradley,rachel.bradley95@gmail.com,Central,United States,Home & Kitchen,Throw Blanket,4.0,141.5776,0.15,2.9,Credit Card,Delivered,2024-04-09,True
ORD-12539,2023-12-08,CUST1132,Mary Marshall,mary.marshall34@yahoo.com,Central,United States,Home & Kitchen,Air Fryer,6.0,167.05,0.0,4.52,Paypal,Cancelled,2023-05-21,False
ORD-11372,2024-10-17,CUST1359,Ronald Davis,ronald.davis47@gmail.com,North,Canada,Apparel,Baseball Cap,4.0,83.04,0.0,5.57,Credit Card,Cancelled,2024-03-01,False
ORD-10221,2023-10-22,CUST1115,Diana May,diana.may48@hotmail.com,East,United States,Electronics,USB-C Cable,4.0,239.95,0.05,12.69,Gift Card,Shipped,2024-02-08,True
ORD-10051,2023-11-12,CUST1041,Fred Smith,fred.smith20@yahoo.com,North,Canada,Home & Kitchen,Non-Stick Pan Set,3.0,111.27,0.05,9.86,Gift Card,Shipped,2022-08-31,False
ORD-10890,2024-04-14,CUST1184,Lindsay Martinez,lindsay.martinez53@gmail.com,North,United States,Home & Kitchen,LED Desk Lamp,5.0,88.59,0.25,11.77,Paypal,Returned,2021-10-14,False
ORD-11876,2023-02-21,CUST1623,Colleen Wright,colleen.wright29@outlook.com,North,United States,Apparel,Cotton T-Shirt,1.0,33.97,0.15,18.49,Paypal,Delivered,2022-10-02,False
ORD-12815,2024-04-04,CUST1068,James Brown,james.brown41@hotmail.com,North,United States,Beauty,Sunscreen SPF50,5.0,29.82,0.0,23.58,Credit Card,Shipped,2024-05-26,True
ORD-12388,2024-02-04,CUST1520,Amy Martinez,amy@gmail.com,Central,Canada,Electronics,Webcam,6.0,233.63,0.05,1.33,Credit Card,Delivered,2022-02-20,False
ORD-10573,2024-10-18,CUST1772,Eric Patrick,eric.patrick44@gmail.com,West,United States,Electronics,Smartwatch,5.0,90.59,0.1,4.05,Debit Card,Returned,2024-02-10,False
ORD-10952,2024-02-10,CUST1057,Richard Aguirre,richard.aguirre72@gmail.com,South,Canada,Apparel,Denim Jacket,3.0,51.2,0.0,17.95,Credit Card,Shipped,2021-08-18,False
ORD-10434,2024-08-16,CUST1145,Joyce Solis,joyce.solis71@yahoo.com,West,Canada,Electronics,Laptop Stand,2.0,240.84,0.0,24.76,Gift Card,Shipped,2022-08-13,False
ORD-12963,2023-12-25,CUST1834,Bonnie Santos,bonnie.santos38@hotmail.com,South,Canada,Beauty,Face Moisturizer,3.0,9.2,0.25,23.85,Paypal,Pending,2022-01-24,False
ORD-10173,2024-04-14,CUST1783,Dennis Huffman,dennis.huffman79@outlook.com,West,United States,Beauty,Sunscreen SPF50,1.0,43.62,0.05,0.41,Gift Card,Pending,2023-01-20,False
ORD-11802,2023-06-15,CUST1179,Robert Oconnell,robert.oconnell15@hotmail.com,South,Mexico,Sports & Outdoors,Camping Tent,2.0,78.2,0.15,1.69,Gift Card,Cancelled,2021-06-04,False
ORD-11158,2024-11-18,CUST1058,Brent Jordan,,Central,United States,Beauty,Lipstick,3.0,10.76,0.0,2.68,Credit Card,Delivered,2023-01-27,False
ORD-10331,,CUST1268,Cynthia Rowe,cynthia.rowe9@gmail.com,North,Mexico,Sports & Outdoors,Camping Tent,5.0,66.91,0.2,10.43,Credit Card,Delivered,2023-03-11,False
ORD-12715,2024-06-18,CUST1702,Karl Branch,karl.branch14@outlook.com,North,United States,Home & Kitchen,Non-Stick Pan Set,6.0,111.32,0.0,15.35,Credit Card,Shipped,2022-09-10,False
ORD-13012,2024-03-01,CUST1039,Brittany Farmer,brittany.farmer52@gmail.com,North,United States,Beauty,Sunscreen SPF50,1.0,36.61,0.25,23.05,Gift Card,Shipped,2021-12-04,False
ORD-10735,2024-07-16,CUST1098,Jessica Smith,,South,Canada,Home & Kitchen,Coffee Maker,5.0,31.59,0.1,12.225000000000001,Debit Card,Delivered,2021-03-05,False
ORD-11122,2024-05-29,CUST1499,Phillip Berry,,North,United States,Beauty,Sunscreen SPF50,5.0,42.4,0.0,11.7,Paypal,Pending,2021-10-09,False
ORD-12907,2024-08-04,CUST1243,Brandon Bailey Md,brandon.md37@outlook.com,South,United States,Electronics,USB-C Cable,6.0,49.34,0.0,24.43,Gift Card,Delivered,2024-09-06,True
ORD-11948,2024-10-01,CUST1476,Robin Brown,robin.brown36@gmail.com,East,Canada,Home & Kitchen,LED Desk Lamp,4.0,58.04,0.0,21.08,Credit Card,Pending,2024-02-09,False
ORD-12367,2024-07-13,CUST1095,Anna Henderson,anna.henderson24@gmail.com,East,United States,Apparel,Baseball Cap,5.0,33.15,0.0,4.98,Credit Card,Delivered,2022-06-17,False
ORD-10963,2024-12-28,CUST1775,Christopher Moore,christopher.moore80@outlook.com,North,Canada,Toys,Building Blocks Set,6.0,58.86,0.1,6.17,Debit Card,Cancelled,2021-11-16,False
ORD-10355,2023-02-10,CUST1445,Tracy Montoya,tracy.montoya1@yahoo.com,North,Canada,Beauty,Face Moisturizer,4.0,8.45,0.1,20.87,Debit Card,Returned,2022-02-26,False
ORD-10033,2023-07-19,CUST1247,Frank Cordova,frank.cordova55@outlook.com,East,United States,Home & Kitchen,Air Fryer,2.0,31.12,0.05,16.42,Debit Card,Delivered,2021-07-02,False
ORD-12148,2024-02-10,CUST1397,Gary Jackson,gary.jackson3@gmail.com,West,Canada,Toys,RC Car,6.0,20.5,0.25,2.44,Gift Card,Returned,2023-12-26,False
ORD-12525,2023-06-28,CUST1611,Michael Lopez,michael@gmail.com,East,Mexico,Apparel,Cotton T-Shirt,1.0,26.3,0.0,18.56,Gift Card,Delivered,2021-09-20,False
ORD-10209,2023-09-01,CUST1266,Kimberly Gibson,kimberly.gibson74@yahoo.com,West,Canada,Electronics,Laptop Stand,5.0,88.04,0.0,20.9,Debit Card,Pending,2021-10-22,False
ORD-12857,2024-11-18,CUST1277,Marie Christian,marie.christian24@hotmail.com,Central,United States,Apparel,Baseball Cap,4.0,42.82,0.1,12.13,Paypal,Returned,2023-10-16,False
ORD-12022,2024-03-15,CUST1183,Ashley Barton,ashley.barton79@yahoo.com,West,Mexico,Home & Kitchen,Non-Stick Pan Set,6.0,134.17,0.0,18.06,Debit Card,Pending,2024-08-19,True
ORD-10193,2023-10-18,CUST1000,Allison Hill,allison.hill4@outlook.com,South,Mexico,Electronics,Bluetooth Speaker,6.0,249.06,0.05,23.0,Paypal,Shipped,2022-05-17,False
ORD-11542,2023-05-18,CUST1467,William Jones,william.jones87@hotmail.com,Central,Mexico,Beauty,Face Moisturizer,5.0,44.77,0.0,18.81,Gift Card,Shipped,2023-09-30,True
ORD-13130,2023-05-21,CUST1721,Raymond Johnson,raymond.johnson47@hotmail.com,East,United States,Sports & Outdoors,Water Bottle,1.0,68.38,0.0,9.06,Paypal,Pending,2022-04-03,False
ORD-11365,2024-08-17,CUST1411,Lisa Hunter,lisa.hunter46@hotmail.com,Central,Mexico,Beauty,Shampoo Set,5.0,43.43,0.0,5.19,Debit Card,Shipped,2023-06-04,False
ORD-12561,2024-12-23,CUST1816,Tamara Riddle,,North,United States,Toys,Puzzle 1000PC,4.0,44.12,0.0,4.8,Paypal,Returned,2021-04-12,False
ORD-10910,2023-07-20,CUST1213,Katherine Salas,katherine.salas90@outlook.com,North,United States,Electronics,Smartwatch,5.0,197.22,0.05,21.74,Credit Card,Returned,2022-11-27,False
ORD-11295,2024-08-04,CUST1320,Susan Turner,susan.turner17@gmail.com,East,Canada,Apparel,Running Shoes,6.0,44.2,0.15,10.52,Credit Card,Delivered,2023-03-18,False
ORD-11141,2023-03-21,CUST1227,Michael Warner,michael.warner12@hotmail.com,West,Canada,Sports & Outdoors,Resistance Bands,1.0,119.51,0.0,24.25,Gift Card,Pending,2021-08-05,False
ORD-10587,2024-07-12,CUST1134,Rebecca Jackson,rebecca.jackson73@outlook.com,West,Mexico,Toys,Action Figure,4.0,10.57,0.0,5.86,Debit Card,Shipped,2023-06-19,False
ORD-10806,2024-04-10,CUST1731,Alexander Gomez,alexander.gomez1@yahoo.com,South,Canada,Toys,RC Car,4.0,52.8,0.0,2.91,Credit Card,Shipped,2023-06-20,False
ORD-11700,2023-12-13,CUST1292,Jeremy Reed,jeremy.reed16@yahoo.com,West,Canada,Home & Kitchen,Air Fryer,6.0,60.71,0.0,9.96,Debit Card,Shipped,2021-10-12,False
ORD-11258,2024-02-29,CUST1550,Kelly Lee,kelly.lee21@hotmail.com,East,United States,Home & Kitchen,Throw Blanket,4.0,179.82,0.05,6.51,Paypal,Returned,2024-08-02,True
ORD-11982,2023-07-05,CUST1578,Melissa Bishop,melissa.bishop25@yahoo.com,North,Mexico,Electronics,USB-C Cable,1.0,126.49,0.0,19.38,Paypal,Shipped,2021-03-29,False
ORD-13122,2024-05-18,CUST1053,Mark Perez,mark.perez14@yahoo.com,Central,United States,Beauty,Hair Dryer,6.0,20.25,0.0,10.09,Gift Card,Cancelled,2022-12-07,False
ORD-11108,2024-09-15,CUST1771,Jeffrey Horton,mr..horton90@outlook.com,North,United States,Home & Kitchen,Throw Blanket,4.0,114.14,0.05,5.46,Paypal,Returned,2022-05-24,False
ORD-11618,2023-05-06,CUST1098,Jessica Smith,,South,Canada,Toys,Board Game,2.0,47.49,0.0,4.02,Paypal,Returned,2021-03-05,False
ORD-10669,2024-07-13,CUST1654,Robert Dennis,robert.dennis11@hotmail.com,West,Canada,Toys,Building Blocks Set,2.0,23.18,0.0,4.15,Credit Card,Returned,2023-06-29,False
ORD-11734,2023-08-19,CUST1664,Renee Melendez,renee.melendez6@gmail.com,Central,Canada,Home & Kitchen,Air Fryer,2.0,62.07,0.15,9.43,Paypal,Pending,2023-07-12,False
ORD-11683,2023-04-07,CUST1189,Jessica Gross,jessica.gross83@outlook.com,East,United States,Beauty,Lipstick,4.0,17.87,0.25,19.91,Gift Card,Returned,2021-05-05,False
ORD-11370,2024-08-19,CUST1722,Willie Henry,willie.henry66@gmail.com,Central,Canada,Electronics,Laptop Stand,6.0,146.22,0.0,22.65,Paypal,Cancelled,2023-03-24,False
ORD-12701,2024-05-13,CUST1075,Sarah Moore,sarah.moore42@hotmail.com,South,Canada,Beauty,Face Moisturizer,5.0,28.16,0.1,0.08,Paypal,Returned,2023-06-24,False
ORD-11441,2023-02-13,CUST1594,Tanya Russell,tanya.russell60@hotmail.com,North,United States,Electronics,Smartwatch,5.0,97.83,0.1,5.67,Paypal,Returned,2024-07-25,True
ORD-11407,2023-01-18,CUST1835,Timothy Hill,timothy.hill94@hotmail.com,Central,United States,Home & Kitchen,Throw Blanket,1.0,164.92,0.0,6.85,Debit Card,Cancelled,2022-07-18,False
ORD-11792,2023-03-15,CUST1230,Jessica Stephens,jessica.stephens45@outlook.com,South,Canada,Home & Kitchen,LED Desk Lamp,6.0,125.63,0.2,14.59,Gift Card,Delivered,2024-08-14,True
ORD-10781,2023-08-13,CUST1408,Anthony Romero,anthony.romero50@outlook.com,South,Mexico,Beauty,Lipstick,6.0,31.27,0.25,12.21,Gift Card,Delivered,2023-02-26,False
ORD-10599,2022-04-17,CUST1486,Monica Miller,monica.miller83@gmail.com,Central,Canada,Home & Kitchen,LED Desk Lamp,3.0,148.38,0.0,15.45,Gift Card,Delivered,2022-05-24,True
ORD-10462,,CUST1784,Margaret Harper,margaret.harper90@outlook.com,East,United States,Electronics,Wireless Earbuds,6.0,126.42,0.05,4.43,Credit Card,Shipped,2023-01-18,False
ORD-13013,2024-08-01,CUST1364,Tracy Burke,tracy.burke10@gmail.com,North,Canada,Apparel,Cotton T-Shirt,1.0,59.01,0.0,19.73,Paypal,Cancelled,2023-05-18,False
ORD-11803,2024-04-21,CUST1374,Charles Schultz,charles.schultz94@outlook.com,East,United States,Sports & Outdoors,Water Bottle,1.0,138.6,0.1,16.17,Gift Card,Shipped,2024-03-28,False
ORD-10230,2024-06-18,CUST1182,Angela Vaughn,angela.vaughn14@yahoo.com,Central,Canada,Toys,RC Car,1.0,17.08,0.05,20.18,Gift Card,Pending,2023-08-24,False
ORD-12598,2023-06-05,CUST1462,Riley Bryant,riley.bryant76@outlook.com,West,United States,Beauty,Shampoo Set,4.0,30.325,0.0,3.47,Debit Card,Pending,2024-06-03,True
ORD-13113,2023-08-19,CUST1844,Ashley Edwards,ashley.edwards33@gmail.com,Central,Mexico,Home & Kitchen,Coffee Maker,5.0,160.74,0.2,23.71,Credit Card,Returned,2023-01-21,False
ORD-10684,2023-11-10,CUST1504,Katherine Martinez,katherine.martinez14@gmail.com,Central,Canada,Apparel,Wool Sweater,5.0,44.39,0.0,9.71,Gift Card,Cancelled,2022-04-13,False
ORD-13036,2023-01-29,CUST1618,Emily Wilson,emily.wilson81@yahoo.com,North,Canada,Apparel,Baseball Cap,1.0,79.83,0.15,23.4,Credit Card,Pending,2022-10-04,False
ORD-11520,2023-06-02,CUST1349,Theodore Jones Jr.,theodore.jr.59@outlook.com,East,United States,Sports & Outdoors,Yoga Mat,5.0,102.17,0.2,9.12,Credit Card,Cancelled,2022-01-17,False
ORD-10883,2024-01-24,CUST1592,Jason Love,jason.love68@gmail.com,South,Canada,Sports & Outdoors,Yoga Mat,1.0,126.01,0.05,0.3,Credit Card,Returned,2021-12-22,False
ORD-12374,2023-01-14,CUST1788,Cesar Wilson,cesar.wilson63@outlook.com,Central,Canada,Home & Kitchen,LED Desk Lamp,2.0,92.29,0.0,5.25,Debit Card,Delivered,2022-05-29,False
ORD-10795,2023-08-19,CUST1232,Christopher Parker,christopher.parker81@hotmail.com,Central,United States,Sports & Outdoors,Water Bottle,4.0,129.58,0.0,15.72,Paypal,Pending,2023-08-09,False
ORD-11947,2023-10-02,CUST1418,Jeffrey Mills,jeffrey.mills93@yahoo.com,South,Mexico,Beauty,Lipstick,4.0,15.73,0.0,5.75,Gift Card,Shipped,2024-03-17,True
ORD-10904,2023-02-11,CUST1327,Trevor Johnson,trevor.johnson84@yahoo.com,West,United States,Sports & Outdoors,Yoga Mat,2.0,143.15,0.1,7.11,Paypal,Cancelled,2021-04-16,False
ORD-10998,2023-04-23,CUST1822,Jose Ramirez,jose.ramirez2@gmail.com,West,United States,Electronics,Bluetooth Speaker,1.0,39.02,0.0,10.35,Paypal,Shipped,2022-05-25,False
ORD-10940,2023-02-02,CUST1839,Michele Smith,michele@gmail.com,South,Canada,Apparel,Running Shoes,3.0,33.26,0.25,18.54,Credit Card,Delivered,2024-01-09,True
ORD-12169,2024-01-16,CUST1595,Sherry Woods,sherry.woods77@hotmail.com,Central,Canada,Beauty,Shampoo Set,6.0,14.85,0.0,13.04,Credit Card,Pending,2021-12-30,False
ORD-10441,2024-09-14,CUST1111,Shannon Walker,shannon.walker34@outlook.com,East,Canada,Apparel,Cotton T-Shirt,4.0,33.53,0.0,1.68,Credit Card,Delivered,2022-07-27,False
ORD-10771,2023-02-23,CUST1588,Dale Ryan,dale.ryan39@outlook.com,North,United States,Beauty,Shampoo Set,3.0,44.81,0.0,1.35,Credit Card,Cancelled,2022-07-29,False
ORD-12985,2024-12-10,CUST1189,Jessica Gross,jessica.gross83@outlook.com,East,United States,Sports & Outdoors,Camping Tent,2.0,82.2,0.15,12.21,Paypal,Delivered,2021-05-05,False
ORD-10613,2024-03-12,CUST1031,James Ferrell,james.ferrell43@gmail.com,East,Mexico,Beauty,Shampoo Set,2.0,55.67,0.0,12.69,Gift Card,Returned,2023-11-19,False
ORD-10043,2023-12-10,CUST1647,Molly Rodriguez,molly.rodriguez57@gmail.com,East,Canada,Apparel,Wool Sweater,5.0,23.7,0.0,5.74,Gift Card,Pending,2021-10-05,False
ORD-11797,2023-04-26,CUST1709,Sean Clay,sean.clay7@hotmail.com,North,United States,Sports & Outdoors,Water Bottle,5.0,68.61,0.25,19.64,Gift Card,Pending,2024-08-13,True
ORD-10616,2024-07-01,CUST1277,Marie Christian,marie.christian24@hotmail.com,Central,United States,Electronics,Webcam,3.0,212.5,0.15,17.38,Debit Card,Shipped,2023-10-16,False
ORD-10315,2023-08-21,CUST1118,Victor Baker,victor.baker98@yahoo.com,West,United States,Electronics,USB-C Cable,6.0,29.75,0.0,12.31,Gift Card,Delivered,2022-01-28,False
ORD-12027,2023-12-10,CUST1234,Michael Lyons,michael@gmail.com,East,United States,Apparel,Baseball Cap,3.0,43.3,0.15,2.41,Debit Card,Pending,2023-06-25,False
ORD-10749,2024-05-05,CUST1029,Anthony Rodriguez,anthony.rodriguez9@outlook.com,Central,United States,Toys,Puzzle 1000PC,6.0,50.68,0.2,6.14,Debit Card,Returned,2021-02-13,False
ORD-12417,2023-01-20,CUST1767,Haley Johnson,haley.johnson33@outlook.com,Central,United States,Home & Kitchen,Non-Stick Pan Set,2.0,95.09,0.0,14.45,Debit Card,Returned,2023-06-26,True
ORD-10004,2024-09-08,CUST1788,Cesar Wilson,cesar.wilson63@outlook.com,Central,Canada,Home & Kitchen,Non-Stick Pan Set,4.0,97.9,0.0,10.8,Gift Card,Cancelled,2022-05-29,False
ORD-12029,2023-02-23,CUST1682,Dean Donovan,dean.donovan10@yahoo.com,Central,Canada,Apparel,Denim Jacket,2.0,48.19,0.2,22.94,Gift Card,Returned,2021-12-22,False
ORD-12104,2023-05-08,CUST1144,Amber Wright,amber.wright25@outlook.com,West,Canada,Apparel,Wool Sweater,4.0,70.94,0.0,13.25,Credit Card,Returned,2024-06-29,True
ORD-12803,2023-11-11,CUST1169,Daniel Murphy,daniel@gmail.com,East,Mexico,Toys,Action Figure,1.0,28.01,0.05,22.09,Paypal,Returned,2022-12-09,False
ORD-10145,2024-12-15,CUST1701,James Watson,james.watson1@gmail.com,North,United States,Toys,Action Figure,5.0,62.58,0.1,22.05,Debit Card,Delivered,2024-04-14,False
ORD-11034,2023-09-16,CUST1039,Brittany Farmer,brittany.farmer52@gmail.com,North,United States,Electronics,Webcam,3.0,71.37,0.0,19.88,Paypal,Returned,2021-12-04,False
ORD-12285,2023-07-18,CUST1742,George Ochoa,george.ochoa65@hotmail.com,North,United States,Toys,Puzzle 1000PC,2.0,21.27,0.2,2.84,Debit Card,Pending,2021-11-03,False
ORD-11885,2023-06-11,CUST1551,Angel Gordon,angel.gordon72@outlook.com,Central,United States,Sports & Outdoors,Hiking Backpack,4.0,120.88,0.0,7.46,Gift Card,Cancelled,2022-04-03,False
ORD-10996,2023-05-12,CUST1708,Joseph Williams,joseph.williams29@outlook.com,South,Mexico,Electronics,Laptop Stand,3.0,243.22,0.15,19.17,Paypal,Returned,2022-02-02,False
ORD-10538,2024-01-31,CUST1252,Tanya Kim,tanya.kim31@hotmail.com,West,United States,Home & Kitchen,Air Fryer,2.0,79.83,0.0,11.97,Debit Card,Shipped,2024-04-06,True
ORD-11434,2024-06-22,CUST1521,Christopher Morris,christopher.morris22@hotmail.com,West,Canada,Home & Kitchen,LED Desk Lamp,2.0,71.96,0.0,18.36,Debit Card,Pending,2023-08-13,False
ORD-10759,2023-09-13,CUST1808,Patricia Young Phd,patricia.phd1@yahoo.com,West,Canada,Beauty,Sunscreen SPF50,2.0,9.65,0.0,2.1,Debit Card,Returned,2022-06-12,False
ORD-10369,2024-10-01,CUST1577,Raymond Le,raymond.le87@yahoo.com,South,United States,Home & Kitchen,Coffee Maker,2.0,86.09,0.0,13.37,Credit Card,Shipped,2021-09-04,False
ORD-10640,2023-11-22,CUST1436,Ralph Anderson,ralph.anderson74@yahoo.com,West,United States,Electronics,USB-C Cable,1.0,64.62,0.15,13.51,Debit Card,Shipped,2023-02-07,False
ORD-10902,2024-01-26,CUST1471,Richard Cooper,richard.cooper46@gmail.com,South,United States,Sports & Outdoors,Water Bottle,6.0,89.81,0.1,15.79,Gift Card,Returned,2023-12-31,False
ORD-11430,2024-05-26,CUST1185,Hannah Patterson,dr..patterson15@gmail.com,South,United States,Toys,Puzzle 1000PC,4.0,58.94,0.0,6.41,Credit Card,Shipped,2022-04-26,False
ORD-11124,2023-05-29,CUST1068,James Brown,james.brown41@hotmail.com,North,United States,Toys,Action Figure,5.0,37.87,0.1,10.62,Debit Card,Returned,2024-05-26,True
ORD-12394,2023-06-24,CUST1801,Krista Wilson,krista.wilson11@gmail.com,South,Canada,Sports & Outdoors,Resistance Bands,6.0,146.72,0.0,8.63,Debit Card,Pending,2022-06-22,False
ORD-11502,2023-07-31,CUST1292,Jeremy Reed,jeremy.reed16@yahoo.com,West,Canada,Home & Kitchen,LED Desk Lamp,5.0,129.46,0.0,11.97,Debit Card,Pending,2021-10-12,False
ORD-12980,2024-01-02,CUST1437,Christopher Guerra,christopher.guerra76@yahoo.com,West,Canada,Electronics,USB-C Cable,1.0,50.1,0.1,10.17,Paypal,Shipped,2022-12-08,False
ORD-11225,2023-07-30,CUST1482,Evelyn Martinez,evelyn.martinez39@yahoo.com,South,Canada,Sports & Outdoors,Camping Tent,6.0,44.14,0.0,8.39,Credit Card,Returned,2023-02-23,False
ORD-11538,2023-01-28,CUST1116,William Herrera,william.herrera71@outlook.com,West,United States,Apparel,Wool Sweater,4.0,64.39,0.0,10.58,Paypal,Delivered,2022-12-22,False
ORD-12905,2024-07-24,CUST1731,Alexander Gomez,alexander.gomez1@yahoo.com,South,Canada,Apparel,Denim Jacket,1.0,24.67,0.05,7.63,Gift Card,Shipped,2023-06-20,False
ORD-10342,2023-02-13,CUST1254,Cynthia Moore,cynthia.moore37@hotmail.com,West,United States,Sports & Outdoors,Resistance Bands,5.0,75.33,0.15,10.19,Gift Card,Delivered,2023-10-27,True
ORD-12403,2024-12-08,CUST1125,Erin Edwards,erin@gmail.com,Central,United States,Electronics,USB-C Cable,1.0,98.35,0.1,9.49,Debit Card,Cancelled,2022-05-24,False
ORD-10507,2024-12-12,CUST1601,Jennifer Simpson Dvm,jennifer.dvm45@hotmail.com,West,United States,Sports & Outdoors,Camping Tent,1.0,114.78,0.0,9.39,Gift Card,Returned,2022-06-01,False
ORD-11404,,CUST1495,Lawrence Harrington,lawrence.harrington11@outlook.com,South,United States,Beauty,Lipstick,3.0,53.75,0.0,11.67,Debit Card,Cancelled,2021-06-11,False
ORD-12378,2024-03-20,CUST1363,Nicole Parrish,nicole.parrish40@gmail.com,North,Mexico,Beauty,Lipstick,6.0,32.01,0.0,17.94,Credit Card,Returned,2023-03-22,False
ORD-12786,2024-07-01,CUST1595,Sherry Woods,sherry.woods77@hotmail.com,Central,Canada,Apparel,Denim Jacket,6.0,83.36,0.0,12.63,Debit Card,Pending,2021-12-30,False
ORD-12082,2024-11-20,CUST1056,Timothy Duncan,timothy.duncan17@outlook.com,West,Canada,Sports & Outdoors,Water Bottle,4.0,92.05,0.05,9.07,Gift Card,Cancelled,2021-11-27,False
ORD-12259,2023-04-12,CUST1283,Shelia Wallace,shelia.wallace87@yahoo.com,Central,Mexico,Electronics,USB-C Cable,4.0,120.21,0.1,12.13,Debit Card,Shipped,2021-03-05,False
ORD-12069,2023-10-20,CUST1774,Carly Riggs,carly.riggs31@yahoo.com,South,United States,Apparel,Baseball Cap,4.0,21.64,0.0,9.83,Gift Card,Pending,2022-06-28,False
ORD-12092,2024-06-29,CUST1808,Patricia Young Phd,patricia.phd1@yahoo.com,West,Canada,Sports & Outdoors,Yoga Mat,6.0,37.63,0.0,24.01,Debit Card,Cancelled,2022-06-12,False
ORD-11440,2023-07-06,CUST1461,Eric Williams,eric.williams45@gmail.com,South,United States,Electronics,USB-C Cable,1.0,58.22,0.15,4.08,Paypal,Pending,2023-06-19,False
ORD-10593,2023-04-12,CUST1445,Tracy Montoya,tracy.montoya1@yahoo.com,North,Canada,Electronics,USB-C Cable,1.0,61.1,0.15,4.5,Credit Card,Pending,2022-02-26,False
ORD-12376,2024-01-01,CUST1583,Denise Martinez,denise.martinez98@gmail.com,North,United States,Electronics,Webcam,6.0,23.51,0.15,15.37,Gift Card,Pending,2021-08-05,False
ORD-10549,2023-11-20,CUST1187,Samantha Garcia,samantha.garcia63@hotmail.com,East,United States,Electronics,Laptop Stand,3.0,208.22,0.0,3.29,Credit Card,Delivered,2022-07-27,False
ORD-12546,2023-01-08,CUST1155,Michelle Brown,michelle.brown53@gmail.com,West,Mexico,Apparel,Baseball Cap,3.0,18.27,0.05,6.99,Gift Card,Shipped,2022-10-14,False
ORD-13140,2024-12-16,CUST1139,Angel Perry,angel.perry36@yahoo.com,West,Canada,Apparel,Running Shoes,5.0,25.86,0.25,8.3,Paypal,Returned,2024-04-13,False
ORD-11821,2023-06-15,CUST1749,Leslie Gardner,,East,United States,Beauty,Lipstick,5.0,58.91,0.0,2.91,Debit Card,Cancelled,2024-09-02,True
ORD-11293,,CUST1764,Jorge Stone,jorge.stone93@outlook.com,South,Canada,Electronics,Wireless Earbuds,3.0,123.73,0.25,5.32,Debit Card,Pending,2022-12-13,False
ORD-10760,2024-05-16,CUST1150,David Wright,david.wright19@hotmail.com,Central,Mexico,Electronics,USB-C Cable,6.0,95.34,0.25,18.47,Debit Card,Delivered,2022-01-26,False
ORD-11810,2023-04-13,CUST1753,Jennifer Porter,jennifer.porter40@outlook.com,South,Mexico,Electronics,Webcam,3.0,245.6,0.25,17.08,Debit Card,Returned,2023-03-27,False
ORD-10138,2024-08-23,CUST1684,James Whitaker,james.whitaker33@gmail.com,South,Canada,Beauty,Sunscreen SPF50,5.0,10.47,0.05,20.44,Gift Card,Shipped,2022-11-08,False
ORD-10166,2024-05-28,CUST1669,Michael Morrison,michael.morrison44@outlook.com,South,United States,Sports & Outdoors,Water Bottle,5.0,15.6,0.25,12.44,Credit Card,Returned,2023-07-17,False
ORD-12797,2023-05-24,CUST1745,Vincent Novak,vincent.novak6@hotmail.com,West,United States,Home & Kitchen,Coffee Maker,1.0,160.4,0.0,23.95,Paypal,Pending,2022-04-15,False
ORD-10234,2024-12-27,CUST1688,Katherine Stark,katherine.stark12@outlook.com,East,United States,Beauty,Sunscreen SPF50,2.0,46.87,0.0,12.64,Debit Card,Delivered,2022-03-30,False
ORD-12666,2023-07-16,CUST1710,Anthony Jones,anthony.jones33@gmail.com,Central,United States,Electronics,Laptop Stand,1.0,116.82,0.15,5.76,Paypal,Cancelled,2022-02-09,False
ORD-12498,2024-04-02,CUST1832,Scott Alexander,scott.alexander97@outlook.com,South,Canada,Electronics,Wireless Earbuds,2.0,133.558,0.25,2.92,Gift Card,Delivered,2023-06-18,False
ORD-13026,2024-08-08,CUST1514,Angelica Parker,angelica.parker14@yahoo.com,West,United States,Sports & Outdoors,Resistance Bands,6.0,27.82,0.25,11.97,Debit Card,Returned,2023-12-22,False
ORD-11714,2024-06-12,CUST1562,Robert Richardson,robert@gmail.com,Central,Canada,Toys,Action Figure,6.0,46.47,0.0,15.76,Paypal,Cancelled,2021-10-07,False
ORD-10044,2024-03-20,CUST1753,Jennifer Porter,jennifer.porter40@outlook.com,South,Mexico,Beauty,Sunscreen SPF50,6.0,6.85,0.1,18.83,Gift Card,Cancelled,2023-03-27,False
ORD-11202,2023-12-26,CUST1412,Julian Conner,julian.conner99@outlook.com,North,Canada,Toys,Puzzle 1000PC,4.0,59.07,0.0,1.98,Debit Card,Shipped,2022-05-20,False
ORD-11321,2023-07-31,CUST1167,Alyssa Day,alyssa.day19@yahoo.com,East,United States,Sports & Outdoors,Resistance Bands,1.0,101.14,0.0,7.89,Gift Card,Returned,2023-08-03,True
ORD-11555,2023-07-04,CUST1684,James Whitaker,james.whitaker33@gmail.com,South,Canada,Electronics,Wireless Earbuds,5.0,53.25,0.05,23.69,Debit Card,Delivered,2022-11-08,False
ORD-10030,2023-03-04,CUST1311,Victor Taylor,victor.taylor7@outlook.com,West,United States,Toys,Action Figure,3.0,23.63,0.0,4.37,Debit Card,Pending,2023-02-26,False
ORD-12709,2023-12-27,CUST1607,David Lopez,,East,United States,Sports & Outdoors,Resistance Bands,1.0,121.43,0.25,21.44,Credit Card,Cancelled,2023-10-16,False
ORD-11480,2024-05-02,CUST1119,Jeffrey Chandler,jeffrey.chandler98@outlook.com,East,United States,Sports & Outdoors,Camping Tent,6.0,144.54,0.05,12.69,Debit Card,Returned,2021-07-25,False
ORD-12958,2024-08-10,CUST1344,Kayla Rodriguez,kayla.rodriguez8@gmail.com,South,Canada,Home & Kitchen,Coffee Maker,5.0,145.78,0.1,1.58,Credit Card,Cancelled,2024-08-28,True
ORD-12071,2024-12-31,CUST1323,Brandy Chavez,brandy.chavez20@yahoo.com,East,United States,Sports & Outdoors,Water Bottle,4.0,44.62,0.2,17.09,Paypal,Returned,2022-11-03,False
ORD-11905,2024-09-12,CUST1561,Kim Erickson,kim@gmail.com,South,Mexico,Home & Kitchen,Throw Blanket,3.0,110.66,0.0,13.16,Credit Card,Delivered,2021-12-15,False
ORD-12358,,CUST1263,Diane Evans,diane.evans55@gmail.com,East,Canada,Apparel,Baseball Cap,2.0,83.58,0.15,24.54,Gift Card,Delivered,2022-08-14,False
ORD-11159,2024-01-01,CUST1010,Monica Herrera,monica.herrera21@outlook.com,East,Mexico,Beauty,Lipstick,1.0,20.3,0.0,1.45,Paypal,Returned,2022-12-29,False
ORD-12351,2023-01-17,CUST1038,Elizabeth Fowler,elizabeth.fowler97@yahoo.com,West,United States,Apparel,Running Shoes,5.0,17.4,0.15,24.3,Credit Card,Pending,2021-12-07,False
ORD-11032,,CUST1369,Sabrina Austin,sabrina.austin93@hotmail.com,South,United States,Electronics,Wireless Earbuds,2.0,73.91,0.0,24.0,Gift Card,Pending,2023-12-26,False
ORD-11566,2023-03-24,CUST1032,Tricia Valencia,tricia.valencia70@yahoo.com,West,United States,Electronics,Bluetooth Speaker,2.0,70.96,0.1,18.42,Gift Card,Cancelled,2024-03-15,True
ORD-12769,2024-07-29,CUST1032,Tricia Valencia,tricia.valencia70@yahoo.com,West,United States,Toys,Building Blocks Set,2.0,27.24,0.0,13.31,Debit Card,Shipped,2024-03-15,False
ORD-11906,2023-03-04,CUST1545,Cindy Gomez,,Central,United States,Apparel,Wool Sweater,3.0,47.19,0.2,2.6,Debit Card,Returned,2021-04-26,False
ORD-12834,2024-05-01,CUST1493,Mark Cox,mark.cox51@outlook.com,Central,United States,Toys,RC Car,6.0,24.7,0.0,1.4,Gift Card,Shipped,2024-07-11,True
ORD-11703,2023-08-28,CUST1300,Tanner Mitchell Dds,tanner.dds36@yahoo.com,Central,Canada,Beauty,Hair Dryer,4.0,48.33,0.05,20.0,Paypal,Shipped,2024-04-07,True
ORD-11662,2023-06-14,CUST1533,Michael Evans,dr..evans36@outlook.com,North,Canada,Apparel,Denim Jacket,5.0,79.59,0.0,12.19,Paypal,Shipped,2023-07-03,True
ORD-12831,2023-11-21,CUST1680,Suzanne Wood,suzanne.wood80@hotmail.com,East,Canada,Electronics,Bluetooth Speaker,1.0,34.58,0.0,23.69,Debit Card,Pending,2022-04-07,False
ORD-10574,2024-12-06,CUST1151,Pamela Boyd,pamela.boyd9@outlook.com,Central,United States,Home & Kitchen,Air Fryer,3.0,127.73,0.2,17.29,Paypal,Cancelled,2023-04-30,False
ORD-12776,2024-01-15,CUST1401,Craig Morrison,craig.morrison52@hotmail.com,South,United States,Home & Kitchen,LED Desk Lamp,5.0,153.58,0.0,6.07,Debit Card,Shipped,2024-03-03,True
ORD-10570,2023-04-20,CUST1067,Carol Tucker,carol.tucker34@gmail.com,West,United States,Electronics,Bluetooth Speaker,4.0,30.78,0.1,21.69,Paypal,Returned,2021-08-11,False
ORD-11162,2024-04-24,CUST1185,Hannah Patterson,dr..patterson15@gmail.com,South,United States,Electronics,Laptop Stand,6.0,206.23,0.15,23.82,Credit Card,Pending,2022-04-26,False
ORD-13114,2023-09-02,CUST1536,Morgan Valencia,morgan.valencia68@yahoo.com,North,United States,Sports & Outdoors,Resistance Bands,1.0,17.25,0.2,0.24,Gift Card,Delivered,2024-07-15,True
ORD-12258,,CUST1022,Ethan Adams,ethan.adams81@outlook.com,Central,United States,Beauty,Face Moisturizer,1.0,6.1,0.25,22.18,Paypal,Delivered,2024-08-01,False
ORD-13098,2023-02-04,CUST1757,Melissa Stephens,melissa.stephens78@gmail.com,Central,Mexico,Sports & Outdoors,Camping Tent,1.0,139.39,0.2,6.85,Debit Card,Cancelled,2023-02-27,True
ORD-12322,2023-12-20,CUST1743,Valerie Taylor,valerie.taylor79@gmail.com,North,Canada,Sports & Outdoors,Yoga Mat,2.0,34.23,0.0,16.85,Credit Card,Cancelled,2023-12-25,True
ORD-12942,2023-07-16,CUST1151,Pamela Boyd,pamela.boyd9@outlook.com,Central,United States,Home & Kitchen,Coffee Maker,5.0,79.37,0.0,18.77,Gift Card,Shipped,2023-04-30,False
ORD-11354,2023-07-27,CUST1177,Michael Wang,michael.wang23@yahoo.com,East,Canada,Sports & Outdoors,Camping Tent,1.0,58.4999,0.0,15.35,Paypal,Shipped,2021-09-28,False
ORD-11080,2023-03-11,CUST1320,Susan Turner,susan.turner17@gmail.com,East,Canada,Sports & Outdoors,Water Bottle,6.0,67.17,0.1,11.19,Paypal,Cancelled,2023-03-18,True
ORD-11239,2024-05-27,CUST1269,Patrick Thornton,patrick.thornton48@outlook.com,North,United States,Sports & Outdoors,Yoga Mat,1.0,139.23,0.2,8.03,Paypal,Shipped,2021-03-02,False
ORD-11536,2023-02-13,CUST1424,Felicia Aguilar,felicia.aguilar84@yahoo.com,Central,Mexico,Beauty,Lipstick,6.0,41.4,0.0,15.97,Debit Card,Delivered,2022-08-09,False
ORD-12656,2024-10-25,CUST1071,Whitney Peters,whitney.peters80@outlook.com,East,Canada,Electronics,Smartwatch,1.0,159.82,0.0,9.19,Gift Card,Pending,2024-09-20,False
ORD-11784,2024-08-19,CUST1661,Emma Butler,emma.butler14@gmail.com,South,Mexico,Toys,Puzzle 1000PC,3.0,50.88,0.05,22.59,Debit Card,Returned,2021-12-03,False
ORD-11608,2023-08-13,CUST1576,Thomas Peterson,thomas@gmail.com,Central,Canada,Sports & Outdoors,Camping Tent,6.0,99.77,0.05,12.13,Paypal,Cancelled,2021-03-13,False
ORD-11962,2023-01-30,CUST1036,Sherri Baker,sherri.baker55@yahoo.com,South,Canada,Toys,Board Game,4.0,46.45,0.0,10.38,Credit Card,Returned,2022-07-25,False
ORD-12703,2024-08-27,CUST1717,Brenda Hinton,brenda.hinton11@outlook.com,South,United States,Toys,Puzzle 1000PC,3.0,16.75,0.25,1.33,Debit Card,Pending,2021-10-14,False
ORD-10005,2024-02-13,CUST1050,Jessica Holmes,jessica.holmes45@gmail.com,East,United States,Sports & Outdoors,Resistance Bands,4.0,149.59,0.05,10.34,Paypal,Cancelled,2022-05-16,False
ORD-11261,2024-12-14,CUST1085,Daniel Baker,daniel.baker32@outlook.com,South,United States,Beauty,Shampoo Set,1.0,42.47,0.0,12.225000000000001,Debit Card,Returned,2023-12-04,False
ORD-11144,2024-03-06,CUST1327,Trevor Johnson,trevor.johnson84@yahoo.com,West,United States,Toys,Action Figure,4.0,61.29,0.0,8.0,Gift Card,Cancelled,2021-04-16,False
ORD-10556,2023-05-22,CUST1093,Christina Walters,christina.walters86@hotmail.com,South,Canada,Electronics,USB-C Cable,2.0,52.37,0.0,10.29,Debit Card,Returned,2021-12-05,False
ORD-12049,2024-04-04,CUST1708,Joseph Williams,joseph.williams29@outlook.com,South,Mexico,Electronics,Laptop Stand,3.0,25.95,0.1,10.97,Gift Card,Delivered,2022-02-02,False
ORD-12136,2024-07-22,CUST1237,David Davis,david.davis50@hotmail.com,North,United States,Apparel,Denim Jacket,5.0,60.76,0.25,12.01,Paypal,Returned,2024-04-03,False
ORD-11848,2023-02-11,CUST1699,Brent Hernandez,brent@gmail.com,West,United States,Beauty,Hair Dryer,4.0,49.41,0.1,12.98,Debit Card,Delivered,2022-12-04,False
ORD-12613,2024-04-13,CUST1371,Debra White,debra.white54@gmail.com,North,Canada,Sports & Outdoors,Hiking Backpack,1.0,37.55,0.05,1.02,Paypal,Pending,2022-05-08,False
ORD-12554,2023-11-08,CUST1250,Isaiah Avila,isaiah.avila5@outlook.com,Central,United States,Beauty,Shampoo Set,1.0,41.73,0.25,9.81,Gift Card,Shipped,2024-06-19,True
ORD-13028,2023-10-17,CUST1708,Joseph Williams,joseph.williams29@outlook.com,South,Mexico,Beauty,Lipstick,5.0,41.95,0.0,6.49,Credit Card,Delivered,2022-02-02,False
ORD-11113,2024-12-12,CUST1327,Trevor Johnson,trevor.johnson84@yahoo.com,West,United States,Toys,Board Game,1.0,52.83,0.1,11.97,Debit Card,Returned,2021-04-16,False
ORD-12250,2024-02-25,CUST1629,Kevin Davis,kevin.davis69@gmail.com,North,Mexico,Sports & Outdoors,Yoga Mat,2.0,15.34,0.15,13.52,Credit Card,Cancelled,2024-05-01,True
ORD-12329,2023-04-27,CUST1249,Kimberly Gutierrez,kimberly@gmail.com,Central,Mexico,Toys,RC Car,1.0,50.66,0.0,0.78,Gift Card,Delivered,2021-07-27,False
ORD-10182,2024-05-20,CUST1327,Trevor Johnson,trevor.johnson84@yahoo.com,West,United States,Electronics,Bluetooth Speaker,1.0,158.33,0.0,10.07,Credit Card,Delivered,2021-04-16,False
ORD-11832,2023-04-15,CUST1363,Nicole Parrish,nicole.parrish40@gmail.com,North,Mexico,Apparel,Denim Jacket,2.0,46.52,0.1,18.86,Credit Card,Returned,2023-03-22,False
ORD-11902,2023-08-10,CUST1420,George Harper,george@gmail.com,West,United States,Beauty,Shampoo Set,1.0,44.64,0.0,4.91,Paypal,Pending,2023-10-06,True
ORD-11630,2023-09-16,CUST1708,Joseph Williams,joseph.williams29@outlook.com,South,Mexico,Electronics,Laptop Stand,4.0,224.9,0.25,23.77,Paypal,Shipped,2022-02-02,False
ORD-12247,2023-09-14,CUST1292,Jeremy Reed,jeremy.reed16@yahoo.com,West,Canada,Beauty,Face Moisturizer,5.0,56.71,0.1,14.6,Paypal,Cancelled,2021-10-12,False
ORD-11278,2023-07-09,CUST1821,Mark Beard,mark@gmail.com,South,United States,Apparel,Denim Jacket,3.0,57.65,0.05,24.49,Debit Card,Returned,2023-08-21,True
ORD-11966,,CUST1156,Joshua Perry,joshua.perry49@hotmail.com,South,United States,Toys,Building Blocks Set,6.0,29.94,0.2,23.13,Credit Card,Cancelled,2024-09-21,False
ORD-12636,2023-10-31,CUST1620,Casey Hernandez,casey.hernandez56@hotmail.com,West,United States,Electronics,Bluetooth Speaker,6.0,102.05,0.15,23.02,Debit Card,Shipped,2023-04-07,False
ORD-11585,2024-03-20,CUST1160,Paul Castaneda,paul@gmail.com,Central,United States,Toys,Puzzle 1000PC,3.0,28.31,0.15,8.6,Gift Card,Delivered,2022-11-04,False
ORD-10487,2024-07-25,CUST1843,Benjamin Reyes,benjamin.reyes5@hotmail.com,Central,Canada,Sports & Outdoors,Water Bottle,2.0,38.04,0.1,22.99,Credit Card,Shipped,2024-09-09,True
ORD-11018,2023-05-24,CUST1401,Craig Morrison,craig.morrison52@hotmail.com,South,United States,Home & Kitchen,Non-Stick Pan Set,6.0,116.08,0.15,4.25,Credit Card,Returned,2024-03-03,True
ORD-12107,2023-02-17,CUST1426,Jenna Larson,jenna.larson63@yahoo.com,East,United States,Toys,RC Car,2.0,39.5,0.25,23.47,Paypal,Delivered,2022-10-30,False
ORD-10063,2024-06-02,CUST1481,Howard Norman,howard@gmail.com,North,Canada,Beauty,Lipstick,3.0,24.19,0.0,8.93,Paypal,Cancelled,2023-02-24,False
ORD-12845,2024-03-21,CUST1259,Kristen Reyes,mrs..reyes11@outlook.com,East,Canada,Apparel,Wool Sweater,4.0,71.42,0.0,24.3,Debit Card,Cancelled,2022-04-05,False
ORD-10895,2024-09-20,CUST1042,Sherry Decker,sherry.decker8@outlook.com,Central,United States,Apparel,Baseball Cap,2.0,45.92,0.2,18.34,Debit Card,Cancelled,2021-04-28,False
ORD-10162,2023-01-27,CUST1712,Timothy Edwards,timothy.edwards25@outlook.com,East,Canada,Toys,Board Game,4.0,12.78,0.0,18.7,Paypal,Pending,2023-09-23,True
ORD-13139,2023-02-14,CUST1255,Kristen Davis,kristen.davis78@yahoo.com,West,United States,Apparel,Baseball Cap,3.0,52.32,0.1,9.15,Gift Card,Returned,2022-05-28,False
ORD-12800,2024-11-06,CUST1704,Shannon Malone,shannon.malone29@yahoo.com,East,Mexico,Beauty,Shampoo Set,3.0,10.38,0.0,1.73,Debit Card,Pending,2023-03-12,False
ORD-10739,2024-12-04,CUST1047,Shane Henderson,shane.henderson34@yahoo.com,East,United States,Toys,Building Blocks Set,5.0,38.48,0.05,4.35,Credit Card,Cancelled,2022-10-06,False
ORD-13091,2023-06-08,CUST1342,Anthony Harmon,anthony.harmon18@gmail.com,West,Mexico,Home & Kitchen,LED Desk Lamp,6.0,73.33,0.1,15.24,Paypal,Cancelled,2024-02-02,True
ORD-10157,2024-01-22,CUST1768,Jason Nixon,jason.nixon97@outlook.com,West,Canada,Apparel,Cotton T-Shirt,3.0,85.09,0.0,18.99,Gift Card,Returned,2023-07-29,False
ORD-11347,2024-01-09,CUST1160,Paul Castaneda,paul@gmail.com,Central,United States,Sports & Outdoors,Water Bottle,1.0,25.68,0.25,23.46,Gift Card,Delivered,2022-11-04,False
ORD-10191,2024-01-04,CUST1591,Kiara Little,kiara.little8@yahoo.com,Central,United States,Toys,Puzzle 1000PC,6.0,40.67,0.0,23.63,Paypal,Cancelled,2021-05-15,False
ORD-11130,2023-09-13,CUST1832,Scott Alexander,scott.alexander97@outlook.com,South,Canada,Sports & Outdoors,Camping Tent,1.0,49.77,0.0,23.91,Debit Card,Shipped,2023-06-18,False
ORD-10091,2023-12-25,CUST1681,Justin Walker,justin.walker78@yahoo.com,West,United States,Toys,Action Figure,4.0,36.17,0.0,22.21,Gift Card,Pending,2022-01-02,False
ORD-10953,2023-08-20,CUST1592,Jason Love,jason.love68@gmail.com,South,Canada,Home & Kitchen,LED Desk Lamp,4.0,51.7,0.25,21.85,Credit Card,Delivered,2021-12-22,False
ORD-10288,2023-11-16,CUST1812,Douglas Ryan,douglas.ryan50@hotmail.com,North,United States,Beauty,Face Moisturizer,4.0,56.58,0.25,6.16,Debit Card,Pending,2022-03-28,False
ORD-10180,2024-03-09,CUST1739,Linda Gonzalez,linda.gonzalez75@yahoo.com,Central,United States,Beauty,Sunscreen SPF50,3.0,29.72,0.0,16.13,Paypal,Delivered,2024-06-30,True
ORD-11389,2024-06-09,CUST1691,Pamela Gutierrez,pamela.gutierrez88@outlook.com,West,United States,Home & Kitchen,Non-Stick Pan Set,4.0,149.53,0.2,16.16,Gift Card,Shipped,2023-02-21,False
ORD-12730,2023-06-07,CUST1606,Brian Martin,brian.martin77@hotmail.com,South,Mexico,Toys,Puzzle 1000PC,6.0,51.26,0.25,12.58,Paypal,Shipped,2024-09-14,True
ORD-10244,2022-12-20,CUST1024,Matthew Foster,matthew.foster3@gmail.com,South,Canada,Beauty,Lipstick,4.0,34.42,0.0,17.22,Debit Card,Shipped,2023-01-14,True
ORD-12292,,CUST1380,Karla Ramos,karla.ramos72@yahoo.com,East,United States,Beauty,Sunscreen SPF50,5.0,22.44,0.25,9.36,Credit Card,Pending,2023-03-07,False
ORD-11406,2024-01-25,CUST1786,Lisa Cervantes,lisa.cervantes49@yahoo.com,South,United States,Apparel,Running Shoes,6.0,49.3,0.1,19.44,Paypal,Pending,2021-10-26,False
ORD-10578,,CUST1191,Karen Graham,,South,Canada,Toys,Puzzle 1000PC,1.0,36.8,0.05,4.85,Credit Card,Delivered,2022-11-15,False
ORD-11280,2024-09-17,CUST1724,Mary Miller,mary.miller73@yahoo.com,North,United States,Sports & Outdoors,Hiking Backpack,5.0,48.36,0.0,22.82,Paypal,Cancelled,2023-09-18,False
ORD-10568,2024-02-09,CUST1817,Beth Cline,beth.cline37@outlook.com,West,Mexico,Beauty,Sunscreen SPF50,3.0,19.28,0.0,17.25,Debit Card,Returned,2021-09-14,False
ORD-11401,2023-05-01,CUST1166,Alyssa Long,alyssa.long79@hotmail.com,South,United States,Apparel,Running Shoes,4.0,53.57,0.0,20.31,Gift Card,Delivered,2024-06-23,True
ORD-11920,2023-02-14,CUST1766,Raymond Chapman,raymond.chapman14@gmail.com,East,Canada,Beauty,Lipstick,6.0,52.32,0.0,22.62,Paypal,Shipped,2023-10-28,True
ORD-10404,2023-06-18,CUST1586,Dwayne Klein,dwayne.klein89@hotmail.com,East,Mexico,Apparel,Wool Sweater,6.0,85.6,0.15,21.51,Credit Card,Pending,2021-03-21,False
ORD-11771,2024-07-11,CUST1185,Hannah Patterson,dr..patterson15@gmail.com,South,United States,Home & Kitchen,Throw Blanket,3.0,50.2,0.1,19.28,Paypal,Returned,2022-04-26,False
ORD-11397,2024-02-06,CUST1443,Holly Valentine,holly.valentine81@yahoo.com,West,United States,Electronics,Webcam,1.0,151.82,0.1,11.97,Credit Card,Pending,2022-01-17,False
ORD-10990,2024-03-21,CUST1301,Heather Fields,heather@gmail.com,Central,Canada,Home & Kitchen,Air Fryer,4.0,47.03,0.0,12.96,Gift Card,Returned,2024-08-05,True
ORD-10929,2023-09-22,CUST1504,Katherine Martinez,katherine.martinez14@gmail.com,Central,Canada,Apparel,Wool Sweater,2.0,72.92,0.0,11.79,Credit Card,Shipped,2022-04-13,False
ORD-12021,2024-06-21,CUST1135,Jose Schultz,jose.schultz52@outlook.com,West,United States,Home & Kitchen,Non-Stick Pan Set,6.0,159.86,0.2,7.46,Credit Card,Cancelled,2023-10-22,False
ORD-11981,2023-02-15,CUST1548,Jessica Khan,jessica.khan91@yahoo.com,East,Canada,Sports & Outdoors,Water Bottle,2.0,35.76,0.25,17.78,Debit Card,Pending,2021-08-16,False
ORD-12108,2024-07-24,CUST1567,Lauren Jackson,lauren.jackson47@gmail.com,East,Mexico,Sports & Outdoors,Water Bottle,1.0,90.01,0.0,7.12,Credit Card,Delivered,2023-05-26,False
ORD-11194,2024-11-15,CUST1422,Michael Mitchell,michael.mitchell59@gmail.com,North,United States,Sports & Outdoors,Camping Tent,2.0,80.06,0.2,21.19,Paypal,Returned,2021-05-10,False
ORD-12970,2023-11-20,CUST1730,Jerry Peters,jerry.peters29@hotmail.com,West,United States,Sports & Outdoors,Resistance Bands,3.0,116.66,0.0,15.4,Credit Card,Pending,2022-12-24,False
ORD-10089,2023-09-01,CUST1738,David Wright,mr..wright61@hotmail.com,West,Canada,Toys,Board Game,6.0,29.41,0.0,0.92,Paypal,Cancelled,2021-12-16,False
ORD-10752,2023-06-29,CUST1185,Hannah Patterson,dr..patterson15@gmail.com,South,United States,Sports & Outdoors,Resistance Bands,4.0,34.2577,0.0,15.63,Debit Card,Delivered,2022-04-26,False
ORD-12482,2023-08-23,CUST1016,Holly Wood,holly.wood69@outlook.com,Central,United States,Home & Kitchen,Air Fryer,6.0,119.2,0.2,6.83,Gift Card,Delivered,2024-04-12,True
ORD-12176,2024-02-21,CUST1438,Rhonda Martin,rhonda.martin11@gmail.com,East,United States,Toys,Action Figure,5.0,26.29,0.15,21.71,Gift Card,Delivered,2021-10-18,False
ORD-11191,2024-05-15,CUST1404,Joann Glass,joann.glass43@gmail.com,South,United States,Beauty,Sunscreen SPF50,6.0,41.51,0.2,6.82,Debit Card,Returned,2023-12-18,False
ORD-10789,2024-12-11,CUST1055,Michael Lewis,michael@gmail.com,North,Canada,Home & Kitchen,Throw Blanket,2.0,22.88,0.15,1.79,Paypal,Cancelled,2023-05-18,False
ORD-10925,2024-04-28,CUST1001,Noah Rhodes,noah.rhodes95@gmail.com,North,Canada,Sports & Outdoors,Camping Tent,4.0,81.7,0.1,12.47,Credit Card,Shipped,2024-04-24,False
ORD-12548,,CUST1257,Kathleen Moran,kathleen.moran66@yahoo.com,South,United States,Beauty,Lipstick,2.0,59.81,0.0,19.99,Credit Card,Pending,2023-06-15,False
ORD-11469,2023-02-26,CUST1845,Breanna Ayala,breanna@gmail.com,West,Canada,Home & Kitchen,Air Fryer,4.0,138.73,0.2,5.22,Gift Card,Returned,2022-03-04,False
ORD-10314,2023-02-27,CUST1774,Carly Riggs,carly.riggs31@yahoo.com,South,United States,Electronics,Bluetooth Speaker,3.0,43.52,0.25,10.41,Gift Card,Cancelled,2022-06-28,False
ORD-10029,2024-06-23,CUST1493,Mark Cox,mark.cox51@outlook.com,Central,United States,Apparel,Cotton T-Shirt,3.0,53.14,0.15,24.01,Paypal,Cancelled,2024-07-11,True
ORD-12838,2023-04-27,CUST1417,Carrie Wright,carrie.wright42@hotmail.com,West,United States,Home & Kitchen,Non-Stick Pan Set,3.0,27.98,0.0,21.56,Credit Card,Shipped,2021-01-26,False
ORD-12059,2024-11-09,CUST1625,Michael Miller,michael.miller67@outlook.com,South,United States,Home & Kitchen,Non-Stick Pan Set,5.0,117.14,0.2,0.54,Credit Card,Delivered,2023-06-08,False
ORD-12823,2024-03-02,CUST1384,Aimee Turner,aimee.turner28@hotmail.com,East,Canada,Beauty,Shampoo Set,4.0,38.04,0.05,13.69,Credit Card,Delivered,2022-04-03,False
ORD-12334,2023-10-22,CUST1676,Kristen Rowe,kristen.rowe27@gmail.com,North,Canada,Sports & Outdoors,Water Bottle,2.0,102.7,0.0,10.04,Debit Card,Cancelled,2023-01-05,False
ORD-11223,2023-11-30,CUST1454,Alfred Galvan,,West,United States,Toys,Building Blocks Set,1.0,60.38,0.05,4.78,Debit Card,Returned,2023-01-06,False
ORD-10897,2024-10-10,CUST1233,Laura Roberts,laura.roberts73@outlook.com,South,United States,Sports & Outdoors,Water Bottle,6.0,28.07,0.0,8.49,Paypal,Cancelled,2024-08-07,False
ORD-10668,2024-08-29,CUST1773,Samuel Wong,samuel.wong74@outlook.com,South,United States,Apparel,Wool Sweater,5.0,69.6,0.1,0.65,Credit Card,Shipped,2022-01-10,False
ORD-11554,2023-07-19,CUST1720,Randy Friedman,randy.friedman5@outlook.com,West,Mexico,Apparel,Wool Sweater,4.0,79.33,0.05,12.9,Credit Card,Cancelled,2024-01-19,True
ORD-11172,2023-02-03,CUST1327,Trevor Johnson,trevor.johnson84@yahoo.com,West,United States,Apparel,Cotton T-Shirt,6.0,79.67,0.2,7.16,Credit Card,Cancelled,2021-04-16,False
ORD-10919,2024-12-08,CUST1291,Stephanie Byrd,stephanie.byrd9@outlook.com,South,United States,Toys,Board Game,6.0,67.94,0.2,7.65,Paypal,Shipped,2022-09-07,False
ORD-12404,2024-05-28,CUST1090,Matthew Mcmillan,,West,Canada,Apparel,Running Shoes,4.0,74.03,0.1,2.69,Credit Card,Returned,2024-03-25,False
ORD-12575,2024-07-30,CUST1131,Dustin Jordan,dustin.jordan30@outlook.com,West,Canada,Toys,RC Car,5.0,27.64,0.0,18.91,Gift Card,Returned,2022-08-03,False
ORD-12559,2024-06-07,CUST1018,Lisa Jackson,lisa.jackson88@hotmail.com,West,United States,Beauty,Lipstick,6.0,46.78,0.0,3.53,Gift Card,Pending,2024-05-06,False
ORD-13001,2023-10-02,CUST1348,James Parks,james.parks18@hotmail.com,North,United States,Electronics,Smartwatch,6.0,228.03,0.15,23.98,Credit Card,Returned,2022-07-13,False
ORD-10764,2023-09-09,CUST1341,Cynthia Morris,cynthia.morris7@gmail.com,West,Canada,Sports & Outdoors,Yoga Mat,3.0,11.89,0.0,20.37,Paypal,Delivered,2023-04-27,False
ORD-11192,2024-09-26,CUST1433,Chad Jones,chad.jones69@gmail.com,East,United States,Home & Kitchen,Throw Blanket,2.0,137.59,0.2,11.19,Gift Card,Pending,2021-08-12,False
ORD-12750,2023-09-05,CUST1094,John Whitehead,john.whitehead51@gmail.com,West,United States,Apparel,Baseball Cap,5.0,30.3,0.0,23.3,Debit Card,Cancelled,2021-06-21,False
ORD-11800,2024-06-18,CUST1039,Brittany Farmer,brittany.farmer52@gmail.com,North,United States,Beauty,Shampoo Set,4.0,20.2,0.1,21.29,Credit Card,Returned,2021-12-04,False
ORD-12663,2024-03-24,CUST1360,Parker Cain,parker.cain26@yahoo.com,Central,United States,Apparel,Baseball Cap,5.0,44.43,0.0,6.58,Debit Card,Delivered,2021-03-12,False
ORD-11953,2023-08-10,CUST1267,Colin Terry,colin.terry31@hotmail.com,North,Canada,Sports & Outdoors,Resistance Bands,4.0,41.18,0.0,16.3,Paypal,Delivered,2022-01-19,False
ORD-11475,2024-07-16,CUST1678,Jose Crawford,jose.crawford90@outlook.com,West,United States,Home & Kitchen,Coffee Maker,5.0,57.82,0.25,13.95,Credit Card,Pending,2024-09-22,True
ORD-12699,2024-05-06,CUST1471,Richard Cooper,richard.cooper46@gmail.com,South,United States,Electronics,Wireless Earbuds,4.0,119.53,0.2,5.42,Credit Card,Cancelled,2023-12-31,False
ORD-11782,2023-02-16,CUST1266,Kimberly Gibson,kimberly.gibson74@yahoo.com,West,Canada,Electronics,Webcam,4.0,162.72,0.0,1.18,Paypal,Shipped,2021-10-22,False
ORD-12289,2022-07-30,CUST1316,Lauren Carson,lauren.carson84@hotmail.com,North,Canada,Apparel,Baseball Cap,1.0,87.84,0.05,16.3,Debit Card,Pending,2022-08-09,True
ORD-12928,2023-05-03,CUST1553,Barbara Hester,barbara.hester51@gmail.com,East,Canada,Home & Kitchen,LED Desk Lamp,4.0,77.59,0.25,11.64,Paypal,Cancelled,2022-01-08,False
ORD-12457,2023-01-28,CUST1375,Paul Lewis,paul.lewis19@yahoo.com,East,Canada,Electronics,Wireless Earbuds,3.0,128.43,0.1,12.67,Paypal,Shipped,2023-04-27,True
ORD-11322,2023-05-25,CUST1588,Dale Ryan,dale.ryan39@outlook.com,North,United States,Sports & Outdoors,Resistance Bands,6.0,54.87,0.1,13.28,Gift Card,Delivered,2022-07-29,False
ORD-12858,2024-12-01,CUST1799,Donald Medina,donald.medina31@outlook.com,South,United States,Home & Kitchen,Air Fryer,2.0,100.97,0.2,17.34,Gift Card,Delivered,2021-06-13,False
ORD-11040,2023-03-02,CUST1107,Sierra Johnson,sierra.johnson23@outlook.com,West,United States,Apparel,Denim Jacket,4.0,31.14,0.0,1.42,Debit Card,Cancelled,2024-06-15,True
ORD-10171,,CUST1164,Michael Powell,,East,United States,Toys,Puzzle 1000PC,2.0,8.88,0.0,16.85,Paypal,Pending,2021-04-25,False
ORD-10683,2024-01-30,CUST1568,Lisa Randall,lisa.randall62@yahoo.com,South,United States,Toys,Board Game,4.0,46.48,0.1,10.06,Credit Card,Returned,2021-07-18,False
ORD-11926,2023-04-21,CUST1232,Christopher Parker,christopher.parker81@hotmail.com,Central,United States,Toys,Building Blocks Set,1.0,58.9,0.0,9.57,Debit Card,Shipped,2023-08-09,True
ORD-12545,2023-01-15,CUST1422,Michael Mitchell,michael.mitchell59@gmail.com,North,United States,Electronics,Laptop Stand,6.0,220.74,0.0,8.39,Gift Card,Delivered,2021-05-10,False
ORD-11095,2023-07-17,CUST1092,Denise Jacobs,denise.jacobs63@yahoo.com,West,Canada,Beauty,Face Moisturizer,4.0,7.28,0.2,17.98,Gift Card,Pending,2022-07-13,False
ORD-12129,2024-08-11,CUST1560,Nancy Evans Md,nancy.md5@outlook.com,East,Canada,Beauty,Lipstick,6.0,10.95,0.0,21.07,Credit Card,Pending,2021-11-02,False
ORD-12684,2024-09-28,CUST1300,Tanner Mitchell Dds,tanner.dds36@yahoo.com,Central,Canada,Apparel,Cotton T-Shirt,2.0,37.06,0.15,6.44,Credit Card,Delivered,2024-04-07,False
ORD-11432,2024-10-17,CUST1739,Linda Gonzalez,linda.gonzalez75@yahoo.com,Central,United States,Sports & Outdoors,Camping Tent,2.0,46.85,0.1,24.79,Paypal,Pending,2024-06-30,False
ORD-11807,2023-07-29,CUST1324,Natalie Bautista,natalie.bautista79@outlook.com,Central,Canada,Beauty,Hair Dryer,6.0,56.84,0.0,1.87,Debit Card,Cancelled,2024-04-30,True
ORD-12028,2023-04-08,CUST1395,Dana Chapman,dana.chapman81@yahoo.com,South,Canada,Sports & Outdoors,Water Bottle,6.0,27.5,0.0,12.52,Paypal,Shipped,2021-05-20,False
ORD-11626,2023-09-20,CUST1043,Anthony Humphrey,anthony.humphrey68@yahoo.com,North,United States,Apparel,Running Shoes,1.0,65.43,0.2,3.53,Paypal,Pending,2021-04-27,False
ORD-12774,2023-07-22,CUST1566,Paula Lane,paula@gmail.com,Central,United States,Beauty,Lipstick,2.0,55.26,0.0,21.54,Credit Card,Shipped,2023-03-16,False
ORD-12959,2023-05-03,CUST1809,Heather Page,,East,Canada,Beauty,Lipstick,4.0,11.27,0.1,5.17,Paypal,Returned,2023-10-05,True
ORD-12118,2023-01-14,CUST1676,Kristen Rowe,kristen.rowe27@gmail.com,North,Canada,Apparel,Wool Sweater,3.0,61.73,0.0,2.51,Paypal,Pending,2023-01-05,False
ORD-11614,2024-12-12,CUST1555,Nicole Gonzalez,nicole@gmail.com,South,Mexico,Electronics,Smartwatch,6.0,89.0,0.25,17.1,Paypal,Cancelled,2022-12-12,False
ORD-11778,2024-01-30,CUST1418,Jeffrey Mills,jeffrey.mills93@yahoo.com,South,Mexico,Home & Kitchen,LED Desk Lamp,2.0,124.85,0.05,8.45,Paypal,Pending,2024-03-17,True
ORD-11449,2023-09-29,CUST1730,Jerry Peters,jerry.peters29@hotmail.com,West,United States,Toys,RC Car,5.0,53.13,0.0,11.97,Gift Card,Returned,2022-12-24,False
ORD-11910,2023-07-26,CUST1828,Derrick Clayton,derrick.clayton32@gmail.com,West,Mexico,Electronics,Smartwatch,5.0,140.27,0.05,7.61,Credit Card,Pending,2021-03-28,False
ORD-12389,2023-11-04,CUST1108,Evelyn Galvan,evelyn.galvan94@outlook.com,North,United States,Toys,RC Car,4.0,53.15,0.0,23.73,Credit Card,Cancelled,2022-10-23,False
ORD-11791,2024-11-29,CUST1011,Jamie Arnold,jamie.arnold83@gmail.com,South,Canada,Sports & Outdoors,Hiking Backpack,2.0,53.89,0.05,0.52,Paypal,Cancelled,2024-06-01,False
ORD-10178,2023-11-18,CUST1215,Anthony Everett,anthony.everett28@hotmail.com,East,United States,Home & Kitchen,Coffee Maker,5.0,156.04,0.0,23.16,Debit Card,Delivered,2023-05-10,False
ORD-10010,2023-05-30,CUST1736,Charles Turner,charles.turner19@gmail.com,South,Canada,Sports & Outdoors,Resistance Bands,1.0,113.37,0.15,15.31,Debit Card,Delivered,2021-07-12,False
ORD-10612,2023-01-18,CUST1577,Raymond Le,raymond.le87@yahoo.com,South,United States,Apparel,Denim Jacket,6.0,59.03,0.0,8.24,Debit Card,Shipped,2021-09-04,False
ORD-12230,2023-07-29,CUST1827,Claudia Jordan,claudia.jordan56@outlook.com,East,Canada,Electronics,Laptop Stand,3.0,178.7,0.25,5.51,Credit Card,Cancelled,2021-01-31,False
ORD-12634,2023-03-23,CUST1184,Lindsay Martinez,lindsay.martinez53@gmail.com,North,United States,Sports & Outdoors,Resistance Bands,3.0,30.29,0.15,0.82,Paypal,Delivered,2021-10-14,False
ORD-11637,2024-05-24,CUST1466,Jason Beck,jason.beck17@yahoo.com,East,United States,Apparel,Denim Jacket,2.0,18.06,0.25,5.48,Debit Card,Shipped,2022-05-27,False
ORD-12603,2023-03-16,CUST1242,Kevin Walters,kevin.walters7@outlook.com,North,Canada,Sports & Outdoors,Resistance Bands,3.0,146.95,0.05,22.16,Credit Card,Shipped,2021-05-15,False
ORD-13005,,CUST1306,Edward Burgess,edward.burgess88@hotmail.com,North,Mexico,Toys,RC Car,1.0,35.74,0.0,8.29,Paypal,Pending,2022-09-02,False
ORD-10757,2024-12-03,CUST1745,Vincent Novak,vincent.novak6@hotmail.com,West,United States,Beauty,Shampoo Set,1.0,40.18,0.15,22.73,Paypal,Pending,2022-04-15,False
ORD-11675,2023-07-29,CUST1475,Julie Dominguez,julie.dominguez1@hotmail.com,South,Mexico,Apparel,Cotton T-Shirt,2.0,19.6,0.25,13.78,Gift Card,Pending,2022-02-19,False
ORD-10078,2024-11-04,CUST1464,Jose Allen,jose.allen69@yahoo.com,East,United States,Home & Kitchen,Coffee Maker,1.0,61.69,0.0,21.64,Credit Card,Cancelled,2022-10-25,False
ORD-11499,2023-06-23,CUST1663,Samuel Turner,samuel.turner51@yahoo.com,East,Canada,Beauty,Sunscreen SPF50,1.0,27.6,0.15,1.19,Paypal,Cancelled,2023-07-26,True
ORD-10106,2024-10-29,CUST1319,Connie Brown,connie.brown50@hotmail.com,Central,Mexico,Apparel,Running Shoes,5.0,33.29,0.1,16.01,Debit Card,Returned,2024-01-02,False
ORD-11411,2024-06-23,CUST1450,Brittany Kim,brittany.kim16@yahoo.com,South,United States,Beauty,Face Moisturizer,3.0,7.56,0.1,9.06,Paypal,Pending,2022-09-18,False
ORD-11979,2023-04-04,CUST1091,Brian Rodriguez,brian.rodriguez39@hotmail.com,Central,Canada,Beauty,Shampoo Set,4.0,43.37,0.05,9.52,Paypal,Delivered,2023-05-09,True
ORD-10728,2024-03-03,CUST1464,Jose Allen,jose.allen69@yahoo.com,East,United States,Sports & Outdoors,Camping Tent,3.0,128.08,0.1,6.43,Credit Card,Pending,2022-10-25,False
ORD-11639,2023-08-09,CUST1358,Christian Leblanc,christian.leblanc98@yahoo.com,Central,United States,Electronics,Smartwatch,6.0,82.0,0.25,17.81,Paypal,Returned,2024-05-05,True
ORD-12804,2024-08-30,CUST1495,Lawrence Harrington,lawrence.harrington11@outlook.com,South,United States,Beauty,Face Moisturizer,4.0,22.93,0.25,13.41,Debit Card,Cancelled,2021-06-11,False
ORD-10391,2023-05-26,CUST1417,Carrie Wright,carrie.wright42@hotmail.com,West,United States,Beauty,Sunscreen SPF50,4.0,19.63,0.1,11.97,Gift Card,Delivered,2021-01-26,False
ORD-12566,2024-04-19,CUST1804,Kimberly Fritz,kimberly.fritz60@outlook.com,South,Mexico,Electronics,Laptop Stand,5.0,23.19,0.25,17.89,Debit Card,Delivered,2024-01-29,False
ORD-10370,2023-09-20,CUST1219,Bailey Duran Dds,bailey.dds56@gmail.com,Central,United States,Toys,RC Car,2.0,45.1,0.25,18.93,Credit Card,Cancelled,2022-08-04,False
ORD-11009,2024-09-20,CUST1461,Eric Williams,eric.williams45@gmail.com,South,United States,Apparel,Running Shoes,5.0,56.3,0.15,14.45,Debit Card,Pending,2023-06-19,False
ORD-11960,2023-02-19,CUST1339,David Thompson,david.thompson26@outlook.com,East,United States,Beauty,Sunscreen SPF50,6.0,5.37,0.2,12.07,Paypal,Pending,2024-02-26,True
ORD-10792,2024-12-11,CUST1604,Virginia Daniels,mrs.@gmail.com,East,United States,Toys,Action Figure,1.0,52.26,0.0,2.52,Credit Card,Returned,2022-07-21,False
ORD-10665,2024-04-09,CUST1119,Jeffrey Chandler,jeffrey.chandler98@outlook.com,East,United States,Home & Kitchen,Coffee Maker,3.0,64.24,0.1,18.64,Paypal,Pending,2021-07-25,False
ORD-12383,2023-12-04,CUST1604,Virginia Daniels,mrs.@gmail.com,East,United States,Electronics,Wireless Earbuds,4.0,183.59,0.0,21.11,Gift Card,Shipped,2022-07-21,False
ORD-11740,2023-06-27,CUST1306,Edward Burgess,edward.burgess88@hotmail.com,North,Mexico,Apparel,Wool Sweater,3.0,68.6308,0.0,14.16,Debit Card,Cancelled,2022-09-02,False
ORD-11840,2023-12-22,CUST1451,Courtney Hayes,courtney.hayes66@hotmail.com,South,Canada,Electronics,Bluetooth Speaker,4.0,57.17,0.0,14.77,Paypal,Returned,2023-05-07,False
ORD-11252,2023-07-30,CUST1575,Kelly Edwards,kelly.edwards69@hotmail.com,West,United States,Sports & Outdoors,Camping Tent,5.0,149.37,0.25,17.86,Debit Card,Delivered,2024-03-18,True
ORD-11033,2024-09-06,CUST1813,Michael Roberts,michael.roberts67@outlook.com,Central,United States,Sports & Outdoors,Resistance Bands,2.0,40.48,0.0,5.58,Gift Card,Cancelled,2022-08-07,False
ORD-11616,2023-03-18,CUST1493,Mark Cox,mark.cox51@outlook.com,Central,United States,Toys,Action Figure,6.0,41.6,0.0,8.43,Credit Card,Shipped,2024-07-11,True
ORD-10329,2024-08-07,CUST1140,Cheyenne Horton,cheyenne.horton53@outlook.com,North,United States,Home & Kitchen,Throw Blanket,2.0,45.61,0.0,12.75,Credit Card,Shipped,2022-10-20,False
ORD-12052,2024-06-30,CUST1580,William Evans,william.evans9@gmail.com,West,Canada,Toys,RC Car,2.0,16.0789,0.0,17.89,Gift Card,Pending,2023-03-06,False
ORD-12408,2023-08-12,CUST1713,Laurie Goodwin,laurie.goodwin89@yahoo.com,East,United States,Apparel,Denim Jacket,2.0,81.99,0.2,9.91,Gift Card,Cancelled,2024-03-04,True
ORD-11913,2024-03-15,CUST1682,Dean Donovan,dean.donovan10@yahoo.com,Central,Canada,Toys,RC Car,4.0,13.17,0.0,7.43,Paypal,Returned,2021-12-22,False
ORD-10438,2023-11-18,CUST1335,Andrea Hubbard,andrea.hubbard91@yahoo.com,West,United States,Toys,Building Blocks Set,1.0,37.8,0.0,1.55,Gift Card,Pending,2023-09-29,False
ORD-10236,2024-02-28,CUST1182,Angela Vaughn,angela.vaughn14@yahoo.com,Central,Canada,Apparel,Running Shoes,6.0,31.16,0.0,14.63,Debit Card,Shipped,2023-08-24,False
ORD-10866,2024-11-30,CUST1452,Alexander Brown,alexander.brown24@hotmail.com,South,Canada,Beauty,Face Moisturizer,4.0,14.23,0.0,0.19,Debit Card,Pending,2024-07-25,False
ORD-12791,2023-04-02,CUST1822,Jose Ramirez,jose.ramirez2@gmail.com,West,United States,Toys,Building Blocks Set,5.0,35.6,0.0,7.61,Paypal,Delivered,2022-05-25,False
ORD-12458,2023-02-13,CUST1104,Richard Henson,richard.henson39@gmail.com,East,Canada,Beauty,Hair Dryer,5.0,52.3,0.1,21.75,Paypal,Shipped,2024-03-05,True
ORD-10255,2023-01-15,CUST1493,Mark Cox,mark.cox51@outlook.com,Central,United States,Apparel,Denim Jacket,1.0,72.24,0.25,18.53,Paypal,Pending,2024-07-11,True
ORD-11696,2024-11-12,CUST1575,Kelly Edwards,kelly.edwards69@hotmail.com,West,United States,Beauty,Hair Dryer,3.0,50.07,0.2,11.97,Paypal,Delivered,2024-03-18,False
ORD-12193,2024-05-28,CUST1741,Manuel Brock,manuel.brock50@yahoo.com,South,Canada,Home & Kitchen,Air Fryer,5.0,147.99,0.15,22.79,Debit Card,Shipped,2021-08-11,False
ORD-11749,2024-06-08,CUST1585,Tina Ballard,tina.ballard5@yahoo.com,South,Canada,Apparel,Wool Sweater,6.0,28.56,0.0,2.6,Credit Card,Delivered,2022-07-19,False
ORD-11464,2023-08-26,CUST1685,Michael Scott Phd,mr..phd42@gmail.com,East,United States,Beauty,Sunscreen SPF50,2.0,26.58,0.0,0.33,Paypal,Pending,2024-07-04,True
ORD-11829,2024-11-27,CUST1542,Kenneth Edwards,kenneth.edwards23@yahoo.com,East,Mexico,Electronics,USB-C Cable,3.0,79.02,0.05,17.38,Credit Card,Shipped,2022-04-30,False
ORD-10124,2024-10-11,CUST1503,Zachary Mitchell,,East,United States,Beauty,Shampoo Set,3.0,15.86,0.1,19.53,Credit Card,Pending,2024-03-06,False
ORD-11500,2023-01-09,CUST1807,Robert Gonzales,robert.gonzales57@outlook.com,East,United States,Beauty,Shampoo Set,1.0,49.45,0.25,11.79,Paypal,Shipped,2023-01-20,True
ORD-11455,2023-10-04,CUST1711,Stephanie Elliott,stephanie.elliott46@yahoo.com,North,United States,Apparel,Wool Sweater,5.0,76.29,0.0,3.51,Gift Card,Shipped,2024-09-04,True
ORD-11523,2023-09-21,CUST1698,Renee Browning,renee@gmail.com,East,Canada,Electronics,Laptop Stand,1.0,233.47,0.0,8.07,Debit Card,Pending,2021-04-22,False
ORD-11516,2023-01-14,CUST1831,Richard Stevens,richard.stevens14@yahoo.com,East,Canada,Home & Kitchen,Air Fryer,2.0,53.75,0.0,12.47,Debit Card,Cancelled,2023-09-27,True
ORD-11315,2023-11-12,CUST1103,Christine Wright,christine.wright26@gmail.com,South,Canada,Home & Kitchen,Non-Stick Pan Set,1.0,98.36,0.0,12.225000000000001,Paypal,Pending,2024-04-27,True
ORD-10372,2024-04-10,CUST1743,Valerie Taylor,valerie.taylor79@gmail.com,North,Canada,Apparel,Wool Sweater,2.0,47.225,0.2,20.31,Paypal,Pending,2023-12-25,False
ORD-10074,2024-04-25,CUST1700,Joseph Ochoa,joseph.ochoa52@hotmail.com,West,Mexico,Toys,Board Game,3.0,28.64,0.25,20.25,Credit Card,Shipped,2022-10-10,False
ORD-10898,2023-05-10,CUST1225,Benjamin Smith,benjamin.smith74@hotmail.com,West,United States,Electronics,Webcam,5.0,57.54,0.1,19.89,Gift Card,Delivered,2024-03-20,True
ORD-12043,2023-02-14,CUST1358,Christian Leblanc,christian.leblanc98@yahoo.com,Central,United States,Apparel,Denim Jacket,3.0,37.15,0.25,24.48,Credit Card,Returned,2024-05-05,True
ORD-12227,2023-12-30,CUST1066,Tracy House,tracy.house69@outlook.com,East,United States,Beauty,Shampoo Set,1.0,6.55,0.2,24.19,Gift Card,Delivered,2021-02-26,False
ORD-11463,2024-01-28,CUST1093,Christina Walters,christina.walters86@hotmail.com,South,Canada,Beauty,Shampoo Set,1.0,38.36,0.0,19.62,Paypal,Returned,2021-12-05,False
ORD-10882,2024-09-23,CUST1086,Shirley Suarez,shirley.suarez92@outlook.com,East,United States,Electronics,USB-C Cable,4.0,20.27,0.0,11.78,Paypal,Returned,2022-04-26,False
ORD-11266,2023-06-17,CUST1123,Michelle Harmon,michelle.harmon7@outlook.com,North,United States,Toys,Building Blocks Set,4.0,57.2,0.0,21.14,Gift Card,Cancelled,2023-09-06,True
ORD-10805,2024-01-27,CUST1132,Mary Marshall,mary.marshall34@yahoo.com,Central,United States,Beauty,Hair Dryer,4.0,11.34,0.2,0.23,Paypal,Returned,2023-05-21,False
ORD-10390,2024-07-25,CUST1056,Timothy Duncan,timothy.duncan17@outlook.com,West,Canada,Sports & Outdoors,Resistance Bands,6.0,149.26,0.0,23.75,Debit Card,Shipped,2021-11-27,False
ORD-12851,,CUST1268,Cynthia Rowe,cynthia.rowe9@gmail.com,North,Mexico,Electronics,Laptop Stand,4.0,188.26,0.0,11.97,Credit Card,Shipped,2023-03-11,False
ORD-11769,2023-01-09,CUST1628,Joseph Wilson,joseph.wilson16@outlook.com,West,Mexico,Sports & Outdoors,Resistance Bands,6.0,109.96,0.0,11.97,Credit Card,Delivered,2024-08-25,True
ORD-10544,2024-01-16,CUST1102,Rebecca Valencia,,West,United States,Beauty,Hair Dryer,3.0,20.24,0.2,21.64,Gift Card,Cancelled,2022-10-01,False
ORD-10842,2023-09-26,CUST1217,Mark Brown,mark.brown97@gmail.com,West,Mexico,Sports & Outdoors,Camping Tent,1.0,47.63,0.15,15.68,Gift Card,Shipped,2021-06-17,False
ORD-10576,2024-04-06,CUST1698,Renee Browning,renee@gmail.com,East,Canada,Sports & Outdoors,Water Bottle,2.0,108.62,0.2,3.26,Debit Card,Delivered,2021-04-22,False
ORD-12991,2023-03-18,CUST1680,Suzanne Wood,suzanne.wood80@hotmail.com,East,Canada,Electronics,Wireless Earbuds,2.0,33.67,0.15,23.84,Debit Card,Delivered,2022-04-07,False
ORD-12890,2024-06-02,CUST1683,Jennifer Hernandez,jennifer.hernandez55@outlook.com,South,United States,Home & Kitchen,Coffee Maker,1.0,63.36,0.0,2.72,Gift Card,Pending,2024-02-14,False
ORD-11276,2023-11-21,CUST1187,Samantha Garcia,samantha.garcia63@hotmail.com,East,United States,Apparel,Running Shoes,3.0,16.2,0.2,23.15,Gift Card,Pending,2022-07-27,False
ORD-11875,2023-06-01,CUST1819,Megan Burns,megan.burns54@outlook.com,West,Mexico,Toys,Building Blocks Set,2.0,42.87,0.15,5.98,Gift Card,Delivered,2023-10-18,True
ORD-11964,2024-09-07,CUST1758,Heather Woodard,heather.woodard92@gmail.com,West,United States,Beauty,Face Moisturizer,2.0,41.34,0.05,5.35,Credit Card,Pending,2021-12-25,False
ORD-12255,2024-07-17,CUST1607,David Lopez,,East,United States,Electronics,Bluetooth Speaker,5.0,220.61,0.0,2.76,Credit Card,Shipped,2023-10-16,False
ORD-11547,2024-10-06,CUST1145,Joyce Solis,joyce.solis71@yahoo.com,West,Canada,Apparel,Denim Jacket,3.0,71.28,0.0,21.05,Gift Card,Cancelled,2022-08-13,False
ORD-11297,2023-01-25,CUST1157,Jason Stein,jason.stein17@outlook.com,North,Canada,Sports & Outdoors,Hiking Backpack,6.0,31.4,0.2,12.59,Paypal,Pending,2021-07-25,False
ORD-12978,2023-02-06,CUST1044,Angelica Tucker,angelica@gmail.com,South,United States,Toys,RC Car,5.0,17.38,0.05,9.14,Debit Card,Pending,2021-05-20,False
ORD-10250,2023-05-22,CUST1193,Angelica Keith,angelica.keith77@gmail.com,South,Canada,Electronics,Laptop Stand,6.0,77.49,0.1,4.03,Paypal,Cancelled,2022-07-22,False
ORD-11310,2023-12-27,CUST1160,Paul Castaneda,paul@gmail.com,Central,United States,Home & Kitchen,LED Desk Lamp,6.0,167.3,0.0,24.11,Debit Card,Delivered,2022-11-04,False
ORD-13030,2023-04-22,CUST1117,Ashley Waller,ashley.waller30@gmail.com,North,Mexico,Apparel,Wool Sweater,3.0,83.52,0.0,0.02,Credit Card,Shipped,2022-01-30,False
ORD-10429,2024-08-19,CUST1527,Michelle Jacobs,michelle.jacobs8@yahoo.com,West,United States,Electronics,Webcam,1.0,209.19,0.25,2.64,Gift Card,Cancelled,2021-09-25,False
ORD-10346,2023-07-21,CUST1650,Andrew Harper,andrew.harper87@hotmail.com,Central,Canada,Electronics,Smartwatch,5.0,22.79,0.05,4.08,Credit Card,Pending,2021-11-01,False
ORD-10328,2023-04-29,CUST1730,Jerry Peters,jerry.peters29@hotmail.com,West,United States,Sports & Outdoors,Water Bottle,1.0,135.68,0.0,1.63,Paypal,Pending,2022-12-24,False
ORD-11941,2023-01-08,CUST1516,William Day,william.day48@hotmail.com,North,Canada,Beauty,Lipstick,3.0,53.63,0.25,1.64,Paypal,Delivered,2021-06-23,False
ORD-11073,2024-05-14,CUST1194,John Bishop,john.bishop23@gmail.com,South,Canada,Toys,RC Car,3.0,36.87,0.1,22.68,Credit Card,Pending,2024-09-15,True
ORD-10313,2023-10-08,CUST1608,Rachel Bradley,rachel.bradley95@gmail.com,Central,United States,Home & Kitchen,LED Desk Lamp,6.0,35.45,0.0,8.1,Debit Card,Shipped,2024-04-09,True
ORD-12415,2022-02-16,CUST1680,Suzanne Wood,suzanne.wood80@hotmail.com,East,Canada,Toys,Board Game,5.0,27.43,0.0,8.11,Paypal,Returned,2022-04-07,True
ORD-11999,2023-04-24,CUST1713,Laurie Goodwin,laurie.goodwin89@yahoo.com,East,United States,Electronics,Bluetooth Speaker,6.0,156.27,0.0,24.63,Paypal,Returned,2024-03-04,True
ORD-12156,2023-04-06,CUST1783,Dennis Huffman,dennis.huffman79@outlook.com,West,United States,Home & Kitchen,Air Fryer,5.0,179.16,0.2,6.53,Gift Card,Delivered,2023-01-20,False
ORD-10972,2024-06-12,CUST1755,Rachel Jones,rachel.jones44@gmail.com,North,Canada,Sports & Outdoors,Camping Tent,4.0,100.68,0.1,21.43,Debit Card,Cancelled,2021-11-26,False
ORD-10675,2023-01-17,CUST1722,Willie Henry,willie.henry66@gmail.com,Central,Canada,Apparel,Running Shoes,6.0,53.57,0.1,11.91,Paypal,Pending,2023-03-24,True
ORD-11377,2024-03-05,CUST1110,Richard Rodriguez,,West,United States,Home & Kitchen,Coffee Maker,2.0,164.79,0.1,15.02,Paypal,Cancelled,2022-10-28,False
ORD-11037,,CUST1039,Brittany Farmer,brittany.farmer52@gmail.com,North,United States,Electronics,Bluetooth Speaker,1.0,87.86,0.0,7.77,Gift Card,Pending,2021-12-04,False
ORD-11569,2023-11-16,CUST1768,Jason Nixon,jason.nixon97@outlook.com,West,Canada,Toys,Action Figure,3.0,50.98,0.1,23.15,Credit Card,Shipped,2023-07-29,False
ORD-12914,2023-06-27,CUST1713,Laurie Goodwin,laurie.goodwin89@yahoo.com,East,United States,Beauty,Sunscreen SPF50,1.0,18.02,0.25,7.64,Paypal,Pending,2024-03-04,True
ORD-11978,2024-07-13,CUST1440,Jeremy Mitchell,jeremy.mitchell58@outlook.com,North,Mexico,Apparel,Denim Jacket,1.0,53.57,0.15,2.08,Paypal,Pending,2021-05-18,False
ORD-10489,2024-05-12,CUST1282,Jessica Garcia,jessica.garcia8@gmail.com,East,Canada,Electronics,Smartwatch,3.0,54.15,0.0,11.84,Paypal,Delivered,2024-07-29,True
ORD-10601,2024-09-22,CUST1595,Sherry Woods,sherry.woods77@hotmail.com,Central,Canada,Sports & Outdoors,Hiking Backpack,6.0,117.73,0.0,20.76,Paypal,Pending,2021-12-30,False
ORD-10177,2024-01-23,CUST1251,Olivia Harris,olivia.harris24@yahoo.com,West,United States,Toys,Action Figure,1.0,24.24,0.0,9.77,Gift Card,Pending,2023-06-16,False
ORD-12217,2023-06-15,CUST1657,Connie Turner,connie.turner66@yahoo.com,West,United States,Beauty,Shampoo Set,1.0,39.83,0.15,16.34,Paypal,Cancelled,2024-09-02,True
ORD-11359,2024-12-09,CUST1565,John Coffey,john.coffey71@outlook.com,East,United States,Sports & Outdoors,Hiking Backpack,4.0,88.85,0.1,1.07,Credit Card,Delivered,2024-09-14,False
ORD-12007,2023-11-30,CUST1519,Vincent Reynolds,vincent.reynolds95@outlook.com,East,United States,Electronics,Wireless Earbuds,3.0,166.28,0.1,3.1,Debit Card,Delivered,2022-10-14,False
ORD-11761,2023-04-11,CUST1021,Patty Perez,patty.perez59@gmail.com,South,Canada,Apparel,Wool Sweater,5.0,54.13,0.05,10.09,Gift Card,Returned,2022-06-24,False
ORD-10608,2024-06-29,CUST1261,Desiree Tyler,desiree.tyler61@yahoo.com,Central,Canada,Toys,RC Car,6.0,17.11,0.1,6.91,Gift Card,Cancelled,2023-08-19,False
ORD-11865,2023-11-05,CUST1427,Emily Bennett,emily.bennett73@yahoo.com,South,Mexico,Electronics,Webcam,6.0,242.16,0.0,2.9,Gift Card,Cancelled,2024-04-27,True
ORD-10964,2024-02-14,CUST1344,Kayla Rodriguez,kayla.rodriguez8@gmail.com,South,Canada,Home & Kitchen,Non-Stick Pan Set,5.0,49.42,0.25,12.225000000000001,Paypal,Pending,2024-08-28,True
ORD-10716,2023-05-09,CUST1521,Christopher Morris,christopher.morris22@hotmail.com,West,Canada,Sports & Outdoors,Resistance Bands,6.0,13.44,0.1,4.6,Gift Card,Pending,2023-08-13,True
ORD-12119,2024-03-12,CUST1453,Cynthia Vang,cynthia.vang37@yahoo.com,West,Canada,Electronics,Webcam,6.0,109.69,0.0,3.6,Credit Card,Shipped,2022-01-19,False
ORD-12268,2023-03-19,CUST1249,Kimberly Gutierrez,kimberly@gmail.com,Central,Mexico,Beauty,Face Moisturizer,4.0,57.8,0.0,0.57,Debit Card,Delivered,2021-07-27,False
ORD-10040,2023-04-02,CUST1498,Meghan Rush,meghan.rush78@gmail.com,South,Canada,Toys,RC Car,1.0,45.85,0.05,19.56,Paypal,Delivered,2022-09-26,False
ORD-10310,2020-12-26,CUST1705,James Tran,james.tran87@outlook.com,Central,United States,Home & Kitchen,Non-Stick Pan Set,2.0,93.57,0.25,5.72,Debit Card,Pending,2021-01-23,True
ORD-13042,,CUST1278,Shannon James,shannon.james94@hotmail.com,Central,United States,Toys,Action Figure,3.0,36.26,0.0,10.56,Credit Card,Returned,2021-06-11,False
ORD-11483,2023-06-29,CUST1143,Christopher Rubio,christopher.rubio99@hotmail.com,Central,United States,Electronics,Laptop Stand,1.0,172.65130000000002,0.1,18.08,Debit Card,Shipped,2023-11-20,True
ORD-10323,2024-05-28,CUST1843,Benjamin Reyes,benjamin.reyes5@hotmail.com,Central,Canada,Home & Kitchen,Coffee Maker,5.0,95.71,0.0,18.75,Credit Card,Pending,2024-09-09,True
ORD-12430,2024-08-18,CUST1457,Brenda Thornton,brenda.thornton29@outlook.com,South,Canada,Sports & Outdoors,Water Bottle,5.0,92.5,0.0,10.53,Debit Card,Delivered,2021-08-03,False
ORD-12305,2023-07-04,CUST1673,Timothy Hayden,timothy.hayden86@hotmail.com,West,Canada,Apparel,Cotton T-Shirt,3.0,59.44,0.0,23.76,Credit Card,Delivered,2023-12-30,True
ORD-13093,2024-06-12,CUST1557,Gary Wells,gary.wells9@outlook.com,North,Canada,Apparel,Baseball Cap,3.0,49.45,0.0,13.98,Debit Card,Delivered,2022-06-10,False
ORD-12410,2023-07-09,CUST1600,Casey Gillespie,casey.gillespie29@outlook.com,East,United States,Apparel,Cotton T-Shirt,2.0,86.93,0.25,5.68,Credit Card,Shipped,2024-05-30,True
ORD-11892,2024-03-30,CUST1455,Marie Moody,marie.moody50@hotmail.com,West,United States,Electronics,Wireless Earbuds,4.0,186.21,0.25,11.48,Paypal,Delivered,2023-04-18,False
ORD-11645,2023-05-13,CUST1678,Jose Crawford,jose.crawford90@outlook.com,West,United States,Electronics,USB-C Cable,1.0,214.33,0.0,12.31,Paypal,Delivered,2024-09-22,True
ORD-10491,2024-03-23,CUST1018,Lisa Jackson,lisa.jackson88@hotmail.com,West,United States,Electronics,Webcam,5.0,172.18,0.2,14.16,Gift Card,Delivered,2024-05-06,True
ORD-10835,2023-11-25,CUST1383,Andrew Foster,,Central,Mexico,Beauty,Hair Dryer,4.0,35.28,0.0,3.38,Gift Card,Pending,2021-05-30,False
ORD-11736,2024-09-04,CUST1804,Kimberly Fritz,kimberly.fritz60@outlook.com,South,Mexico,Beauty,Shampoo Set,3.0,26.87,0.05,7.38,Gift Card,Returned,2024-01-29,False
ORD-12901,2023-02-17,CUST1743,Valerie Taylor,valerie.taylor79@gmail.com,North,Canada,Beauty,Sunscreen SPF50,5.0,6.76,0.0,24.35,Debit Card,Delivered,2023-12-25,True
ORD-12680,2024-07-19,CUST1082,Michael Evans,michael.evans7@yahoo.com,South,United States,Electronics,Smartwatch,3.0,201.63,0.0,21.56,Gift Card,Cancelled,2021-09-06,False
ORD-11410,2023-12-16,CUST1267,Colin Terry,colin.terry31@hotmail.com,North,Canada,Sports & Outdoors,Hiking Backpack,2.0,92.98,0.25,6.51,Gift Card,Returned,2022-01-19,False
ORD-12655,2023-01-30,CUST1126,Michelle Evans,michelle.evans80@yahoo.com,West,United States,Apparel,Denim Jacket,1.0,34.85,0.05,3.19,Credit Card,Delivered,2023-12-07,True
ORD-12219,2023-03-05,CUST1651,Amber Yang,,West,United States,Home & Kitchen,LED Desk Lamp,2.0,140.22,0.1,20.9,Credit Card,Delivered,2021-11-18,False
ORD-10721,2023-09-25,CUST1200,Melissa Brewer,melissa.brewer42@yahoo.com,East,Canada,Apparel,Baseball Cap,4.0,29.14,0.15,23.65,Paypal,Pending,2021-05-15,False
ORD-10720,2024-10-21,CUST1153,Devon Flores,devon.flores62@outlook.com,Central,United States,Home & Kitchen,LED Desk Lamp,2.0,124.16,0.0,14.02,Gift Card,Delivered,2022-11-12,False
ORD-11959,2023-10-26,CUST1348,James Parks,james.parks18@hotmail.com,North,United States,Beauty,Shampoo Set,2.0,35.71,0.15,3.86,Credit Card,Pending,2022-07-13,False
ORD-11268,2023-10-01,CUST1221,Jeremy Dalton,,South,United States,Toys,Board Game,1.0,50.77,0.05,22.46,Debit Card,Pending,2022-09-10,False
ORD-10696,2023-11-11,CUST1725,Rebecca Marquez,rebecca.marquez30@gmail.com,South,Canada,Beauty,Hair Dryer,2.0,12.86,0.2,23.62,Paypal,Shipped,2022-06-26,False
ORD-11799,2024-03-27,CUST1210,Christopher Smith,christopher.smith65@yahoo.com,West,United States,Toys,Puzzle 1000PC,6.0,55.81,0.25,3.45,Debit Card,Shipped,2021-11-13,False
ORD-10351,2024-05-17,CUST1174,Nicole Herring,nicole.herring30@outlook.com,South,Canada,Beauty,Shampoo Set,6.0,43.5,0.0,4.07,Gift Card,Returned,2022-03-25,False
ORD-12240,2024-08-12,CUST1327,Trevor Johnson,trevor.johnson84@yahoo.com,West,United States,Toys,Board Game,4.0,65.06,0.1,6.29,Credit Card,Cancelled,2021-04-16,False
ORD-12326,2023-04-16,CUST1166,Alyssa Long,alyssa.long79@hotmail.com,South,United States,Toys,Puzzle 1000PC,3.0,24.87,0.25,16.19,Debit Card,Delivered,2024-06-23,True
ORD-12142,2024-12-13,CUST1832,Scott Alexander,scott.alexander97@outlook.com,South,Canada,Toys,Puzzle 1000PC,3.0,45.17,0.1,17.4,Debit Card,Delivered,2023-06-18,False
ORD-11439,2023-02-25,CUST1000,Allison Hill,allison.hill4@outlook.com,South,Mexico,Electronics,USB-C Cable,4.0,238.14,0.1,14.69,Paypal,Shipped,2022-05-17,False
ORD-12452,2024-07-03,CUST1846,Brandi Haney,brandi.haney82@gmail.com,West,United States,Toys,Puzzle 1000PC,5.0,15.7,0.0,23.27,Credit Card,Pending,2023-01-10,False
ORD-12674,2023-12-03,CUST1244,Shannon Rivera,shannon@gmail.com,East,United States,Sports & Outdoors,Water Bottle,1.0,127.48,0.05,12.69,Gift Card,Delivered,2024-09-21,True
ORD-10463,2023-07-01,CUST1274,Joyce Bowen,joyce.bowen41@outlook.com,Central,United States,Sports & Outdoors,Hiking Backpack,3.0,130.39,0.0,4.58,Paypal,Pending,2023-11-22,True
ORD-10994,2023-09-19,CUST1490,Heather Williams,heather.williams2@outlook.com,West,Canada,Apparel,Cotton T-Shirt,1.0,18.59,0.0,10.78,Paypal,Delivered,2022-10-11,False
ORD-10038,2024-06-19,CUST1121,Kenneth Scott,kenneth.scott71@outlook.com,West,Canada,Toys,Building Blocks Set,2.0,10.84,0.15,2.43,Debit Card,Delivered,2021-09-16,False
ORD-12736,2023-07-23,CUST1840,Casey Perez,casey.perez99@yahoo.com,East,United States,Sports & Outdoors,Water Bottle,1.0,59.15,0.15,5.66,Gift Card,Returned,2024-09-06,True
ORD-12509,2023-07-03,CUST1361,Laurie Hoffman,laurie.hoffman27@hotmail.com,West,Canada,Home & Kitchen,Throw Blanket,3.0,69.17,0.2,11.47,Debit Card,Returned,2021-07-06,False
ORD-12377,2023-02-28,CUST1540,James Gilbert,james.gilbert21@gmail.com,South,United States,Electronics,Wireless Earbuds,3.0,146.59,0.2,15.49,Debit Card,Returned,2022-05-23,False
ORD-10410,2024-09-26,CUST1537,Bianca Wood,bianca.wood46@hotmail.com,East,Canada,Sports & Outdoors,Resistance Bands,6.0,114.57,0.0,23.97,Debit Card,Shipped,2024-01-21,False
ORD-12127,2024-09-03,CUST1446,Brenda Wright,brenda.wright69@yahoo.com,South,United States,Beauty,Shampoo Set,5.0,59.82,0.15,1.77,Credit Card,Cancelled,2023-01-20,False
ORD-11862,2024-12-05,CUST1696,Joseph Hill,joseph.hill14@yahoo.com,West,Mexico,Apparel,Wool Sweater,1.0,69.23,0.1,23.51,Paypal,Returned,2024-01-07,False
ORD-12849,2023-10-04,CUST1005,Connie Lawrence,connie.lawrence98@outlook.com,West,Canada,Sports & Outdoors,Yoga Mat,2.0,116.65,0.0,22.59,Paypal,Pending,2021-07-29,False
ORD-12032,2024-01-16,CUST1247,Frank Cordova,frank.cordova55@outlook.com,East,United States,Apparel,Cotton T-Shirt,3.0,73.05,0.0,12.69,Credit Card,Pending,2021-07-02,False
ORD-11381,2023-11-28,CUST1304,Maria Parker,maria.parker74@hotmail.com,North,United States,Home & Kitchen,Non-Stick Pan Set,6.0,61.01,0.0,15.04,Paypal,Cancelled,2024-06-19,True
ORD-11175,2023-02-05,CUST1408,Anthony Romero,anthony.romero50@outlook.com,South,Mexico,Electronics,Wireless Earbuds,2.0,130.99,0.25,1.67,Debit Card,Cancelled,2023-02-26,True
ORD-11879,2023-06-19,CUST1268,Cynthia Rowe,cynthia.rowe9@gmail.com,North,Mexico,Beauty,Hair Dryer,2.0,22.92,0.1,12.2,Paypal,Shipped,2023-03-11,False
ORD-12133,2023-09-05,CUST1253,Barbara Dudley,barbara.dudley40@hotmail.com,Central,United States,Beauty,Hair Dryer,6.0,30.325,0.05,17.79,Debit Card,Pending,2022-02-02,False
ORD-12570,2024-11-20,CUST1152,Denise Jones,denise.jones37@outlook.com,West,United States,Beauty,Lipstick,4.0,32.45,0.0,0.53,Paypal,Cancelled,2024-04-17,False
ORD-10981,2023-10-09,CUST1783,Dennis Huffman,dennis.huffman79@outlook.com,West,United States,Beauty,Shampoo Set,3.0,34.03,0.0,23.42,Credit Card,Pending,2023-01-20,False
ORD-10467,2024-02-07,CUST1383,Andrew Foster,,Central,Mexico,Home & Kitchen,Air Fryer,4.0,151.69,0.0,4.59,Credit Card,Shipped,2021-05-30,False
ORD-12727,2024-02-22,CUST1015,Brian Ramirez,brian.ramirez83@hotmail.com,South,United States,Apparel,Denim Jacket,5.0,20.3,0.0,3.34,Debit Card,Pending,2021-10-20,False
ORD-10658,2023-08-05,CUST1280,Amanda Jones,amanda.jones92@hotmail.com,West,United States,Home & Kitchen,Non-Stick Pan Set,2.0,158.31,0.0,18.76,Gift Card,Returned,2021-12-08,False
ORD-11127,2023-11-12,CUST1208,William Warren,dr..warren86@gmail.com,West,Mexico,Apparel,Denim Jacket,1.0,28.34,0.25,11.97,Gift Card,Shipped,2023-04-22,False
ORD-10121,2024-01-01,CUST1438,Rhonda Martin,rhonda.martin11@gmail.com,East,United States,Electronics,Bluetooth Speaker,3.0,125.52,0.05,19.78,Debit Card,Delivered,2021-10-18,False
ORD-10592,2024-03-22,CUST1428,Robin Santiago,robin.santiago4@hotmail.com,East,Mexico,Electronics,Laptop Stand,2.0,94.88,0.0,4.96,Gift Card,Delivered,2022-03-06,False
ORD-11532,2024-09-23,CUST1457,Brenda Thornton,brenda.thornton29@outlook.com,South,Canada,Home & Kitchen,Air Fryer,3.0,159.08,0.0,12.37,Credit Card,Delivered,2021-08-03,False
ORD-10560,2023-05-10,CUST1325,Patrick Moore,patrick.moore91@outlook.com,East,United States,Electronics,USB-C Cable,2.0,214.88,0.0,21.98,Gift Card,Pending,2023-08-31,True
ORD-12248,2024-07-26,CUST1511,Curtis Taylor,curtis.taylor32@hotmail.com,West,United States,Electronics,Laptop Stand,1.0,221.9,0.1,4.8,Credit Card,Returned,2023-01-25,False
ORD-12608,2024-08-17,CUST1780,Christine Goodwin,christine.goodwin51@yahoo.com,Central,United States,Toys,Board Game,1.0,25.34,0.0,10.2,Debit Card,Cancelled,2023-07-26,False
ORD-12718,,CUST1026,Justin Baker,justin.baker69@yahoo.com,West,Canada,Sports & Outdoors,Camping Tent,4.0,28.36,0.25,9.35,Debit Card,Shipped,2021-09-20,False
ORD-11685,2023-05-19,CUST1318,Stephen Hoffman,,East,Canada,Apparel,Baseball Cap,3.0,80.83,0.0,11.0,Paypal,Pending,2024-02-25,True
ORD-11020,2024-06-17,CUST1446,Brenda Wright,brenda.wright69@yahoo.com,South,United States,Toys,Board Game,1.0,49.42,0.0,15.98,Credit Card,Cancelled,2023-01-20,False
ORD-11826,2024-02-22,CUST1823,Jackie Clements,jackie.clements5@yahoo.com,North,Canada,Electronics,Wireless Earbuds,6.0,141.04,0.1,1.38,Paypal,Returned,2023-08-02,False
ORD-12267,2023-04-24,CUST1009,Ryan Munoz,ryan.munoz30@gmail.com,West,Mexico,Apparel,Running Shoes,5.0,15.49,0.1,16.51,Gift Card,Returned,2023-02-18,False
ORD-10646,2023-06-25,CUST1593,Randy Smith,randy.smith59@gmail.com,South,United States,Electronics,Smartwatch,4.0,209.5,0.0,1.77,Gift Card,Pending,2023-01-09,False
ORD-12331,2023-07-26,CUST1134,Rebecca Jackson,rebecca.jackson73@outlook.com,West,Mexico,Apparel,Denim Jacket,1.0,25.93,0.1,24.55,Gift Card,Shipped,2023-06-19,False
ORD-10555,2023-12-03,CUST1266,Kimberly Gibson,kimberly.gibson74@yahoo.com,West,Canada,Sports & Outdoors,Yoga Mat,4.0,93.61,0.0,1.46,Debit Card,Delivered,2021-10-22,False
ORD-11131,2024-04-23,CUST1075,Sarah Moore,sarah.moore42@hotmail.com,South,Canada,Apparel,Cotton T-Shirt,6.0,38.16,0.05,16.39,Paypal,Cancelled,2023-06-24,False
ORD-12101,2023-12-03,CUST1773,Samuel Wong,samuel.wong74@outlook.com,South,United States,Electronics,USB-C Cable,2.0,231.93,0.0,11.5,Paypal,Cancelled,2022-01-10,False
ORD-11651,2023-04-04,CUST1117,Ashley Waller,ashley.waller30@gmail.com,North,Mexico,Sports & Outdoors,Resistance Bands,2.0,116.57,0.0,18.81,Debit Card,Cancelled,2022-01-30,False
ORD-11479,2023-12-05,CUST1452,Alexander Brown,alexander.brown24@hotmail.com,South,Canada,Electronics,Smartwatch,1.0,139.12,0.2,10.87,Gift Card,Pending,2024-07-25,True
ORD-10532,2024-12-01,CUST1591,Kiara Little,kiara.little8@yahoo.com,Central,United States,Beauty,Hair Dryer,5.0,45.49,0.25,14.57,Gift Card,Shipped,2021-05-15,False
ORD-10053,2024-10-16,CUST1774,Carly Riggs,carly.riggs31@yahoo.com,South,United States,Apparel,Wool Sweater,2.0,49.25,0.0,23.9,Gift Card,Returned,2022-06-28,False
ORD-12379,2024-04-25,CUST1799,Donald Medina,donald.medina31@outlook.com,South,United States,Electronics,Smartwatch,1.0,62.92,0.0,17.96,Paypal,Shipped,2021-06-13,False
ORD-12880,2024-06-05,CUST1659,Lori Simmons,lori.simmons92@outlook.com,North,Mexico,Beauty,Lipstick,6.0,34.43,0.2,9.4,Gift Card,Delivered,2023-07-16,False
ORD-12855,2023-03-14,CUST1156,Joshua Perry,joshua.perry49@hotmail.com,South,United States,Home & Kitchen,Air Fryer,3.0,82.58,0.05,20.34,Gift Card,Pending,2024-09-21,True
ORD-11240,2024-10-27,CUST1196,Daniel Salinas,daniel.salinas54@gmail.com,West,United States,Sports & Outdoors,Resistance Bands,1.0,24.49,0.05,0.74,Debit Card,Pending,2021-05-11,False
ORD-12204,2024-05-28,CUST1343,Nichole Alvarez,nichole.alvarez61@hotmail.com,East,United States,Home & Kitchen,Coffee Maker,5.0,107.29,0.0,0.83,Paypal,Returned,2024-08-25,True
ORD-10885,2024-09-22,CUST1154,Brenda Hall,brenda.hall42@yahoo.com,West,United States,Home & Kitchen,Throw Blanket,3.0,133.6018,0.1,23.44,Debit Card,Pending,2022-05-05,False
ORD-11019,2023-10-19,CUST1276,Wayne Morgan,wayne.morgan16@outlook.com,West,United States,Toys,Action Figure,2.0,8.35,0.0,22.25,Debit Card,Shipped,2023-06-14,False
ORD-11061,2024-09-08,CUST1548,Jessica Khan,jessica.khan91@yahoo.com,East,Canada,Toys,Building Blocks Set,4.0,56.81,0.0,14.78,Gift Card,Returned,2021-08-16,False
ORD-11514,2024-02-20,CUST1182,Angela Vaughn,angela.vaughn14@yahoo.com,Central,Canada,Apparel,Running Shoes,4.0,30.58,0.1,6.46,Paypal,Pending,2023-08-24,False
ORD-11744,2024-10-19,CUST1004,Cristian Santos,cristian.santos1@yahoo.com,East,United States,Apparel,Denim Jacket,6.0,21.12,0.05,6.28,Paypal,Cancelled,2023-05-16,False
ORD-12361,2024-07-11,CUST1305,Kevin Oconnor,kevin.oconnor70@outlook.com,West,United States,Home & Kitchen,Air Fryer,5.0,49.65,0.0,1.72,Credit Card,Shipped,2024-07-08,False
ORD-13106,2024-01-23,CUST1371,Debra White,debra.white54@gmail.com,North,Canada,Toys,Board Game,4.0,43.98,0.1,10.38,Debit Card,Delivered,2022-05-08,False
ORD-10744,2024-02-25,CUST1105,Marc Moore,marc.moore48@gmail.com,East,Canada,Electronics,Bluetooth Speaker,2.0,140.88,0.0,20.58,Gift Card,Pending,2023-11-03,False
ORD-10027,2023-10-16,CUST1573,Nancy Brown,nancy.brown86@gmail.com,East,Canada,Toys,Board Game,3.0,42.44,0.0,16.75,Debit Card,Delivered,2021-06-25,False
ORD-12947,2024-02-07,CUST1676,Kristen Rowe,kristen.rowe27@gmail.com,North,Canada,Electronics,Bluetooth Speaker,6.0,178.83,0.05,1.84,Credit Card,Cancelled,2023-01-05,False
ORD-10220,2023-08-08,CUST1090,Matthew Mcmillan,,West,Canada,Toys,Building Blocks Set,2.0,38.02,0.15,12.26,Gift Card,Returned,2024-03-25,True
ORD-11793,2023-09-03,CUST1150,David Wright,david.wright19@hotmail.com,Central,Mexico,Toys,Building Blocks Set,1.0,17.57,0.25,15.93,Gift Card,Returned,2022-01-26,False
ORD-12209,,CUST1300,Tanner Mitchell Dds,tanner.dds36@yahoo.com,Central,Canada,Sports & Outdoors,Camping Tent,3.0,26.16,0.0,10.98,Credit Card,Delivered,2024-04-07,False
ORD-11283,2023-07-01,CUST1685,Michael Scott Phd,mr..phd42@gmail.com,East,United States,Electronics,Bluetooth Speaker,4.0,78.6,0.05,0.27,Gift Card,Delivered,2024-07-04,True
ORD-10908,2024-07-29,CUST1222,Elizabeth Oliver Dds,elizabeth.dds16@gmail.com,West,United States,Apparel,Wool Sweater,1.0,60.08,0.0,5.44,Credit Card,Delivered,2023-10-16,False
ORD-11166,2023-03-05,CUST1376,Glen Wood,glen.wood76@yahoo.com,West,Canada,Apparel,Baseball Cap,3.0,55.24,0.05,7.64,Credit Card,Returned,2024-07-06,True
ORD-11160,2023-07-06,CUST1529,Angel May,,West,United States,Electronics,Bluetooth Speaker,4.0,153.6,0.2,7.24,Credit Card,Delivered,2021-05-13,False
ORD-11997,2024-11-17,CUST1000,Allison Hill,allison.hill4@outlook.com,South,Mexico,Sports & Outdoors,Water Bottle,3.0,80.88,0.25,1.58,Paypal,Shipped,2022-05-17,False
ORD-10368,2023-09-08,CUST1247,Frank Cordova,frank.cordova55@outlook.com,East,United States,Toys,Action Figure,2.0,43.21,0.2,20.11,Debit Card,Pending,2021-07-02,False
ORD-12836,2023-02-18,CUST1146,Victoria Larson,,South,Mexico,Toys,Building Blocks Set,5.0,24.36,0.2,12.9,Credit Card,Cancelled,2024-07-14,True
ORD-10630,2024-02-09,CUST1136,Robert Potter,robert@gmail.com,East,Canada,Home & Kitchen,Throw Blanket,1.0,168.95,0.05,6.28,Credit Card,Pending,2021-03-23,False
ORD-10751,2024-05-21,CUST1821,Mark Beard,mark@gmail.com,South,United States,Apparel,Cotton T-Shirt,5.0,76.47,0.0,16.68,Credit Card,Cancelled,2023-08-21,False
ORD-10680,2023-04-24,CUST1417,Carrie Wright,carrie.wright42@hotmail.com,West,United States,Apparel,Denim Jacket,5.0,24.48,0.25,0.8,Paypal,Delivered,2021-01-26,False
ORD-12910,2023-02-14,CUST1497,James Bradley,james.bradley31@gmail.com,West,Canada,Home & Kitchen,Non-Stick Pan Set,2.0,43.27,0.0,6.49,Credit Card,Pending,2022-05-16,False
ORD-11822,2024-04-30,CUST1839,Michele Smith,michele@gmail.com,South,Canada,Home & Kitchen,Air Fryer,4.0,107.26,0.1,3.3,Debit Card,Delivered,2024-01-09,False
ORD-13011,2024-09-16,CUST1529,Angel May,,West,United States,Beauty,Sunscreen SPF50,3.0,22.19,0.1,8.22,Paypal,Shipped,2021-05-13,False
ORD-12746,2024-05-24,CUST1613,David Molina,david.molina96@outlook.com,East,United States,Toys,Action Figure,1.0,25.93,0.2,1.63,Gift Card,Cancelled,2023-12-05,False
ORD-10667,2024-01-14,CUST1307,Carlos Ryan,,West,United States,Apparel,Wool Sweater,5.0,85.92,0.2,15.84,Paypal,Cancelled,2023-06-20,False
ORD-10786,2023-11-25,CUST1087,Christopher Bass,christopher.bass11@yahoo.com,West,Mexico,Beauty,Face Moisturizer,3.0,9.91,0.2,12.8,Paypal,Delivered,2021-11-05,False
ORD-12056,2023-01-18,CUST1195,Allen Rosales,allen.rosales31@outlook.com,East,Canada,Home & Kitchen,LED Desk Lamp,1.0,155.41,0.25,3.2,Paypal,Shipped,2021-02-02,False
ORD-11457,2024-06-22,CUST1811,Daniel Brown,daniel.brown72@hotmail.com,South,Mexico,Toys,Action Figure,1.0,44.61,0.15,23.2,Paypal,Shipped,2023-03-20,False
ORD-11776,2023-09-11,CUST1517,Michael Cooper,michael.cooper51@gmail.com,North,United States,Electronics,Laptop Stand,3.0,158.58,0.0,2.23,Debit Card,Delivered,2024-04-27,True
ORD-10644,2024-08-07,CUST1526,Todd Moore,todd.moore72@yahoo.com,North,United States,Apparel,Cotton T-Shirt,4.0,38.85,0.05,11.09,Credit Card,Pending,2021-07-13,False
ORD-10297,2024-02-25,CUST1824,Aaron Schroeder,aaron.schroeder27@hotmail.com,East,United States,Apparel,Denim Jacket,3.0,43.69,0.0,6.15,Debit Card,Cancelled,2023-03-08,False
ORD-10693,2024-10-13,CUST1073,Lauren Daniels,lauren.daniels54@hotmail.com,Central,United States,Sports & Outdoors,Resistance Bands,4.0,53.62,0.1,13.45,Debit Card,Delivered,2021-12-23,False
ORD-10266,2023-07-26,CUST1322,Johnathan Davis,johnathan.davis6@gmail.com,East,United States,Apparel,Cotton T-Shirt,6.0,81.91,0.0,4.97,Gift Card,Delivered,2021-10-08,False
ORD-12990,2023-11-08,CUST1653,Amy Gordon,,West,United States,Electronics,Bluetooth Speaker,5.0,210.94,0.1,22.87,Credit Card,Pending,2022-04-02,False
ORD-10118,2023-11-30,CUST1377,Paula Bradley,paula.bradley45@hotmail.com,West,United States,Sports & Outdoors,Yoga Mat,2.0,58.11,0.15,11.61,Gift Card,Delivered,2023-11-12,False
ORD-12117,2023-05-04,CUST1390,Thomas Atkins,thomas.atkins75@hotmail.com,South,United States,Beauty,Hair Dryer,3.0,56.19,0.1,21.68,Credit Card,Cancelled,2022-08-28,False
ORD-10718,2023-07-12,CUST1507,Emma Reed,emma.reed54@outlook.com,Central,United States,Home & Kitchen,Air Fryer,4.0,63.0,0.0,20.57,Paypal,Returned,2022-07-10,False
ORD-10002,2023-09-18,CUST1558,Larry Robertson,larry.robertson94@hotmail.com,West,United States,Electronics,Smartwatch,1.0,157.03,0.15,12.78,Debit Card,Delivered,2021-12-07,False
ORD-11922,2024-01-28,CUST1418,Jeffrey Mills,jeffrey.mills93@yahoo.com,South,Mexico,Sports & Outdoors,Yoga Mat,1.0,140.56,0.0,5.69,Gift Card,Shipped,2024-03-17,True
ORD-10276,2024-10-05,CUST1120,Larry Dixon,larry.dixon39@gmail.com,East,Canada,Electronics,Webcam,1.0,160.31,0.05,10.65,Debit Card,Pending,2023-12-30,False
ORD-10534,2023-09-30,CUST1268,Cynthia Rowe,cynthia.rowe9@gmail.com,North,Mexico,Beauty,Hair Dryer,5.0,34.05,0.0,24.65,Gift Card,Delivered,2023-03-11,False
ORD-12749,2024-05-13,CUST1320,Susan Turner,susan.turner17@gmail.com,East,Canada,Home & Kitchen,Coffee Maker,6.0,132.61,0.1,1.24,Credit Card,Returned,2023-03-18,False
ORD-10920,2023-08-22,CUST1835,Timothy Hill,timothy.hill94@hotmail.com,Central,United States,Toys,Building Blocks Set,6.0,50.35,0.05,5.99,Paypal,Shipped,2022-07-18,False
ORD-12011,2024-02-28,CUST1383,Andrew Foster,,Central,Mexico,Toys,Puzzle 1000PC,3.0,22.68,0.25,17.64,Debit Card,Shipped,2021-05-30,False
ORD-12716,2023-06-14,CUST1805,Ronald Potter,ronald.potter76@hotmail.com,Central,United States,Toys,RC Car,5.0,30.58,0.0,16.65,Credit Card,Delivered,2024-07-16,True
ORD-11907,2023-09-24,CUST1366,Courtney Rodriguez,courtney.rodriguez99@hotmail.com,West,United States,Electronics,Bluetooth Speaker,3.0,131.83,0.0,12.86,Paypal,Cancelled,2023-02-06,False
ORD-12309,2024-03-13,CUST1585,Tina Ballard,tina.ballard5@yahoo.com,South,Canada,Beauty,Lipstick,3.0,56.63,0.25,3.46,Credit Card,Delivered,2022-07-19,False
ORD-10877,2023-08-25,CUST1198,Adam Vaughan,adam.vaughan85@outlook.com,North,Canada,Toys,Action Figure,2.0,21.91,0.05,3.15,Debit Card,Cancelled,2023-07-28,False
ORD-12600,2024-09-10,CUST1021,Patty Perez,patty.perez59@gmail.com,South,Canada,Beauty,Face Moisturizer,3.0,8.8,0.1,10.33,Debit Card,Shipped,2022-06-24,False
ORD-10400,2024-08-31,CUST1335,Andrea Hubbard,andrea.hubbard91@yahoo.com,West,United States,Apparel,Baseball Cap,2.0,33.1,0.1,13.56,Paypal,Cancelled,2023-09-29,False
ORD-11881,2023-12-28,CUST1271,Veronica Simpson,,South,Mexico,Toys,Puzzle 1000PC,3.0,46.38,0.05,2.66,Credit Card,Cancelled,2024-01-24,True
ORD-13050,2023-05-14,CUST1648,Jennifer Miranda,jennifer.miranda87@yahoo.com,Central,Mexico,Sports & Outdoors,Yoga Mat,1.0,59.49,0.05,9.91,Gift Card,Returned,2022-11-24,False
ORD-12956,2023-12-12,CUST1788,Cesar Wilson,cesar.wilson63@outlook.com,Central,Canada,Electronics,USB-C Cable,6.0,237.18,0.2,3.98,Credit Card,Delivered,2022-05-29,False
ORD-12700,2024-09-02,CUST1762,Jennifer Goodwin,jennifer@gmail.com,East,Mexico,Electronics,Bluetooth Speaker,4.0,146.73,0.1,15.55,Gift Card,Returned,2022-07-20,False
ORD-12827,2023-07-12,CUST1132,Mary Marshall,mary.marshall34@yahoo.com,Central,United States,Apparel,Running Shoes,3.0,69.57,0.2,3.11,Paypal,Delivered,2023-05-21,False
ORD-12090,2023-12-01,CUST1789,Clayton Steele,clayton.steele89@yahoo.com,East,United States,Apparel,Wool Sweater,4.0,83.91,0.1,13.79,Gift Card,Pending,2021-05-03,False
ORD-12752,2024-02-29,CUST1562,Robert Richardson,robert@gmail.com,Central,Canada,Toys,Building Blocks Set,6.0,46.33,0.0,8.7,Credit Card,Returned,2021-10-07,False
ORD-12617,2024-01-18,CUST1733,Edgar Hughes,edgar.hughes16@yahoo.com,North,United States,Sports & Outdoors,Water Bottle,1.0,106.79,0.25,3.66,Paypal,Delivered,2023-04-30,False
ORD-11221,2024-06-01,CUST1568,Lisa Randall,lisa.randall62@yahoo.com,South,United States,Toys,Building Blocks Set,1.0,18.69,0.15,22.42,Paypal,Returned,2021-07-18,False
ORD-12632,2023-01-04,CUST1304,Maria Parker,maria.parker74@hotmail.com,North,United States,Sports & Outdoors,Water Bottle,6.0,76.38,0.1,10.67,Debit Card,Returned,2024-06-19,True
ORD-12477,2023-04-18,CUST1535,Lawrence Edwards,mr.@gmail.com,South,United States,Beauty,Hair Dryer,5.0,42.51,0.1,3.04,Paypal,Delivered,2022-07-27,False
ORD-11348,2023-05-09,CUST1346,Sharon Boyd,sharon.boyd24@outlook.com,East,Canada,Beauty,Lipstick,3.0,23.59,0.0,9.6,Paypal,Returned,2021-03-18,False
ORD-11429,2024-08-01,CUST1452,Alexander Brown,alexander.brown24@hotmail.com,South,Canada,Apparel,Wool Sweater,3.0,46.08,0.15,17.92,Debit Card,Returned,2024-07-25,False
ORD-11353,2023-05-23,CUST1260,Katie Suarez,katie.suarez84@outlook.com,North,United States,Electronics,Wireless Earbuds,3.0,150.06,0.0,0.15,Paypal,Pending,2021-10-27,False
ORD-10169,2023-04-21,CUST1837,Carol Sanders,carol.sanders59@gmail.com,West,Mexico,Electronics,Smartwatch,4.0,249.18,0.0,24.7,Gift Card,Returned,2024-07-30,True
ORD-11765,2023-07-17,CUST1756,Karen Morales Dds,karen.dds61@hotmail.com,East,United States,Apparel,Running Shoes,5.0,18.86,0.0,16.24,Debit Card,Delivered,2021-06-30,False
ORD-10232,2024-07-27,CUST1354,Patricia Le,patricia.le47@yahoo.com,North,United States,Apparel,Running Shoes,5.0,10.45,0.2,24.89,Paypal,Delivered,2021-05-08,False
ORD-11602,2024-03-06,CUST1151,Pamela Boyd,pamela.boyd9@outlook.com,Central,United States,Apparel,Running Shoes,3.0,79.25,0.15,5.26,Gift Card,Delivered,2023-04-30,False
ORD-10775,2023-02-17,CUST1720,Randy Friedman,randy.friedman5@outlook.com,West,Mexico,Beauty,Hair Dryer,3.0,56.66,0.05,24.9,Credit Card,Shipped,2024-01-19,True
ORD-12896,,CUST1584,Jamie Baird,jamie.baird45@hotmail.com,West,Canada,Apparel,Cotton T-Shirt,4.0,10.73,0.05,9.15,Debit Card,Returned,2022-06-25,False
ORD-12825,2023-08-20,CUST1354,Patricia Le,patricia.le47@yahoo.com,North,United States,Apparel,Cotton T-Shirt,5.0,88.24,0.25,14.79,Credit Card,Pending,2021-05-08,False
ORD-12830,2023-09-05,CUST1804,Kimberly Fritz,kimberly.fritz60@outlook.com,South,Mexico,Toys,Action Figure,2.0,12.45,0.2,16.05,Debit Card,Delivered,2024-01-29,True
ORD-11048,2024-05-26,CUST1702,Karl Branch,karl.branch14@outlook.com,North,United States,Home & Kitchen,LED Desk Lamp,4.0,132.36,0.2,7.2,Debit Card,Delivered,2022-09-10,False
ORD-12931,2024-01-07,CUST1586,Dwayne Klein,dwayne.klein89@hotmail.com,East,Mexico,Toys,Action Figure,3.0,46.695,0.0,20.95,Gift Card,Cancelled,2021-03-21,False
ORD-11527,2023-06-28,CUST1383,Andrew Foster,,Central,Mexico,Electronics,Laptop Stand,4.0,197.01,0.0,24.44,Gift Card,Shipped,2021-05-30,False
ORD-11335,2023-07-29,CUST1377,Paula Bradley,paula.bradley45@hotmail.com,West,United States,Beauty,Shampoo Set,2.0,42.48,0.0,14.22,Gift Card,Pending,2023-11-12,True
ORD-11818,2024-01-28,CUST1086,Shirley Suarez,shirley.suarez92@outlook.com,East,United States,Beauty,Lipstick,1.0,35.7,0.15,23.16,Credit Card,Pending,2022-04-26,False
ORD-11601,2023-09-06,CUST1227,Michael Warner,michael.warner12@hotmail.com,West,Canada,Toys,Board Game,3.0,19.58,0.2,1.12,Gift Card,Returned,2021-08-05,False
ORD-10334,2024-10-10,CUST1298,Keith Jennings,keith.jennings22@yahoo.com,South,United States,Home & Kitchen,Throw Blanket,4.0,108.75,0.05,20.3,Paypal,Pending,2022-10-23,False
ORD-10142,2024-07-01,CUST1416,Gwendolyn Klein,gwendolyn.klein14@gmail.com,Central,Canada,Home & Kitchen,Air Fryer,3.0,77.47,0.05,17.51,Paypal,Shipped,2021-03-07,False
ORD-12174,2024-03-04,CUST1545,Cindy Gomez,,Central,United States,Apparel,Running Shoes,1.0,19.21,0.1,2.62,Gift Card,Delivered,2021-04-26,False
ORD-11200,2024-07-25,CUST1682,Dean Donovan,dean.donovan10@yahoo.com,Central,Canada,Home & Kitchen,LED Desk Lamp,2.0,19.26,0.1,5.57,Debit Card,Cancelled,2021-12-22,False
ORD-10265,2023-08-19,CUST1638,Maria Fisher,maria.fisher13@outlook.com,West,United States,Beauty,Hair Dryer,2.0,24.51,0.0,2.52,Credit Card,Shipped,2024-08-12,True
ORD-10415,2023-06-28,CUST1596,Victor Morris,victor.morris21@outlook.com,North,United States,Toys,Action Figure,5.0,16.57,0.0,18.82,Credit Card,Returned,2021-05-07,False
ORD-10388,,CUST1741,Manuel Brock,manuel.brock50@yahoo.com,South,Canada,Beauty,Lipstick,5.0,59.55,0.2,14.32,Gift Card,Returned,2021-08-11,False
ORD-10617,2023-03-17,CUST1197,Spencer Haynes,spencer.haynes14@hotmail.com,Central,Canada,Home & Kitchen,Air Fryer,6.0,57.99,0.0,20.53,Credit Card,Returned,2023-10-29,True
ORD-11267,2024-05-07,CUST1284,Stephanie Williams,stephanie.williams5@yahoo.com,East,United States,Sports & Outdoors,Camping Tent,3.0,107.61,0.25,21.95,Paypal,Returned,2021-05-18,False
ORD-11446,2023-03-02,CUST1302,Megan Le,megan.le85@outlook.com,North,Canada,Sports & Outdoors,Water Bottle,4.0,121.28,0.05,22.33,Paypal,Delivered,2024-02-29,True
ORD-12518,2024-02-24,CUST1552,Diana Hays,diana.hays94@outlook.com,North,Mexico,Sports & Outdoors,Camping Tent,5.0,93.5,0.05,24.72,Credit Card,Pending,2021-09-18,False
ORD-11212,2024-03-23,CUST1346,Sharon Boyd,sharon.boyd24@outlook.com,East,Canada,Electronics,Webcam,1.0,180.59,0.15,6.06,Gift Card,Cancelled,2021-03-18,False
ORD-10918,2023-07-13,CUST1369,Sabrina Austin,sabrina.austin93@hotmail.com,South,United States,Apparel,Baseball Cap,3.0,54.96,0.25,16.52,Paypal,Returned,2023-12-26,True
ORD-12402,2024-05-30,CUST1590,Laurie Sanchez,laurie.sanchez25@hotmail.com,West,Canada,Electronics,Bluetooth Speaker,6.0,238.78,0.15,3.33,Gift Card,Cancelled,2022-03-09,False
ORD-12514,2023-03-31,CUST1603,Keith Rodriguez,keith.rodriguez48@outlook.com,North,United States,Electronics,Laptop Stand,6.0,210.92,0.05,13.59,Gift Card,Delivered,2022-09-04,False
ORD-12611,2024-11-10,CUST1790,Jennifer Taylor,jennifer.taylor13@hotmail.com,East,United States,Toys,RC Car,3.0,16.14,0.25,8.02,Debit Card,Delivered,2022-11-17,False
ORD-11164,2023-06-15,CUST1219,Bailey Duran Dds,bailey.dds56@gmail.com,Central,United States,Toys,Building Blocks Set,4.0,39.39,0.05,12.13,Paypal,Shipped,2022-08-04,False
ORD-11236,2023-11-21,CUST1123,Michelle Harmon,michelle.harmon7@outlook.com,North,United States,Electronics,Webcam,3.0,166.47,0.1,3.93,Gift Card,Returned,2023-09-06,False
ORD-11180,2023-09-27,CUST1273,Shelly Alexander,shelly.alexander59@gmail.com,North,United States,Electronics,USB-C Cable,4.0,21.03,0.0,21.79,Gift Card,Returned,2022-08-24,False
ORD-10083,2024-12-20,CUST1119,Jeffrey Chandler,jeffrey.chandler98@outlook.com,East,United States,Beauty,Shampoo Set,4.0,10.65,0.25,24.98,Credit Card,Pending,2021-07-25,False
ORD-10349,2024-04-29,CUST1415,Antonio Garcia,antonio.garcia12@yahoo.com,Central,Canada,Apparel,Wool Sweater,3.0,41.71,0.0,2.07,Credit Card,Delivered,2023-06-02,False
ORD-10163,,CUST1159,Jamie Smith,jamie.smith34@outlook.com,West,Mexico,Beauty,Hair Dryer,2.0,58.52,0.05,4.59,Credit Card,Pending,2024-06-30,False
ORD-10477,2023-09-19,CUST1120,Larry Dixon,larry.dixon39@gmail.com,East,Canada,Toys,Puzzle 1000PC,5.0,10.44,0.25,3.69,Debit Card,Returned,2023-12-30,True
ORD-10144,2024-03-14,CUST1479,Kaylee Hays,kaylee.hays10@yahoo.com,Central,Mexico,Home & Kitchen,Non-Stick Pan Set,1.0,29.8732,0.0,20.21,Credit Card,Shipped,2024-04-30,True
ORD-12190,2023-06-27,CUST1608,Rachel Bradley,rachel.bradley95@gmail.com,Central,United States,Electronics,Laptop Stand,1.0,59.96,0.0,18.16,Debit Card,Returned,2024-04-09,True
ORD-11730,2024-08-03,CUST1763,Jessica Smith,jessica.smith76@yahoo.com,North,Canada,Sports & Outdoors,Camping Tent,2.0,26.55,0.2,16.88,Gift Card,Pending,2023-11-27,False
ORD-10625,2023-10-16,CUST1292,Jeremy Reed,jeremy.reed16@yahoo.com,West,Canada,Electronics,Wireless Earbuds,3.0,165.04,0.0,21.67,Paypal,Delivered,2021-10-12,False
ORD-12817,2023-03-26,CUST1263,Diane Evans,diane.evans55@gmail.com,East,Canada,Toys,Action Figure,3.0,19.93,0.1,3.55,Credit Card,Pending,2022-08-14,False
ORD-12720,2024-01-20,CUST1666,David Harris,david.harris75@hotmail.com,Central,United States,Home & Kitchen,Coffee Maker,5.0,65.87,0.2,23.91,Paypal,Delivered,2023-11-08,False
ORD-10926,2024-05-18,CUST1158,Melissa Gates,melissa.gates2@yahoo.com,South,Canada,Toys,Action Figure,4.0,58.35,0.15,2.25,Debit Card,Delivered,2023-04-20,False
ORD-10258,2023-06-30,CUST1416,Gwendolyn Klein,gwendolyn.klein14@gmail.com,Central,Canada,Home & Kitchen,Non-Stick Pan Set,3.0,65.95,0.2,1.64,Gift Card,Returned,2021-03-07,False
ORD-10812,2024-07-23,CUST1271,Veronica Simpson,,South,Mexico,Apparel,Cotton T-Shirt,3.0,60.54,0.05,24.36,Gift Card,Cancelled,2024-01-24,False
ORD-10324,2024-05-31,CUST1192,Debra Christian,debra.christian98@yahoo.com,South,United States,Apparel,Running Shoes,2.0,53.36,0.05,23.78,Gift Card,Pending,2024-04-15,False
ORD-11157,2024-11-26,CUST1048,Joshua Blair,joshua.blair83@outlook.com,North,Canada,Apparel,Denim Jacket,6.0,54.97,0.0,16.38,Debit Card,Delivered,2023-07-26,False
ORD-11088,2024-10-14,CUST1199,Nathan Freeman,nathan.freeman52@hotmail.com,West,Canada,Beauty,Face Moisturizer,1.0,55.33,0.0,11.97,Debit Card,Pending,2021-08-10,False
ORD-13108,2024-06-04,CUST1030,Rebecca Henderson,rebecca.henderson1@gmail.com,South,Canada,Electronics,Bluetooth Speaker,4.0,85.24,0.15,1.76,Paypal,Delivered,2024-07-16,True
ORD-11342,2023-01-04,CUST1537,Bianca Wood,bianca.wood46@hotmail.com,East,Canada,Apparel,Cotton T-Shirt,3.0,87.86,0.0,12.2,Credit Card,Cancelled,2024-01-21,True
ORD-12900,2024-02-02,CUST1020,Margaret Hawkins Dds,margaret.dds97@outlook.com,North,United States,Home & Kitchen,Non-Stick Pan Set,5.0,127.28,0.0,9.0,Paypal,Cancelled,2024-05-08,True
ORD-11772,2024-05-06,CUST1067,Carol Tucker,carol.tucker34@gmail.com,West,United States,Beauty,Shampoo Set,6.0,36.51,0.25,16.62,Paypal,Returned,2021-08-11,False
ORD-10481,2024-10-28,CUST1053,Mark Perez,mark.perez14@yahoo.com,Central,United States,Sports & Outdoors,Water Bottle,4.0,123.34,0.05,12.13,Credit Card,Shipped,2022-12-07,False
ORD-12934,2024-07-25,CUST1207,Cathy Robinson,cathy.robinson48@yahoo.com,Central,Canada,Toys,Board Game,1.0,44.39,0.2,12.13,Gift Card,Cancelled,2024-02-14,False
ORD-11318,2023-10-18,CUST1591,Kiara Little,kiara.little8@yahoo.com,Central,United States,Electronics,Webcam,1.0,96.24,0.0,12.38,Gift Card,Shipped,2021-05-15,False
ORD-10547,2023-02-12,CUST1209,Brian Lee,,East,United States,Sports & Outdoors,Camping Tent,1.0,131.82,0.0,20.19,Credit Card,Delivered,2022-08-13,False
ORD-12882,2023-03-04,CUST1301,Heather Fields,heather@gmail.com,Central,Canada,Sports & Outdoors,Hiking Backpack,6.0,89.86,0.0,21.78,Credit Card,Delivered,2024-08-05,True
ORD-12862,2024-07-26,CUST1321,Charles Shah,charles.shah97@yahoo.com,Central,United States,Home & Kitchen,Throw Blanket,4.0,16.77,0.2,15.86,Credit Card,Pending,2022-02-12,False
ORD-10531,2024-08-29,CUST1453,Cynthia Vang,cynthia.vang37@yahoo.com,West,Canada,Apparel,Wool Sweater,1.0,58.37,0.0,17.24,Credit Card,Shipped,2022-01-19,False
ORD-12479,2023-09-12,CUST1662,James Webster,james.webster53@gmail.com,South,United States,Home & Kitchen,LED Desk Lamp,2.0,98.03,0.0,10.65,Gift Card,Returned,2022-06-05,False
ORD-12264,2024-08-07,CUST1280,Amanda Jones,amanda.jones92@hotmail.com,West,United States,Apparel,Denim Jacket,6.0,21.56,0.25,11.85,Credit Card,Pending,2021-12-08,False
ORD-11679,2023-09-04,CUST1670,Chelsea Gill,chelsea.gill96@outlook.com,Central,Mexico,Sports & Outdoors,Yoga Mat,6.0,34.53,0.0,13.35,Paypal,Pending,2024-01-27,True
ORD-11890,2024-08-17,CUST1509,Michelle Ho,michelle.ho9@hotmail.com,East,Canada,Electronics,Bluetooth Speaker,5.0,105.95,0.1,7.35,Gift Card,Delivered,2022-02-08,False
ORD-13135,2023-06-11,CUST1533,Michael Evans,dr..evans36@outlook.com,North,Canada,Sports & Outdoors,Resistance Bands,4.0,140.75,0.25,7.77,Credit Card,Delivered,2023-07-03,True
ORD-11501,2024-08-16,CUST1117,Ashley Waller,ashley.waller30@gmail.com,North,Mexico,Home & Kitchen,LED Desk Lamp,5.0,111.18,0.0,5.26,Debit Card,Returned,2022-01-30,False
ORD-11759,2023-09-13,CUST1123,Michelle Harmon,michelle.harmon7@outlook.com,North,United States,Beauty,Face Moisturizer,3.0,45.57,0.2,21.49,Paypal,Returned,2023-09-06,False
ORD-12467,2023-02-09,CUST1200,Melissa Brewer,melissa.brewer42@yahoo.com,East,Canada,Electronics,Wireless Earbuds,5.0,21.21,0.0,17.09,Debit Card,Delivered,2021-05-15,False
ORD-11613,2024-01-18,CUST1040,Paula Moreno,paula.moreno59@outlook.com,Central,Mexico,Apparel,Baseball Cap,1.0,44.98,0.25,17.96,Gift Card,Returned,2023-05-17,False
ORD-12758,2023-07-26,CUST1757,Melissa Stephens,melissa.stephens78@gmail.com,Central,Mexico,Sports & Outdoors,Yoga Mat,3.0,17.56,0.05,3.8,Gift Card,Delivered,2023-02-27,False
ORD-10858,2023-05-30,CUST1032,Tricia Valencia,tricia.valencia70@yahoo.com,West,United States,Beauty,Shampoo Set,2.0,53.838699999999996,0.1,24.54,Paypal,Cancelled,2024-03-15,True
ORD-13127,2023-11-10,CUST1188,Madison Poole,madison.poole31@outlook.com,East,Canada,Electronics,Wireless Earbuds,3.0,197.28,0.2,23.68,Paypal,Returned,2021-07-23,False
ORD-10356,2023-09-18,CUST1836,Danielle Watson,danielle@gmail.com,East,United States,Apparel,Denim Jacket,4.0,44.4,0.15,16.58,Gift Card,Cancelled,2021-11-14,False
ORD-10839,2023-05-29,CUST1288,Lisa Allen,lisa.allen67@hotmail.com,East,United States,Home & Kitchen,Coffee Maker,1.0,91.15,0.0,16.98,Credit Card,Delivered,2024-02-25,True
ORD-11189,2023-08-09,CUST1779,Kevin Price,,Central,Canada,Beauty,Hair Dryer,5.0,12.43,0.1,8.3,Credit Card,Shipped,2023-05-17,False
ORD-11273,2023-05-29,CUST1357,Jeffery Ortega,jeffery.ortega48@hotmail.com,Central,Mexico,Home & Kitchen,Throw Blanket,6.0,56.88,0.15,13.25,Paypal,Cancelled,2024-01-30,True
ORD-10290,2023-10-22,CUST1313,Tracy Ballard,tracy.ballard64@hotmail.com,West,Canada,Apparel,Running Shoes,2.0,69.83,0.0,20.59,Gift Card,Shipped,2023-10-19,False
ORD-12079,2024-02-10,CUST1605,Todd Rosales Md,todd.md92@outlook.com,Central,United States,Toys,Puzzle 1000PC,1.0,14.85,0.25,5.71,Credit Card,Cancelled,2022-01-21,False
ORD-10399,,CUST1508,Joshua Vance,joshua.vance87@gmail.com,Central,Canada,Toys,RC Car,3.0,62.15,0.05,10.12,Debit Card,Delivered,2022-01-03,False
ORD-12075,2023-07-08,CUST1466,Jason Beck,jason.beck17@yahoo.com,East,United States,Electronics,Laptop Stand,6.0,228.11,0.05,5.98,Credit Card,Pending,2022-05-27,False
ORD-11709,2024-11-16,CUST1297,William Barrett,william.barrett17@hotmail.com,North,Canada,Electronics,USB-C Cable,1.0,134.58,0.0,12.74,Paypal,Cancelled,2023-10-27,False
ORD-12941,2021-04-09,CUST1409,Jesse Brown,jesse.brown65@outlook.com,West,United States,Toys,Puzzle 1000PC,1.0,61.73,0.25,1.37,Gift Card,Returned,2021-04-20,True
ORD-10240,2022-06-28,CUST1092,Denise Jacobs,denise.jacobs63@yahoo.com,West,Canada,Beauty,Shampoo Set,2.0,46.97,0.0,16.87,Gift Card,Pending,2022-07-13,True
ORD-12762,2024-01-13,CUST1759,Margaret Miller,,East,United States,Sports & Outdoors,Camping Tent,2.0,45.5,0.0,5.57,Credit Card,Delivered,2024-09-07,True
ORD-11655,2023-09-19,CUST1729,Derrick Anderson,derrick.anderson84@hotmail.com,North,Canada,Sports & Outdoors,Yoga Mat,6.0,122.12,0.0,2.67,Credit Card,Shipped,2023-01-19,False
ORD-10674,2023-04-12,CUST1788,Cesar Wilson,cesar.wilson63@outlook.com,Central,Canada,Apparel,Denim Jacket,1.0,14.91,0.05,19.68,Credit Card,Pending,2022-05-29,False
ORD-10186,2023-11-16,CUST1540,James Gilbert,james.gilbert21@gmail.com,South,United States,Apparel,Running Shoes,6.0,46.19,0.05,21.9,Credit Card,Delivered,2022-05-23,False
ORD-11563,2023-11-01,CUST1466,Jason Beck,jason.beck17@yahoo.com,East,United States,Electronics,USB-C Cable,4.0,74.33,0.1,0.02,Paypal,Pending,2022-05-27,False
ORD-12298,2024-04-14,CUST1309,Dawn Summers,dawn.summers45@hotmail.com,Central,Canada,Electronics,Laptop Stand,3.0,237.9,0.0,22.44,Debit Card,Cancelled,2021-09-25,False
ORD-11495,2024-02-11,CUST1656,Eric Thomas,eric.thomas5@gmail.com,Central,Mexico,Electronics,Webcam,1.0,135.44,0.2,14.31,Credit Card,Returned,2021-07-06,False
ORD-10375,2024-10-11,CUST1151,Pamela Boyd,pamela.boyd9@outlook.com,Central,United States,Apparel,Running Shoes,1.0,71.24,0.25,17.2,Gift Card,Pending,2023-04-30,False
ORD-10620,2023-05-01,CUST1172,Joshua Cooke,joshua.cooke90@outlook.com,West,United States,Apparel,Cotton T-Shirt,3.0,78.49,0.0,6.02,Credit Card,Shipped,2021-02-14,False
ORD-10989,2024-10-13,CUST1685,Michael Scott Phd,mr..phd42@gmail.com,East,United States,Beauty,Hair Dryer,2.0,46.58,0.0,3.38,Credit Card,Cancelled,2024-07-04,False
ORD-11380,2024-05-12,CUST1167,Alyssa Day,alyssa.day19@yahoo.com,East,United States,Sports & Outdoors,Resistance Bands,5.0,64.41,0.0,0.2,Gift Card,Pending,2023-08-03,False
ORD-11518,2024-09-06,CUST1818,Michael Poole,,North,United States,Beauty,Shampoo Set,3.0,21.62,0.0,19.93,Gift Card,Cancelled,2021-07-04,False
ORD-12513,2023-11-21,CUST1152,Denise Jones,denise.jones37@outlook.com,West,United States,Electronics,Webcam,6.0,76.11,0.05,5.23,Gift Card,Pending,2024-04-17,True
ORD-11665,2024-01-29,CUST1562,Robert Richardson,robert@gmail.com,Central,Canada,Beauty,Hair Dryer,6.0,30.74,0.05,17.16,Credit Card,Pending,2021-10-07,False
ORD-12016,2024-06-11,CUST1022,Ethan Adams,ethan.adams81@outlook.com,Central,United States,Home & Kitchen,LED Desk Lamp,3.0,149.86,0.0,3.91,Paypal,Delivered,2024-08-01,True
ORD-10602,2024-11-11,CUST1735,Laura Jackson,laura.jackson17@yahoo.com,Central,Canada,Home & Kitchen,LED Desk Lamp,5.0,74.2,0.25,0.05,Paypal,Returned,2021-10-03,False
ORD-10249,2024-01-07,CUST1428,Robin Santiago,robin.santiago4@hotmail.com,East,Mexico,Beauty,Shampoo Set,3.0,29.72,0.2,17.08,Credit Card,Shipped,2022-03-06,False
ORD-10207,2024-06-17,CUST1286,Joseph Knight,joseph.knight98@gmail.com,Central,United States,Home & Kitchen,Air Fryer,2.0,122.23,0.0,1.49,Gift Card,Delivered,2024-03-21,False
ORD-10254,2023-05-12,CUST1301,Heather Fields,heather@gmail.com,Central,Canada,Toys,Building Blocks Set,5.0,39.53,0.1,16.1,Paypal,Pending,2024-08-05,True
ORD-10496,2023-10-16,CUST1781,Amy Garcia,amy.garcia2@gmail.com,Central,Canada,Home & Kitchen,Coffee Maker,5.0,27.04,0.15,11.27,Debit Card,Returned,2022-03-08,False
ORD-11976,2024-01-29,CUST1415,Antonio Garcia,antonio.garcia12@yahoo.com,Central,Canada,Beauty,Lipstick,3.0,33.48,0.0,11.65,Gift Card,Delivered,2023-06-02,False
ORD-11067,2024-08-21,CUST1424,Felicia Aguilar,felicia.aguilar84@yahoo.com,Central,Mexico,Home & Kitchen,Air Fryer,5.0,46.34,0.0,6.57,Credit Card,Returned,2022-08-09,False
ORD-12848,2023-02-18,CUST1841,Alexandra Dominguez,alexandra.dominguez15@gmail.com,North,Canada,Electronics,Laptop Stand,3.0,227.08,0.15,5.38,Credit Card,Pending,2023-12-08,True
ORD-12048,2024-08-27,CUST1105,Marc Moore,marc.moore48@gmail.com,East,Canada,Sports & Outdoors,Camping Tent,5.0,42.62,0.1,7.0,Debit Card,Returned,2023-11-03,False
ORD-10529,2024-09-09,CUST1584,Jamie Baird,jamie.baird45@hotmail.com,West,Canada,Apparel,Cotton T-Shirt,5.0,43.7,0.05,12.65,Debit Card,Delivered,2022-06-25,False
ORD-10347,2023-03-23,CUST1169,Daniel Murphy,daniel@gmail.com,East,Mexico,Sports & Outdoors,Hiking Backpack,6.0,56.28,0.25,6.13,Credit Card,Pending,2022-12-09,False
ORD-10034,2024-08-02,CUST1384,Aimee Turner,aimee.turner28@hotmail.com,East,Canada,Home & Kitchen,Air Fryer,2.0,60.6,0.0,9.71,Credit Card,Returned,2022-04-03,False
ORD-10275,2023-03-10,CUST1213,Katherine Salas,katherine.salas90@outlook.com,North,United States,Apparel,Wool Sweater,3.0,61.69,0.25,3.8,Gift Card,Returned,2022-11-27,False
ORD-10818,2024-08-01,CUST1129,Megan Orr,megan.orr21@yahoo.com,North,United States,Toys,Board Game,3.0,66.15,0.0,20.05,Gift Card,Returned,2021-12-22,False
ORD-10517,2024-09-15,CUST1160,Paul Castaneda,paul@gmail.com,Central,United States,Home & Kitchen,Throw Blanket,1.0,25.44,0.2,16.27,Gift Card,Returned,2022-11-04,False
ORD-12282,2024-07-01,CUST1745,Vincent Novak,vincent.novak6@hotmail.com,West,United States,Toys,Board Game,4.0,47.68,0.15,23.04,Credit Card,Delivered,2022-04-15,False
ORD-13055,2024-04-17,CUST1438,Rhonda Martin,rhonda.martin11@gmail.com,East,United States,Apparel,Denim Jacket,1.0,62.6,0.2,19.17,Credit Card,Returned,2021-10-18,False
ORD-12688,2023-01-28,CUST1219,Bailey Duran Dds,bailey.dds56@gmail.com,Central,United States,Sports & Outdoors,Yoga Mat,2.0,117.55,0.2,23.8,Debit Card,Pending,2022-08-04,False
ORD-10102,2024-12-10,CUST1280,Amanda Jones,amanda.jones92@hotmail.com,West,United States,Electronics,Webcam,5.0,174.81,0.0,22.1,Debit Card,Returned,2021-12-08,False
ORD-10692,2024-10-25,CUST1163,Jeffrey Johnson,jeffrey.johnson98@gmail.com,East,Canada,Toys,RC Car,3.0,65.5,0.1,3.39,Debit Card,Pending,2023-06-28,False
ORD-10082,2024-05-03,CUST1404,Joann Glass,joann.glass43@gmail.com,South,United States,Home & Kitchen,Throw Blanket,1.0,37.29,0.1,15.65,Debit Card,Returned,2023-12-18,False
ORD-10985,2023-06-22,CUST1226,Kirk Carter,kirk.carter3@outlook.com,West,Mexico,Sports & Outdoors,Yoga Mat,1.0,78.71,0.05,5.05,Credit Card,Delivered,2021-12-18,False
ORD-11653,2021-08-14,CUST1355,Jesse Perez,jesse.perez52@outlook.com,East,United States,Apparel,Baseball Cap,5.0,72.88,0.15,18.95,Gift Card,Shipped,2021-08-29,True
ORD-12462,2023-05-16,CUST1186,Jonathan Peterson,jonathan.peterson86@hotmail.com,South,United States,Sports & Outdoors,Yoga Mat,2.0,27.07,0.0,7.75,Debit Card,Delivered,2024-04-17,True
ORD-10512,2023-01-09,CUST1548,Jessica Khan,jessica.khan91@yahoo.com,East,Canada,Home & Kitchen,Throw Blanket,5.0,37.04,0.25,20.8,Paypal,Pending,2021-08-16,False
ORD-11259,2023-06-28,CUST1816,Tamara Riddle,,North,United States,Home & Kitchen,Air Fryer,3.0,51.97,0.0,0.48,Credit Card,Returned,2021-04-12,False
ORD-11486,2023-05-23,CUST1658,Travis Hobbs,travis.hobbs7@yahoo.com,Central,Canada,Beauty,Sunscreen SPF50,5.0,9.1,0.1,10.41,Gift Card,Cancelled,2023-07-20,True
ORD-10460,2024-02-17,CUST1360,Parker Cain,parker.cain26@yahoo.com,Central,United States,Apparel,Wool Sweater,3.0,71.12,0.2,14.71,Debit Card,Returned,2021-03-12,False
ORD-10411,2024-10-22,CUST1064,Jessica Callahan,jessica.callahan30@yahoo.com,South,United States,Sports & Outdoors,Yoga Mat,4.0,38.55,0.2,4.52,Paypal,Pending,2021-02-18,False
ORD-12450,2022-04-28,CUST1829,Kenneth Knight,kenneth.knight48@gmail.com,West,Canada,Electronics,Wireless Earbuds,3.0,158.55,0.0,11.97,Credit Card,Cancelled,2022-05-25,True
ORD-10018,2024-02-28,CUST1212,Melissa Martinez,melissa.martinez72@gmail.com,East,Canada,Electronics,Webcam,3.0,84.77,0.0,20.8,Debit Card,Returned,2024-06-01,True
ORD-12344,2024-10-09,CUST1291,Stephanie Byrd,stephanie.byrd9@outlook.com,South,United States,Home & Kitchen,Air Fryer,5.0,43.7927,0.1,3.0,Debit Card,Shipped,2022-09-07,False
ORD-12252,2023-02-23,CUST1458,Aaron Miller,aaron.miller59@hotmail.com,North,Canada,Sports & Outdoors,Camping Tent,1.0,20.06,0.25,15.41,Credit Card,Pending,2024-01-31,True
ORD-12200,2024-10-27,CUST1721,Raymond Johnson,raymond.johnson47@hotmail.com,East,United States,Toys,Building Blocks Set,2.0,37.69,0.2,0.3,Paypal,Returned,2022-04-03,False
ORD-11716,2023-04-30,CUST1434,Ashley Wise,ashley.wise6@hotmail.com,North,Canada,Apparel,Wool Sweater,4.0,81.75,0.0,13.27,Paypal,Pending,2022-11-11,False
ORD-10942,2023-01-27,CUST1321,Charles Shah,charles.shah97@yahoo.com,Central,United States,Apparel,Cotton T-Shirt,5.0,80.7422,0.0,18.69,Credit Card,Returned,2022-02-12,False
ORD-10274,2024-06-27,CUST1371,Debra White,debra.white54@gmail.com,North,Canada,Toys,RC Car,4.0,68.09,0.2,3.4,Paypal,Delivered,2022-05-08,False
ORD-10590,2023-10-08,CUST1173,Matthew Harrington,,West,United States,Electronics,Webcam,3.0,170.68,0.0,10.76,Debit Card,Pending,2021-04-11,False
ORD-12470,2023-11-05,CUST1059,John Daniel,john.daniel6@outlook.com,East,United States,Electronics,Laptop Stand,5.0,156.31,0.0,15.19,Paypal,Pending,2023-01-17,False
ORD-10632,2023-06-08,CUST1291,Stephanie Byrd,stephanie.byrd9@outlook.com,South,United States,Apparel,Wool Sweater,2.0,27.47,0.0,23.14,Gift Card,Cancelled,2022-09-07,False
ORD-12944,2023-11-03,CUST1117,Ashley Waller,ashley.waller30@gmail.com,North,Mexico,Apparel,Running Shoes,1.0,67.48,0.15,16.26,Debit Card,Shipped,2022-01-30,False
ORD-11633,2023-05-16,CUST1543,Kathleen Robertson,kathleen.robertson76@gmail.com,Central,United States,Apparel,Cotton T-Shirt,1.0,24.97,0.0,2.4,Gift Card,Returned,2022-12-22,False
ORD-11215,2023-03-08,CUST1666,David Harris,david.harris75@hotmail.com,Central,United States,Beauty,Shampoo Set,2.0,30.99,0.0,2.14,Credit Card,Returned,2023-11-08,True
ORD-12751,2023-04-01,CUST1459,Ruben Dunn,ruben.dunn70@outlook.com,West,Canada,Sports & Outdoors,Camping Tent,5.0,87.59,0.15,8.9,Paypal,Pending,2024-01-16,True
ORD-11896,2023-10-24,CUST1374,Charles Schultz,charles.schultz94@outlook.com,East,United States,Sports & Outdoors,Hiking Backpack,6.0,20.0,0.15,23.91,Credit Card,Shipped,2024-03-28,True
ORD-10085,2024-01-04,CUST1426,Jenna Larson,jenna.larson63@yahoo.com,East,United States,Home & Kitchen,Throw Blanket,2.0,114.95,0.15,8.93,Debit Card,Shipped,2022-10-30,False
ORD-10933,,CUST1430,Maria Henderson,maria.henderson31@outlook.com,West,United States,Sports & Outdoors,Resistance Bands,3.0,99.31,0.15,14.43,Gift Card,Cancelled,2024-09-10,False
ORD-10262,2024-04-28,CUST1378,Anthony Moore,anthony.moore49@yahoo.com,South,United States,Apparel,Baseball Cap,5.0,26.0,0.1,1.7,Paypal,Pending,2024-01-07,False
ORD-12995,,CUST1300,Tanner Mitchell Dds,tanner.dds36@yahoo.com,Central,Canada,Home & Kitchen,Air Fryer,5.0,141.61,0.0,10.92,Credit Card,Shipped,2024-04-07,False
ORD-10198,2023-01-29,CUST1475,Julie Dominguez,julie.dominguez1@hotmail.com,South,Mexico,Beauty,Face Moisturizer,6.0,54.89,0.0,12.52,Debit Card,Shipped,2022-02-19,False
ORD-11007,2024-07-30,CUST1132,Mary Marshall,mary.marshall34@yahoo.com,Central,United States,Home & Kitchen,Air Fryer,1.0,119.9,0.1,12.13,Credit Card,Returned,2023-05-21,False
ORD-10619,2023-12-13,CUST1401,Craig Morrison,craig.morrison52@hotmail.com,South,United States,Toys,RC Car,3.0,45.5,0.25,19.05,Gift Card,Delivered,2024-03-03,True
ORD-12468,2023-05-15,CUST1453,Cynthia Vang,cynthia.vang37@yahoo.com,West,Canada,Electronics,Laptop Stand,2.0,182.44,0.15,0.5,Debit Card,Cancelled,2022-01-19,False
ORD-11965,2023-02-25,CUST1045,Philip Cannon,philip.cannon73@yahoo.com,North,Canada,Home & Kitchen,LED Desk Lamp,2.0,93.94,0.0,12.93,Credit Card,Cancelled,2024-03-31,True
ORD-11658,2023-12-13,CUST1561,Kim Erickson,kim@gmail.com,South,Mexico,Sports & Outdoors,Resistance Bands,5.0,70.13,0.2,24.46,Paypal,Pending,2021-12-15,False
ORD-10293,2023-09-20,CUST1068,James Brown,james.brown41@hotmail.com,North,United States,Beauty,Lipstick,4.0,53.71,0.05,2.73,Debit Card,Pending,2024-05-26,True
ORD-12061,2023-07-29,CUST1148,Kathy Rivas,kathy.rivas15@hotmail.com,South,United States,Electronics,USB-C Cable,1.0,100.68,0.0,23.84,Paypal,Delivered,2021-08-29,False
ORD-10179,2023-08-11,CUST1221,Jeremy Dalton,,South,United States,Home & Kitchen,Throw Blanket,4.0,131.83,0.0,21.15,Paypal,Delivered,2022-09-10,False
ORD-12464,2023-06-22,CUST1696,Joseph Hill,joseph.hill14@yahoo.com,West,Mexico,Home & Kitchen,Air Fryer,6.0,41.41,0.0,7.77,Gift Card,Returned,2024-01-07,True
ORD-12557,2023-09-22,CUST1385,Chad Scott,chad.scott25@gmail.com,Central,Mexico,Beauty,Sunscreen SPF50,6.0,25.56,0.0,16.54,Paypal,Returned,2023-09-08,False
ORD-10800,2023-03-09,CUST1431,Jack White,jack@gmail.com,Central,United States,Apparel,Running Shoes,2.0,77.64,0.1,7.43,Paypal,Returned,2024-05-09,True
ORD-12494,2023-02-01,CUST1753,Jennifer Porter,jennifer.porter40@outlook.com,South,Mexico,Apparel,Wool Sweater,5.0,64.83,0.0,12.32,Paypal,Delivered,2023-03-27,True
ORD-11686,2024-02-18,CUST1584,Jamie Baird,jamie.baird45@hotmail.com,West,Canada,Sports & Outdoors,Water Bottle,5.0,76.79,0.2,20.6,Gift Card,Pending,2022-06-25,False
ORD-11005,2023-11-25,CUST1012,Lisa Hensley,lisa.hensley21@hotmail.com,Central,United States,Sports & Outdoors,Hiking Backpack,6.0,28.01,0.0,12.81,Credit Card,Delivered,2023-02-17,False
ORD-12829,2023-08-21,CUST1455,Marie Moody,marie.moody50@hotmail.com,West,United States,Toys,Building Blocks Set,4.0,23.52,0.2,13.59,Gift Card,Cancelled,2023-04-18,False
ORD-12811,2024-01-20,CUST1509,Michelle Ho,michelle.ho9@hotmail.com,East,Canada,Toys,Board Game,1.0,59.91,0.2,14.81,Paypal,Shipped,2022-02-08,False
ORD-12935,2024-12-12,CUST1430,Maria Henderson,maria.henderson31@outlook.com,West,United States,Home & Kitchen,Non-Stick Pan Set,2.0,18.4,0.2,3.41,Debit Card,Pending,2024-09-10,False
ORD-12234,2023-06-24,CUST1089,Aimee Montoya,aimee.montoya8@yahoo.com,Central,Mexico,Beauty,Lipstick,6.0,31.89,0.0,5.48,Paypal,Cancelled,2023-05-11,False
ORD-12657,2024-10-09,CUST1061,Gerald Hensley,gerald.hensley31@yahoo.com,North,United States,Beauty,Hair Dryer,2.0,35.66,0.15,11.74,Debit Card,Delivered,2021-12-29,False
ORD-13147,2024-10-09,CUST1373,Sergio Knight,sergio.knight70@yahoo.com,Central,United States,Home & Kitchen,LED Desk Lamp,2.0,143.89,0.25,16.2,Debit Card,Cancelled,2021-04-26,False
ORD-11790,2024-12-09,CUST1157,Jason Stein,jason.stein17@outlook.com,North,Canada,Beauty,Face Moisturizer,1.0,37.97,0.25,22.35,Credit Card,Delivered,2021-07-25,False
ORD-11809,2024-09-24,CUST1665,Tracy Grant,tracy.grant64@gmail.com,North,Canada,Beauty,Face Moisturizer,4.0,7.76,0.0,22.26,Paypal,Returned,2023-12-23,False
ORD-12425,,CUST1777,Cody Davidson,cody.davidson48@outlook.com,East,United States,Electronics,Wireless Earbuds,4.0,64.79,0.15,0.4,Gift Card,Returned,2023-10-06,False
ORD-12999,2023-04-25,CUST1090,Matthew Mcmillan,,West,Canada,Beauty,Hair Dryer,3.0,38.17,0.25,15.48,Credit Card,Returned,2024-03-25,True
ORD-11629,2023-06-14,CUST1651,Amber Yang,,West,United States,Toys,Puzzle 1000PC,1.0,36.53,0.2,24.59,Gift Card,Pending,2021-11-18,False
ORD-10459,2024-08-04,CUST1300,Tanner Mitchell Dds,tanner.dds36@yahoo.com,Central,Canada,Sports & Outdoors,Camping Tent,6.0,26.18,0.0,20.12,Credit Card,Delivered,2024-04-07,False
ORD-12365,2023-07-07,CUST1773,Samuel Wong,samuel.wong74@outlook.com,South,United States,Home & Kitchen,Coffee Maker,1.0,95.57,0.1,9.37,Credit Card,Cancelled,2022-01-10,False
ORD-12806,2024-01-26,CUST1238,Sara Johnston,sara.johnston74@yahoo.com,West,Canada,Sports & Outdoors,Water Bottle,4.0,94.7,0.0,12.49,Debit Card,Shipped,2022-10-21,False
ORD-12685,2023-02-27,CUST1288,Lisa Allen,lisa.allen67@hotmail.com,East,United States,Electronics,USB-C Cable,1.0,190.55,0.25,19.88,Debit Card,Cancelled,2024-02-25,True
ORD-11120,2023-06-09,CUST1074,Amy Silva,amy.silva1@outlook.com,West,Canada,Home & Kitchen,Throw Blanket,1.0,97.85,0.0,1.09,Debit Card,Pending,2022-08-11,False
ORD-11780,2024-07-18,CUST1754,Dana Hopkins,dana.hopkins30@hotmail.com,South,Canada,Apparel,Baseball Cap,2.0,39.39,0.25,24.02,Debit Card,Shipped,2021-11-28,False
ORD-10284,2023-03-08,CUST1633,Robert Reese,robert.reese14@gmail.com,North,United States,Home & Kitchen,Coffee Maker,3.0,172.53,0.1,5.38,Gift Card,Shipped,2022-08-02,False
ORD-10763,2023-04-01,CUST1611,Michael Lopez,michael@gmail.com,East,Mexico,Toys,Building Blocks Set,2.0,25.22,0.0,6.05,Paypal,Returned,2021-09-20,False
ORD-10147,2021-06-27,CUST1005,Connie Lawrence,connie.lawrence98@outlook.com,West,Canada,Beauty,Sunscreen SPF50,4.0,17.44,0.15,10.96,Gift Card,Cancelled,2021-07-29,True
ORD-11860,2024-09-30,CUST1421,Maria Jones,maria.jones10@outlook.com,West,Canada,Beauty,Face Moisturizer,4.0,56.68,0.1,10.11,Paypal,Returned,2022-05-31,False
ORD-11713,2023-10-14,CUST1439,Jason Rhodes,jason.rhodes27@hotmail.com,North,United States,Toys,Building Blocks Set,2.0,52.14,0.2,20.96,Gift Card,Delivered,2022-12-15,False
ORD-10867,2024-06-12,CUST1687,Robert Jackson,robert.jackson24@gmail.com,West,Canada,Home & Kitchen,Air Fryer,5.0,135.54,0.0,8.21,Gift Card,Cancelled,2023-11-01,False
ORD-12317,2024-09-04,CUST1662,James Webster,james.webster53@gmail.com,South,United States,Electronics,Wireless Earbuds,6.0,53.52,0.0,9.54,Debit Card,Returned,2022-06-05,False
ORD-13029,2023-10-11,CUST1094,John Whitehead,john.whitehead51@gmail.com,West,United States,Home & Kitchen,LED Desk Lamp,1.0,116.27,0.05,2.87,Debit Card,Pending,2021-06-21,False
ORD-12063,2024-02-04,CUST1144,Amber Wright,amber.wright25@outlook.com,West,Canada,Electronics,USB-C Cable,5.0,192.15,0.25,17.66,Credit Card,Pending,2024-06-29,True
ORD-11851,2023-06-20,CUST1366,Courtney Rodriguez,courtney.rodriguez99@hotmail.com,West,United States,Toys,Building Blocks Set,1.0,64.34,0.0,23.22,Paypal,Delivered,2023-02-06,False
ORD-12955,2023-04-06,CUST1499,Phillip Berry,,North,United States,Apparel,Baseball Cap,4.0,47.57,0.05,10.22,Paypal,Cancelled,2021-10-09,False
ORD-10521,2024-02-13,CUST1531,Mark Jimenez,,West,United States,Sports & Outdoors,Hiking Backpack,1.0,120.93,0.0,24.66,Debit Card,Cancelled,2024-03-21,True
ORD-10784,2021-11-04,CUST1084,Zachary Ferrell,zachary.ferrell71@hotmail.com,West,United States,Beauty,Face Moisturizer,6.0,25.61,0.15,10.42,Credit Card,Cancelled,2021-11-22,True
ORD-12299,2023-10-02,CUST1112,Julia Torres,,South,Mexico,Sports & Outdoors,Yoga Mat,1.0,18.67,0.05,10.62,Credit Card,Returned,2022-01-27,False
ORD-10424,2023-08-01,CUST1816,Tamara Riddle,,North,United States,Beauty,Face Moisturizer,5.0,28.31,0.2,14.82,Credit Card,Delivered,2021-04-12,False
ORD-12421,2023-02-22,CUST1530,Marilyn Wang,marilyn@gmail.com,North,United States,Toys,Board Game,5.0,16.25,0.15,3.97,Debit Card,Cancelled,2022-11-11,False
ORD-10626,2024-02-23,CUST1716,Steven Rivera,steven.rivera46@outlook.com,North,United States,Beauty,Face Moisturizer,2.0,28.19,0.15,0.68,Paypal,Delivered,2023-09-25,False
ORD-10778,2024-11-12,CUST1286,Joseph Knight,joseph.knight98@gmail.com,Central,United States,Apparel,Denim Jacket,6.0,70.79,0.0,7.25,Credit Card,Delivered,2024-03-21,False
ORD-10522,2023-03-04,CUST1409,Jesse Brown,jesse.brown65@outlook.com,West,United States,Home & Kitchen,Coffee Maker,6.0,109.57,0.0,18.42,Paypal,Shipped,2021-04-20,False
ORD-10160,2023-03-10,CUST1815,Anna Estes,anna.estes58@outlook.com,South,United States,Apparel,Running Shoes,6.0,24.55,0.1,13.73,Gift Card,Shipped,2024-06-29,True
ORD-11075,2023-05-11,CUST1594,Tanya Russell,tanya.russell60@hotmail.com,North,United States,Apparel,Running Shoes,4.0,61.33,0.25,16.1,Paypal,Returned,2024-07-25,True
ORD-10099,2024-03-18,CUST1742,George Ochoa,george.ochoa65@hotmail.com,North,United States,Toys,Puzzle 1000PC,3.0,21.06,0.05,0.11,Credit Card,Pending,2021-11-03,False
ORD-10093,2024-01-16,CUST1296,Laura Haney,laura.haney67@outlook.com,Central,United States,Electronics,Bluetooth Speaker,1.0,200.27,0.0,10.44,Paypal,Returned,2021-09-20,False
ORD-10962,2023-12-27,CUST1406,Lori Hernandez,lori.hernandez70@gmail.com,North,United States,Apparel,Baseball Cap,4.0,32.17,0.0,2.96,Gift Card,Cancelled,2022-03-01,False
ORD-11955,2023-03-09,CUST1376,Glen Wood,glen.wood76@yahoo.com,West,Canada,Apparel,Baseball Cap,5.0,34.04,0.05,9.52,Debit Card,Shipped,2024-07-06,True
ORD-12854,2023-04-15,CUST1240,Andrew Avila,andrew.avila6@yahoo.com,Central,Canada,Home & Kitchen,LED Desk Lamp,5.0,101.55,0.0,5.41,Gift Card,Cancelled,2023-06-16,True
ORD-12587,2023-11-04,CUST1676,Kristen Rowe,kristen.rowe27@gmail.com,North,Canada,Beauty,Face Moisturizer,4.0,55.11,0.25,23.6,Gift Card,Pending,2023-01-05,False
ORD-12888,2024-02-07,CUST1688,Katherine Stark,katherine.stark12@outlook.com,East,United States,Home & Kitchen,Air Fryer,1.0,47.01,0.1,2.63,Gift Card,Returned,2022-03-30,False
ORD-10817,2024-05-12,CUST1608,Rachel Bradley,rachel.bradley95@gmail.com,Central,United States,Beauty,Hair Dryer,4.0,36.1,0.0,1.84,Debit Card,Delivered,2024-04-09,False
ORD-12076,2024-11-16,CUST1197,Spencer Haynes,spencer.haynes14@hotmail.com,Central,Canada,Beauty,Face Moisturizer,5.0,35.1133,0.0,23.6,Gift Card,Shipped,2023-10-29,False
ORD-11205,2023-11-21,CUST1016,Holly Wood,holly.wood69@outlook.com,Central,United States,Home & Kitchen,Coffee Maker,5.0,116.31,0.15,21.8,Gift Card,Cancelled,2024-04-12,True
ORD-11545,2023-10-27,CUST1842,Virginia Henderson,virginia.henderson17@yahoo.com,North,United States,Sports & Outdoors,Resistance Bands,3.0,79.53,0.0,18.24,Gift Card,Returned,2021-03-06,False
ORD-10791,2023-02-15,CUST1513,Robert Arnold,robert.arnold45@gmail.com,West,Mexico,Toys,RC Car,5.0,26.72,0.0,24.93,Gift Card,Delivered,2022-11-18,False
ORD-11185,2024-12-18,CUST1222,Elizabeth Oliver Dds,elizabeth.dds16@gmail.com,West,United States,Sports & Outdoors,Resistance Bands,1.0,80.88,0.15,11.97,Debit Card,Returned,2023-10-16,False
ORD-12325,2023-11-19,CUST1668,Nathaniel Lee,nathaniel.lee65@hotmail.com,South,United States,Apparel,Cotton T-Shirt,4.0,85.72,0.05,24.27,Gift Card,Cancelled,2023-05-08,False
ORD-11065,2024-01-17,CUST1460,Kelsey Rodriguez,kelsey.rodriguez55@gmail.com,East,Canada,Sports & Outdoors,Yoga Mat,3.0,113.23,0.0,12.28,Credit Card,Shipped,2024-08-31,True
ORD-12055,2023-08-28,CUST1228,Michael Bradshaw,michael.bradshaw11@hotmail.com,East,United States,Apparel,Cotton T-Shirt,2.0,16.87,0.1,16.3,Debit Card,Delivered,2022-09-28,False
ORD-11465,2024-11-05,CUST1207,Cathy Robinson,cathy.robinson48@yahoo.com,Central,Canada,Electronics,USB-C Cable,4.0,112.75,0.25,16.94,Paypal,Returned,2024-02-14,False
ORD-12972,2024-09-09,CUST1574,Daniel Nguyen,daniel.nguyen97@yahoo.com,West,Canada,Toys,Board Game,2.0,57.6784,0.25,12.0,Debit Card,Pending,2024-02-08,False
ORD-11691,2024-11-19,CUST1360,Parker Cain,parker.cain26@yahoo.com,Central,United States,Beauty,Shampoo Set,5.0,26.5,0.25,19.21,Gift Card,Shipped,2021-03-12,False
ORD-10159,2023-02-14,CUST1369,Sabrina Austin,sabrina.austin93@hotmail.com,South,United States,Beauty,Sunscreen SPF50,6.0,24.16,0.0,19.97,Credit Card,Cancelled,2023-12-26,True
ORD-11496,2023-06-21,CUST1365,Kenneth Lewis,kenneth.lewis9@hotmail.com,West,United States,Apparel,Cotton T-Shirt,5.0,20.26,0.05,15.43,Gift Card,Pending,2021-06-03,False
ORD-12502,2024-08-15,CUST1569,Michael Johnson,michael.johnson11@hotmail.com,West,United States,Beauty,Sunscreen SPF50,3.0,39.98,0.0,11.97,Debit Card,Pending,2021-08-25,False
ORD-10036,2024-05-04,CUST1527,Michelle Jacobs,michelle.jacobs8@yahoo.com,West,United States,Beauty,Face Moisturizer,3.0,34.44,0.05,21.33,Paypal,Pending,2021-09-25,False
ORD-11137,2023-02-05,CUST1593,Randy Smith,randy.smith59@gmail.com,South,United States,Home & Kitchen,Throw Blanket,2.0,119.08,0.05,6.91,Debit Card,Shipped,2023-01-09,False
ORD-11282,2023-06-24,CUST1362,Bryan Gomez,bryan.gomez66@hotmail.com,North,Canada,Electronics,Smartwatch,2.0,188.85,0.05,1.51,Paypal,Delivered,2023-07-25,True
ORD-12618,2024-06-05,CUST1114,Garrett Lin,garrett.lin12@outlook.com,South,United States,Toys,Board Game,4.0,64.95,0.25,2.08,Credit Card,Returned,2022-03-30,False
ORD-10151,2024-09-13,CUST1217,Mark Brown,mark.brown97@gmail.com,West,Mexico,Home & Kitchen,Non-Stick Pan Set,6.0,127.69,0.15,6.9,Gift Card,Delivered,2021-06-17,False
ORD-12596,2024-09-08,CUST1735,Laura Jackson,laura.jackson17@yahoo.com,Central,Canada,Electronics,Bluetooth Speaker,4.0,28.5,0.0,20.06,Paypal,Delivered,2021-10-03,False
ORD-12212,2023-03-05,CUST1252,Tanya Kim,tanya.kim31@hotmail.com,West,United States,Home & Kitchen,Air Fryer,3.0,73.07,0.05,2.55,Debit Card,Shipped,2024-04-06,True
ORD-10197,2023-08-29,CUST1307,Carlos Ryan,,West,United States,Toys,Board Game,2.0,39.71,0.0,23.98,Gift Card,Returned,2023-06-20,False
ORD-10486,2023-12-29,CUST1848,Jessica Bowen,jessica@gmail.com,North,Canada,Beauty,Face Moisturizer,1.0,7.51,0.1,2.47,Gift Card,Cancelled,2022-03-19,False
ORD-11574,2023-03-04,CUST1654,Robert Dennis,robert.dennis11@hotmail.com,West,Canada,Beauty,Lipstick,3.0,40.47,0.0,15.32,Gift Card,Cancelled,2023-06-29,True
ORD-12976,2023-02-15,CUST1647,Molly Rodriguez,molly.rodriguez57@gmail.com,East,Canada,Beauty,Hair Dryer,6.0,17.53,0.15,12.69,Paypal,Returned,2021-10-05,False
ORD-12078,2023-09-17,CUST1496,Austin Osborne,austin.osborne51@gmail.com,West,Mexico,Beauty,Face Moisturizer,3.0,36.24,0.0,22.64,Credit Card,Pending,2022-09-28,False
ORD-12742,2023-12-26,CUST1099,Stephen Mckee,stephen.mckee31@yahoo.com,North,Canada,Home & Kitchen,Air Fryer,5.0,25.44,0.25,16.81,Paypal,Returned,2023-08-28,False
ORD-11374,2024-02-18,CUST1185,Hannah Patterson,dr..patterson15@gmail.com,South,United States,Home & Kitchen,Coffee Maker,3.0,175.47,0.15,11.97,Paypal,Delivered,2022-04-26,False
ORD-10222,2023-09-24,CUST1400,Robin Young,robin.young25@outlook.com,West,Canada,Toys,Puzzle 1000PC,5.0,14.84,0.05,0.53,Gift Card,Returned,2022-12-27,False
ORD-10218,2023-01-27,CUST1818,Michael Poole,,North,United States,Sports & Outdoors,Hiking Backpack,4.0,110.28,0.15,2.91,Paypal,Cancelled,2021-07-04,False
ORD-12295,2023-04-23,CUST1383,Andrew Foster,,Central,Mexico,Toys,Action Figure,6.0,34.69,0.1,12.55,Debit Card,Delivered,2021-05-30,False
ORD-10595,2024-02-07,CUST1169,Daniel Murphy,daniel@gmail.com,East,Mexico,Sports & Outdoors,Water Bottle,1.0,112.75,0.0,15.65,Paypal,Returned,2022-12-09,False
ORD-13117,2023-11-03,CUST1688,Katherine Stark,katherine.stark12@outlook.com,East,United States,Beauty,Hair Dryer,5.0,54.14,0.1,14.71,Debit Card,Delivered,2022-03-30,False
ORD-10259,2023-07-18,CUST1653,Amy Gordon,,West,United States,Home & Kitchen,Air Fryer,2.0,49.7,0.1,12.91,Gift Card,Shipped,2022-04-02,False
ORD-12096,2023-07-28,CUST1204,Erin Warner,erin.warner59@hotmail.com,North,United States,Electronics,Wireless Earbuds,2.0,158.16,0.15,2.73,Debit Card,Returned,2023-05-02,False
ORD-10567,2024-01-29,CUST1610,Samantha Robertson,samantha.robertson39@yahoo.com,South,United States,Sports & Outdoors,Camping Tent,1.0,24.85,0.15,11.64,Credit Card,Cancelled,2024-09-08,True
ORD-12706,2023-04-28,CUST1001,Noah Rhodes,noah.rhodes95@gmail.com,North,Canada,Toys,Building Blocks Set,4.0,61.5,0.25,1.09,Credit Card,Shipped,2024-04-24,True
ORD-10944,2023-05-24,CUST1157,Jason Stein,jason.stein17@outlook.com,North,Canada,Apparel,Cotton T-Shirt,4.0,85.36,0.0,12.4,Paypal,Cancelled,2021-07-25,False
ORD-10108,2023-10-25,CUST1366,Courtney Rodriguez,courtney.rodriguez99@hotmail.com,West,United States,Electronics,Bluetooth Speaker,1.0,65.5,0.0,20.79,Debit Card,Delivered,2023-02-06,False
ORD-11417,2024-02-04,CUST1243,Brandon Bailey Md,brandon.md37@outlook.com,South,United States,Toys,Action Figure,3.0,22.24,0.2,3.71,Debit Card,Pending,2024-09-06,True
ORD-10338,2023-07-30,CUST1630,Rhonda Chavez,rhonda.chavez7@gmail.com,West,Canada,Apparel,Denim Jacket,1.0,38.26,0.0,1.62,Credit Card,Shipped,2023-05-04,False
ORD-10695,2023-08-14,CUST1188,Madison Poole,madison.poole31@outlook.com,East,Canada,Home & Kitchen,Non-Stick Pan Set,4.0,56.07,0.15,12.78,Gift Card,Cancelled,2021-07-23,False
ORD-12623,2023-11-16,CUST1021,Patty Perez,patty.perez59@gmail.com,South,Canada,Apparel,Running Shoes,1.0,74.35,0.1,0.33,Credit Card,Shipped,2022-06-24,False
ORD-11746,2024-07-17,CUST1601,Jennifer Simpson Dvm,jennifer.dvm45@hotmail.com,West,United States,Home & Kitchen,Coffee Maker,6.0,137.74,0.1,7.52,Gift Card,Delivered,2022-06-01,False
ORD-11831,2023-10-12,CUST1450,Brittany Kim,brittany.kim16@yahoo.com,South,United States,Home & Kitchen,LED Desk Lamp,4.0,18.8,0.0,19.08,Debit Card,Pending,2022-09-18,False
ORD-10148,2023-02-11,CUST1726,Christian Dawson,christian.dawson67@outlook.com,West,Canada,Apparel,Wool Sweater,4.0,88.63,0.2,23.94,Credit Card,Cancelled,2023-03-06,True
ORD-11146,2024-06-21,CUST1475,Julie Dominguez,julie.dominguez1@hotmail.com,South,Mexico,Beauty,Lipstick,5.0,16.86,0.2,11.1,Debit Card,Shipped,2022-02-19,False
ORD-10268,2023-01-17,CUST1659,Lori Simmons,lori.simmons92@outlook.com,North,Mexico,Apparel,Denim Jacket,6.0,20.24,0.0,3.94,Debit Card,Shipped,2023-07-16,True
ORD-13134,2023-03-25,CUST1509,Michelle Ho,michelle.ho9@hotmail.com,East,Canada,Home & Kitchen,Air Fryer,2.0,141.54,0.0,9.89,Gift Card,Shipped,2022-02-08,False
ORD-10039,2024-12-03,CUST1630,Rhonda Chavez,rhonda.chavez7@gmail.com,West,Canada,Home & Kitchen,LED Desk Lamp,3.0,174.17,0.15,10.97,Credit Card,Delivered,2023-05-04,False
ORD-10641,2024-03-19,CUST1684,James Whitaker,james.whitaker33@gmail.com,South,Canada,Beauty,Shampoo Set,1.0,16.54,0.2,18.84,Gift Card,Pending,2022-11-08,False
ORD-10007,,CUST1264,Yvonne Burns,,Central,United States,Apparel,Running Shoes,6.0,65.72,0.05,12.13,Gift Card,Pending,2023-05-10,False
ORD-11029,2024-08-06,CUST1538,Emma Owens,emma.owens50@outlook.com,East,Canada,Toys,RC Car,4.0,44.04,0.0,15.16,Debit Card,Delivered,2022-01-04,False
ORD-10269,2023-06-16,CUST1185,Hannah Patterson,dr..patterson15@gmail.com,South,United States,Home & Kitchen,Air Fryer,2.0,161.66,0.1,0.37,Debit Card,Pending,2022-04-26,False
ORD-12912,2023-11-19,CUST1644,Edwin Nunez,edwin.nunez22@gmail.com,North,United States,Apparel,Baseball Cap,1.0,47.97,0.25,19.72,Gift Card,Pending,2021-09-29,False
ORD-10401,2023-03-09,CUST1753,Jennifer Porter,jennifer.porter40@outlook.com,South,Mexico,Electronics,Wireless Earbuds,6.0,102.1,0.2,19.51,Credit Card,Pending,2023-03-27,True
ORD-11583,2024-10-28,CUST1174,Nicole Herring,nicole.herring30@outlook.com,South,Canada,Apparel,Cotton T-Shirt,2.0,60.35,0.0,5.16,Debit Card,Cancelled,2022-03-25,False
ORD-11534,2023-04-16,CUST1233,Laura Roberts,laura.roberts73@outlook.com,South,United States,Sports & Outdoors,Hiking Backpack,1.0,30.1,0.0,1.6,Credit Card,Pending,2024-08-07,True
ORD-13086,2023-11-26,CUST1492,William Gould,william@gmail.com,North,Canada,Electronics,Wireless Earbuds,2.0,203.62,0.2,5.99,Credit Card,Delivered,2022-06-21,False
ORD-10468,2023-03-13,CUST1226,Kirk Carter,kirk.carter3@outlook.com,West,Mexico,Toys,Building Blocks Set,2.0,39.65,0.0,11.1,Debit Card,Delivered,2021-12-18,False
ORD-11786,2024-07-14,CUST1440,Jeremy Mitchell,jeremy.mitchell58@outlook.com,North,Mexico,Toys,RC Car,2.0,57.84,0.25,1.69,Credit Card,Delivered,2021-05-18,False
ORD-11628,2024-12-07,CUST1660,William David Dds,william.dds44@outlook.com,Central,Canada,Beauty,Lipstick,3.0,31.83,0.0,14.13,Credit Card,Pending,2024-07-21,False
ORD-12064,2023-04-09,CUST1308,Kiara Mcintyre,kiara.mcintyre78@yahoo.com,East,Mexico,Beauty,Lipstick,5.0,15.56,0.2,16.29,Debit Card,Delivered,2022-10-03,False
ORD-11323,2024-03-15,CUST1284,Stephanie Williams,stephanie.williams5@yahoo.com,East,United States,Toys,Building Blocks Set,2.0,8.09,0.0,17.36,Gift Card,Pending,2021-05-18,False
ORD-10203,2024-07-13,CUST1512,Allison Spencer,allison.spencer70@yahoo.com,West,Canada,Toys,Building Blocks Set,6.0,41.92,0.0,20.14,Credit Card,Delivered,2021-11-05,False
ORD-12938,2024-10-27,CUST1428,Robin Santiago,robin.santiago4@hotmail.com,East,Mexico,Home & Kitchen,Throw Blanket,1.0,40.71,0.15,22.56,Paypal,Shipped,2022-03-06,False
ORD-10156,2024-03-20,CUST1770,Jesse Clark,jesse.clark29@yahoo.com,East,Canada,Apparel,Denim Jacket,2.0,24.09,0.1,1.8,Debit Card,Pending,2022-10-09,False
ORD-12578,2023-12-28,CUST1736,Charles Turner,charles.turner19@gmail.com,South,Canada,Sports & Outdoors,Resistance Bands,6.0,136.67,0.2,14.88,Gift Card,Pending,2021-07-12,False
ORD-11036,2024-07-26,CUST1076,Angela Lopez,angela.lopez95@yahoo.com,East,Canada,Home & Kitchen,Non-Stick Pan Set,5.0,59.05,0.2,24.19,Debit Card,Cancelled,2024-09-11,True
ORD-12454,2023-02-14,CUST1644,Edwin Nunez,edwin.nunez22@gmail.com,North,United States,Home & Kitchen,LED Desk Lamp,5.0,92.74,0.0,2.61,Paypal,Shipped,2021-09-29,False
ORD-11507,2023-06-24,CUST1421,Maria Jones,maria.jones10@outlook.com,West,Canada,Electronics,Smartwatch,3.0,109.64,0.2,2.84,Paypal,Returned,2022-05-31,False
ORD-10307,2023-03-09,CUST1370,Allison Hickman,allison.hickman20@outlook.com,North,Canada,Home & Kitchen,Non-Stick Pan Set,2.0,66.72,0.15,21.16,Gift Card,Pending,2022-01-22,False
ORD-10493,2024-10-14,CUST1524,Krista Martinez,krista.martinez42@yahoo.com,South,United States,Apparel,Baseball Cap,4.0,77.37,0.0,12.225000000000001,Credit Card,Cancelled,2021-07-06,False
ORD-12909,2023-08-08,CUST1743,Valerie Taylor,valerie.taylor79@gmail.com,North,Canada,Sports & Outdoors,Resistance Bands,1.0,54.88,0.0,8.34,Paypal,Returned,2023-12-25,True
ORD-10322,2024-05-21,CUST1785,Laurie Bailey,laurie.bailey17@yahoo.com,East,United States,Electronics,Smartwatch,1.0,223.5,0.1,13.51,Debit Card,Cancelled,2021-07-24,False
ORD-12505,2023-07-14,CUST1100,Sandra Aguilar,sandra.aguilar60@outlook.com,Central,Canada,Beauty,Face Moisturizer,6.0,59.46,0.05,11.93,Debit Card,Pending,2023-01-26,False
ORD-11859,2024-09-27,CUST1614,Elizabeth Sharp,elizabeth.sharp60@gmail.com,Central,Canada,Apparel,Wool Sweater,1.0,32.86,0.15,1.96,Credit Card,Shipped,2023-08-22,False
ORD-12968,2024-01-10,CUST1082,Michael Evans,michael.evans7@yahoo.com,South,United States,Home & Kitchen,Throw Blanket,5.0,28.04,0.2,12.225000000000001,Credit Card,Returned,2021-09-06,False
ORD-12211,2024-04-03,CUST1065,Amber Kidd,amber.kidd9@outlook.com,Central,United States,Electronics,Smartwatch,3.0,68.6421,0.2,13.95,Gift Card,Returned,2022-12-21,False
ORD-12218,2023-07-04,CUST1484,Jasmine Beltran,jasmine.beltran53@hotmail.com,North,United States,Sports & Outdoors,Hiking Backpack,1.0,60.31,0.0,22.33,Paypal,Shipped,2022-03-21,False
ORD-10561,2023-03-24,CUST1638,Maria Fisher,maria.fisher13@outlook.com,West,United States,Home & Kitchen,Air Fryer,2.0,148.04,0.1,7.68,Gift Card,Pending,2024-08-12,True
ORD-12089,2023-09-23,CUST1293,Margaret Coleman,margaret.coleman74@outlook.com,South,Canada,Electronics,Smartwatch,5.0,139.89,0.2,12.45,Paypal,Pending,2023-08-16,False
ORD-12098,2024-09-16,CUST1472,Lori Ingram,lori.ingram64@outlook.com,East,Canada,Sports & Outdoors,Water Bottle,1.0,99.23,0.0,22.65,Paypal,Pending,2022-10-24,False
ORD-10084,,CUST1694,Mary Jensen,mary@gmail.com,Central,Canada,Home & Kitchen,Throw Blanket,4.0,121.62,0.0,22.73,Paypal,Cancelled,2021-07-16,False
ORD-12761,2023-01-11,CUST1765,Laura Griffin,laura.griffin59@hotmail.com,East,United States,Electronics,Bluetooth Speaker,3.0,142.29,0.05,13.57,Debit Card,Delivered,2024-03-23,True
ORD-11391,2023-04-22,CUST1023,Tommy Walter,tommy.walter98@yahoo.com,North,Canada,Beauty,Shampoo Set,2.0,11.54,0.0,22.3,Debit Card,Delivered,2024-01-10,True
ORD-11074,2023-05-13,CUST1693,Jonathan Brooks,jonathan.brooks6@outlook.com,East,Canada,Sports & Outdoors,Water Bottle,5.0,72.13,0.0,4.49,Gift Card,Pending,2024-08-27,True
ORD-10827,2023-01-30,CUST1841,Alexandra Dominguez,alexandra.dominguez15@gmail.com,North,Canada,Home & Kitchen,Air Fryer,6.0,59.02,0.2,1.97,Debit Card,Returned,2023-12-08,True
ORD-10798,2023-07-31,CUST1018,Lisa Jackson,lisa.jackson88@hotmail.com,West,United States,Toys,Board Game,1.0,63.66,0.1,11.97,Credit Card,Shipped,2024-05-06,True
ORD-11587,2023-01-29,CUST1193,Angelica Keith,angelica.keith77@gmail.com,South,Canada,Sports & Outdoors,Water Bottle,2.0,60.27,0.0,8.32,Debit Card,Returned,2022-07-22,False
ORD-12188,2024-09-11,CUST1104,Richard Henson,richard.henson39@gmail.com,East,Canada,Home & Kitchen,Throw Blanket,6.0,74.23,0.2,24.99,Debit Card,Delivered,2024-03-05,False
ORD-10263,2023-07-23,CUST1479,Kaylee Hays,kaylee.hays10@yahoo.com,Central,Mexico,Apparel,Wool Sweater,5.0,74.49,0.0,19.96,Gift Card,Shipped,2024-04-30,True
ORD-10978,2024-10-01,CUST1844,Ashley Edwards,ashley.edwards33@gmail.com,Central,Mexico,Toys,RC Car,2.0,67.48,0.0,8.82,Credit Card,Delivered,2023-01-21,False
ORD-10750,2023-10-25,CUST1557,Gary Wells,gary.wells9@outlook.com,North,Canada,Home & Kitchen,Air Fryer,3.0,148.4,0.05,12.87,Credit Card,Pending,2022-06-10,False
ORD-11888,2024-04-12,CUST1301,Heather Fields,heather@gmail.com,Central,Canada,Toys,Building Blocks Set,5.0,66.59,0.0,24.77,Gift Card,Pending,2024-08-05,True
ORD-12692,2024-06-13,CUST1415,Antonio Garcia,antonio.garcia12@yahoo.com,Central,Canada,Toys,RC Car,2.0,51.25,0.0,14.84,Credit Card,Shipped,2023-06-02,False
ORD-10977,2023-09-08,CUST1462,Riley Bryant,riley.bryant76@outlook.com,West,United States,Apparel,Wool Sweater,1.0,51.54,0.15,14.69,Credit Card,Cancelled,2024-06-03,True
ORD-12206,2024-10-14,CUST1578,Melissa Bishop,melissa.bishop25@yahoo.com,North,Mexico,Electronics,Wireless Earbuds,5.0,66.83,0.25,0.91,Gift Card,Returned,2021-03-29,False
ORD-12612,2024-09-22,CUST1190,Debra Morton,debra.morton59@gmail.com,Central,Canada,Toys,Building Blocks Set,4.0,61.17,0.0,11.99,Debit Card,Shipped,2024-09-19,False
ORD-12590,2024-01-18,CUST1665,Tracy Grant,tracy.grant64@gmail.com,North,Canada,Home & Kitchen,Throw Blanket,3.0,27.12,0.2,9.25,Credit Card,Returned,2023-12-23,False
ORD-13048,2023-06-18,CUST1492,William Gould,william@gmail.com,North,Canada,Toys,RC Car,3.0,40.08,0.1,6.81,Debit Card,Delivered,2022-06-21,False
ORD-11789,,CUST1792,Maria Cooke,maria.cooke78@yahoo.com,Central,United States,Apparel,Running Shoes,1.0,56.57,0.15,21.43,Credit Card,Shipped,2024-03-27,False
ORD-12159,2023-10-22,CUST1270,Jasmin Alvarado,jasmin.alvarado85@gmail.com,East,United States,Apparel,Wool Sweater,5.0,88.44,0.0,3.63,Credit Card,Delivered,2024-04-06,True
ORD-12279,2023-04-12,CUST1362,Bryan Gomez,bryan.gomez66@hotmail.com,North,Canada,Sports & Outdoors,Camping Tent,5.0,64.86,0.0,18.81,Debit Card,Shipped,2023-07-25,True
ORD-10600,2024-08-07,CUST1022,Ethan Adams,ethan.adams81@outlook.com,Central,United States,Electronics,Webcam,4.0,216.98,0.0,1.74,Debit Card,Delivered,2024-08-01,False
ORD-12335,2023-01-17,CUST1188,Madison Poole,madison.poole31@outlook.com,East,Canada,Electronics,Laptop Stand,4.0,74.53,0.25,15.79,Paypal,Shipped,2021-07-23,False
ORD-10779,2024-03-27,CUST1048,Joshua Blair,joshua.blair83@outlook.com,North,Canada,Toys,Board Game,5.0,53.27,0.25,15.67,Gift Card,Pending,2023-07-26,False
ORD-12673,,CUST1323,Brandy Chavez,brandy.chavez20@yahoo.com,East,United States,Apparel,Baseball Cap,6.0,68.9,0.0,23.96,Credit Card,Shipped,2022-11-03,False
ORD-12304,2024-02-07,CUST1637,Randy Cannon,randy.cannon86@hotmail.com,Central,Canada,Sports & Outdoors,Yoga Mat,2.0,29.94,0.0,21.07,Debit Card,Pending,2021-11-02,False
ORD-11974,2024-06-07,CUST1055,Michael Lewis,michael@gmail.com,North,Canada,Sports & Outdoors,Resistance Bands,4.0,148.84,0.0,0.13,Gift Card,Returned,2023-05-18,False
ORD-11898,2023-01-02,CUST1237,David Davis,david.davis50@hotmail.com,North,United States,Apparel,Baseball Cap,2.0,60.85,0.0,21.77,Gift Card,Shipped,2024-04-03,True
ORD-10746,2024-07-15,CUST1240,Andrew Avila,andrew.avila6@yahoo.com,Central,Canada,Beauty,Shampoo Set,6.0,49.48,0.0,15.73,Paypal,Pending,2023-06-16,False
ORD-12336,2023-02-08,CUST1776,Tina Hall,tina.hall85@hotmail.com,Central,Canada,Home & Kitchen,Coffee Maker,1.0,136.51,0.15,4.14,Paypal,Delivered,2024-06-11,True
ORD-12777,2024-08-09,CUST1616,Bryan Parker,bryan.parker39@hotmail.com,South,United States,Home & Kitchen,Non-Stick Pan Set,2.0,149.72,0.0,4.68,Credit Card,Delivered,2021-04-21,False
ORD-12961,2023-03-26,CUST1301,Heather Fields,heather@gmail.com,Central,Canada,Beauty,Shampoo Set,1.0,40.03,0.0,10.99,Debit Card,Pending,2024-08-05,True
ORD-11107,2023-12-10,CUST1063,Donald Wright,donald.wright5@hotmail.com,West,United States,Apparel,Denim Jacket,6.0,77.52,0.0,21.68,Paypal,Returned,2022-04-01,False
ORD-10450,2024-04-17,CUST1016,Holly Wood,holly.wood69@outlook.com,Central,United States,Beauty,Sunscreen SPF50,6.0,26.1,0.0,16.25,Credit Card,Shipped,2024-04-12,False
ORD-10550,2024-02-19,CUST1093,Christina Walters,christina.walters86@hotmail.com,South,Canada,Home & Kitchen,LED Desk Lamp,1.0,176.81,0.0,0.59,Debit Card,Shipped,2021-12-05,False
ORD-11187,2024-06-17,CUST1049,Eric Carney,eric.carney73@gmail.com,South,Canada,Home & Kitchen,Throw Blanket,4.0,77.45,0.15,19.59,Paypal,Returned,2021-05-31,False
ORD-10936,2024-03-12,CUST1577,Raymond Le,raymond.le87@yahoo.com,South,United States,Electronics,Wireless Earbuds,6.0,89.54,0.0,11.18,Debit Card,Pending,2021-09-04,False
ORD-12062,2023-07-26,CUST1590,Laurie Sanchez,laurie.sanchez25@hotmail.com,West,Canada,Electronics,Webcam,1.0,65.46,0.05,23.83,Debit Card,Cancelled,2022-03-09,False
ORD-11247,2024-11-02,CUST1626,Amy Kelley,amy.kelley63@outlook.com,West,Canada,Electronics,Webcam,2.0,208.99,0.1,12.15,Debit Card,Delivered,2022-01-21,False
ORD-12433,2023-10-06,CUST1022,Ethan Adams,ethan.adams81@outlook.com,Central,United States,Sports & Outdoors,Resistance Bands,2.0,93.1,0.05,16.45,Paypal,Delivered,2024-08-01,True
ORD-11557,2024-10-31,CUST1723,Todd Reynolds,todd.reynolds79@yahoo.com,West,United States,Sports & Outdoors,Water Bottle,2.0,137.05,0.05,5.57,Paypal,Cancelled,2023-11-19,False
ORD-10143,2024-11-25,CUST1769,Todd Thomas,todd.thomas62@gmail.com,West,Mexico,Sports & Outdoors,Water Bottle,6.0,27.69,0.0,16.96,Gift Card,Pending,2022-06-13,False
ORD-11680,2023-10-12,CUST1818,Michael Poole,,North,United States,Sports & Outdoors,Camping Tent,6.0,136.24,0.0,23.09,Paypal,Delivered,2021-07-04,False
ORD-10915,2024-01-24,CUST1723,Todd Reynolds,todd.reynolds79@yahoo.com,West,United States,Electronics,USB-C Cable,1.0,231.01,0.0,6.74,Paypal,Cancelled,2023-11-19,False
ORD-12676,2023-01-15,CUST1779,Kevin Price,,Central,Canada,Electronics,Webcam,1.0,211.4,0.1,8.73,Debit Card,Pending,2023-05-17,True
ORD-12311,2024-12-22,CUST1237,David Davis,david.davis50@hotmail.com,North,United States,Toys,Puzzle 1000PC,5.0,30.08,0.1,4.14,Gift Card,Pending,2024-04-03,False
ORD-12272,2023-02-08,CUST1022,Ethan Adams,ethan.adams81@outlook.com,Central,United States,Apparel,Running Shoes,4.0,64.47,0.2,2.02,Debit Card,Cancelled,2024-08-01,True
ORD-12035,2024-11-12,CUST1603,Keith Rodriguez,keith.rodriguez48@outlook.com,North,United States,Home & Kitchen,Non-Stick Pan Set,3.0,112.4,0.0,12.19,Gift Card,Returned,2022-09-04,False
ORD-12678,2023-07-12,CUST1149,Stephanie Manning,stephanie.manning38@outlook.com,West,United States,Apparel,Denim Jacket,4.0,29.55,0.0,5.04,Gift Card,Delivered,2023-05-01,False
ORD-10664,2023-10-12,CUST1144,Amber Wright,amber.wright25@outlook.com,West,Canada,Apparel,Cotton T-Shirt,1.0,21.19,0.0,5.59,Credit Card,Cancelled,2024-06-29,True
ORD-12196,,CUST1059,John Daniel,john.daniel6@outlook.com,East,United States,Apparel,Wool Sweater,2.0,28.14,0.0,14.0,Gift Card,Cancelled,2023-01-17,False
ORD-12550,2023-02-18,CUST1514,Angelica Parker,angelica.parker14@yahoo.com,West,United States,Beauty,Shampoo Set,2.0,5.02,0.15,21.95,Credit Card,Cancelled,2023-12-22,True
ORD-11066,2023-05-28,CUST1137,Courtney Gonzalez,courtney.gonzalez12@yahoo.com,North,Mexico,Apparel,Wool Sweater,4.0,65.99,0.0,19.63,Paypal,Delivered,2024-03-24,True
ORD-10208,2024-06-29,CUST1210,Christopher Smith,christopher.smith65@yahoo.com,West,United States,Electronics,Smartwatch,4.0,232.22,0.05,13.83,Paypal,Pending,2021-11-13,False
ORD-10217,2023-08-04,CUST1146,Victoria Larson,,South,Mexico,Electronics,Smartwatch,5.0,58.09,0.15,5.17,Debit Card,Shipped,2024-07-14,True
ORD-10824,2024-08-11,CUST1207,Cathy Robinson,cathy.robinson48@yahoo.com,Central,Canada,Home & Kitchen,Throw Blanket,3.0,66.44,0.05,7.1,Debit Card,Pending,2024-02-14,False
ORD-12622,2024-12-14,CUST1322,Johnathan Davis,johnathan.davis6@gmail.com,East,United States,Apparel,Wool Sweater,6.0,41.809,0.25,0.28,Credit Card,Returned,2021-10-08,False
ORD-12694,2024-06-20,CUST1029,Anthony Rodriguez,anthony.rodriguez9@outlook.com,Central,United States,Home & Kitchen,Throw Blanket,5.0,43.0,0.0,7.62,Debit Card,Shipped,2021-02-13,False
ORD-10176,2024-02-06,CUST1516,William Day,william.day48@hotmail.com,North,Canada,Home & Kitchen,Air Fryer,1.0,118.77,0.0,24.59,Paypal,Cancelled,2021-06-23,False
ORD-13112,2023-01-18,CUST1563,Veronica Silva,veronica.silva91@gmail.com,South,Canada,Beauty,Hair Dryer,6.0,58.57,0.0,13.64,Debit Card,Shipped,2023-06-03,True
ORD-12186,2024-07-02,CUST1758,Heather Woodard,heather.woodard92@gmail.com,West,United States,Home & Kitchen,Throw Blanket,2.0,176.79,0.1,9.57,Paypal,Pending,2021-12-25,False
ORD-10780,2024-11-09,CUST1170,Jamie Walton,jamie.walton89@outlook.com,South,United States,Beauty,Hair Dryer,5.0,18.5,0.15,20.8,Gift Card,Pending,2023-07-25,False
ORD-10472,2023-02-24,CUST1282,Jessica Garcia,jessica.garcia8@gmail.com,East,Canada,Toys,RC Car,2.0,65.45,0.0,6.94,Gift Card,Cancelled,2024-07-29,True
ORD-13019,2023-12-03,CUST1145,Joyce Solis,joyce.solis71@yahoo.com,West,Canada,Beauty,Face Moisturizer,2.0,46.32,0.25,20.01,Debit Card,Pending,2022-08-13,False
ORD-12733,2023-07-14,CUST1752,Michael Fuentes,michael.fuentes72@hotmail.com,Central,Canada,Beauty,Lipstick,4.0,38.3,0.0,12.08,Debit Card,Delivered,2022-02-01,False
ORD-12527,2023-12-06,CUST1696,Joseph Hill,joseph.hill14@yahoo.com,West,Mexico,Home & Kitchen,Coffee Maker,5.0,138.24,0.0,0.24,Paypal,Delivered,2024-01-07,True
ORD-12128,2023-03-29,CUST1419,Jake Campbell,jake.campbell18@outlook.com,West,United States,Sports & Outdoors,Yoga Mat,3.0,28.52,0.0,20.07,Gift Card,Cancelled,2022-09-09,False
ORD-12413,2024-11-16,CUST1426,Jenna Larson,jenna.larson63@yahoo.com,East,United States,Sports & Outdoors,Resistance Bands,2.0,45.38,0.0,3.35,Debit Card,Cancelled,2022-10-30,False
ORD-12435,2023-05-17,CUST1775,Christopher Moore,christopher.moore80@outlook.com,North,Canada,Apparel,Denim Jacket,5.0,22.15,0.2,12.51,Credit Card,Returned,2021-11-16,False
ORD-11823,,CUST1612,Franklin Wright,franklin.wright98@yahoo.com,North,United States,Home & Kitchen,Non-Stick Pan Set,2.0,135.92,0.1,3.27,Gift Card,Cancelled,2022-11-19,False
ORD-11687,2023-12-21,CUST1371,Debra White,debra.white54@gmail.com,North,Canada,Home & Kitchen,Air Fryer,4.0,129.48,0.0,6.96,Gift Card,Pending,2022-05-08,False
ORD-11253,2023-08-25,CUST1665,Tracy Grant,tracy.grant64@gmail.com,North,Canada,Sports & Outdoors,Water Bottle,1.0,61.27,0.15,23.58,Debit Card,Returned,2023-12-23,True
ORD-10804,2024-07-10,CUST1827,Claudia Jordan,claudia.jordan56@outlook.com,East,Canada,Beauty,Hair Dryer,1.0,38.16,0.1,12.69,Gift Card,Pending,2021-01-31,False
ORD-11704,2023-06-18,CUST1834,Bonnie Santos,bonnie.santos38@hotmail.com,South,Canada,Home & Kitchen,Non-Stick Pan Set,2.0,169.3,0.0,3.49,Debit Card,Pending,2022-01-24,False
ORD-10959,2024-06-20,CUST1423,Mary Escobar,mary.escobar80@hotmail.com,East,United States,Electronics,Wireless Earbuds,2.0,104.26,0.0,23.81,Debit Card,Delivered,2022-11-06,False
ORD-10482,2024-04-02,CUST1123,Michelle Harmon,michelle.harmon7@outlook.com,North,United States,Apparel,Running Shoes,3.0,62.64,0.2,12.19,Gift Card,Cancelled,2023-09-06,False
ORD-10332,2023-11-07,CUST1665,Tracy Grant,tracy.grant64@gmail.com,North,Canada,Beauty,Sunscreen SPF50,2.0,42.52,0.0,8.56,Credit Card,Returned,2023-12-23,True
ORD-12515,2023-06-19,CUST1668,Nathaniel Lee,nathaniel.lee65@hotmail.com,South,United States,Beauty,Shampoo Set,4.0,35.96,0.0,12.225000000000001,Credit Card,Pending,2023-05-08,False
ORD-11694,2024-08-13,CUST1103,Christine Wright,christine.wright26@gmail.com,South,Canada,Toys,Puzzle 1000PC,2.0,56.96,0.1,19.11,Credit Card,Delivered,2024-04-27,False
ORD-10610,2024-08-05,CUST1426,Jenna Larson,jenna.larson63@yahoo.com,East,United States,Sports & Outdoors,Hiking Backpack,4.0,86.74,0.2,4.68,Gift Card,Returned,2022-10-30,False
ORD-10228,2024-11-23,CUST1445,Tracy Montoya,tracy.montoya1@yahoo.com,North,Canada,Beauty,Shampoo Set,2.0,25.42,0.1,17.88,Gift Card,Returned,2022-02-26,False
ORD-11402,2023-05-25,CUST1082,Michael Evans,michael.evans7@yahoo.com,South,United States,Beauty,Face Moisturizer,1.0,42.68,0.15,24.33,Credit Card,Shipped,2021-09-06,False
ORD-12232,2024-09-05,CUST1500,Jennifer Banks,jennifer.banks45@outlook.com,South,Mexico,Toys,Puzzle 1000PC,2.0,50.28,0.05,5.14,Gift Card,Cancelled,2021-08-12,False
ORD-12785,2023-12-16,CUST1388,Sandra Drake,sandra@gmail.com,South,United States,Toys,RC Car,6.0,33.08,0.0,10.9,Debit Card,Cancelled,2023-08-20,False
ORD-10277,2024-01-07,CUST1749,Leslie Gardner,,East,United States,Sports & Outdoors,Yoga Mat,3.0,48.62,0.0,20.15,Debit Card,Pending,2024-09-02,True
ORD-12040,2023-10-14,CUST1569,Michael Johnson,michael.johnson11@hotmail.com,West,United States,Toys,Action Figure,5.0,50.81,0.05,14.42,Gift Card,Returned,2021-08-25,False
ORD-11844,2024-07-10,CUST1321,Charles Shah,charles.shah97@yahoo.com,Central,United States,Toys,Board Game,6.0,45.56,0.05,17.74,Paypal,Returned,2022-02-12,False
ORD-13094,2024-09-27,CUST1418,Jeffrey Mills,jeffrey.mills93@yahoo.com,South,Mexico,Sports & Outdoors,Resistance Bands,6.0,111.45,0.0,22.68,Gift Card,Returned,2024-03-17,False
ORD-12696,2023-12-09,CUST1153,Devon Flores,devon.flores62@outlook.com,Central,United States,Home & Kitchen,Coffee Maker,6.0,78.4,0.15,14.83,Credit Card,Cancelled,2022-11-12,False
ORD-11519,2023-04-09,CUST1356,Jesse Perry,jesse.perry29@yahoo.com,West,Mexico,Beauty,Lipstick,1.0,43.63,0.0,20.83,Paypal,Cancelled,2023-09-07,True
ORD-11529,2024-08-26,CUST1344,Kayla Rodriguez,kayla.rodriguez8@gmail.com,South,Canada,Apparel,Cotton T-Shirt,5.0,41.39,0.0,5.25,Gift Card,Shipped,2024-08-28,True
ORD-10451,2024-10-18,CUST1801,Krista Wilson,krista.wilson11@gmail.com,South,Canada,Toys,Building Blocks Set,3.0,64.79,0.25,20.85,Paypal,Delivered,2022-06-22,False
ORD-10741,2024-12-24,CUST1185,Hannah Patterson,dr..patterson15@gmail.com,South,United States,Electronics,Smartwatch,1.0,157.6113,0.1,7.02,Credit Card,Cancelled,2022-04-26,False
ORD-11592,2024-01-26,CUST1385,Chad Scott,chad.scott25@gmail.com,Central,Mexico,Toys,Board Game,1.0,27.4,0.0,6.15,Paypal,Returned,2023-09-08,False
ORD-13044,2024-02-02,CUST1516,William Day,william.day48@hotmail.com,North,Canada,Home & Kitchen,Throw Blanket,2.0,75.03,0.0,12.13,Credit Card,Delivered,2021-06-23,False
ORD-12884,2024-08-06,CUST1466,Jason Beck,jason.beck17@yahoo.com,East,United States,Apparel,Denim Jacket,3.0,47.28,0.25,24.09,Debit Card,Returned,2022-05-27,False
ORD-10199,2023-12-14,CUST1155,Michelle Brown,michelle.brown53@gmail.com,West,Mexico,Toys,Board Game,5.0,19.18,0.1,14.72,Paypal,Delivered,2022-10-14,False
ORD-10782,2023-06-10,CUST1539,David Davis,david.davis36@gmail.com,East,Canada,Beauty,Sunscreen SPF50,4.0,22.51,0.0,13.23,Gift Card,Delivered,2023-08-25,True
ORD-11395,2024-10-16,CUST1160,Paul Castaneda,paul@gmail.com,Central,United States,Electronics,Laptop Stand,2.0,220.26,0.0,12.13,Gift Card,Cancelled,2022-11-04,False
ORD-11246,2024-05-09,CUST1806,Zachary Cole,zachary.cole82@outlook.com,Central,United States,Beauty,Sunscreen SPF50,2.0,16.3,0.05,8.66,Paypal,Pending,2022-12-13,False
ORD-11984,2023-08-07,CUST1550,Kelly Lee,kelly.lee21@hotmail.com,East,United States,Electronics,USB-C Cable,3.0,129.5,0.0,15.52,Debit Card,Delivered,2024-08-02,True
ORD-11827,2023-05-28,CUST1391,Laura Mckinney,laura.mckinney73@yahoo.com,East,United States,Beauty,Sunscreen SPF50,5.0,32.09,0.1,15.82,Paypal,Pending,2023-10-20,True
ORD-12244,2024-07-11,CUST1731,Alexander Gomez,alexander.gomez1@yahoo.com,South,Canada,Sports & Outdoors,Yoga Mat,2.0,101.29,0.05,12.34,Credit Card,Cancelled,2023-06-20,False
ORD-10087,2023-10-27,CUST1210,Christopher Smith,christopher.smith65@yahoo.com,West,United States,Apparel,Running Shoes,4.0,19.84,0.05,17.88,Gift Card,Cancelled,2021-11-13,False
ORD-11925,2024-10-04,CUST1664,Renee Melendez,renee.melendez6@gmail.com,Central,Canada,Apparel,Wool Sweater,4.0,72.14,0.2,22.69,Paypal,Delivered,2023-07-12,False
ORD-11008,2023-10-17,CUST1582,Gregory Peck,gregory.peck54@gmail.com,South,Canada,Home & Kitchen,Air Fryer,2.0,92.05,0.0,2.83,Gift Card,Shipped,2023-04-29,False
ORD-10729,2022-08-03,CUST1523,Sarah King,sarah.king12@yahoo.com,Central,Canada,Beauty,Face Moisturizer,4.0,55.76,0.15,17.81,Debit Card,Pending,2022-09-16,True
ORD-12441,2024-08-15,CUST1231,Susan Serrano,susan.serrano26@yahoo.com,North,United States,Toys,Puzzle 1000PC,3.0,16.44,0.15,3.32,Credit Card,Delivered,2024-05-18,False
ORD-13067,2024-11-12,CUST1478,Curtis Williams,curtis.williams30@hotmail.com,North,Canada,Electronics,Laptop Stand,1.0,158.49,0.05,15.11,Paypal,Cancelled,2024-09-04,False
ORD-10756,2024-04-12,CUST1603,Keith Rodriguez,keith.rodriguez48@outlook.com,North,United States,Sports & Outdoors,Yoga Mat,6.0,21.31,0.15,20.73,Gift Card,Returned,2022-09-04,False
ORD-10807,2024-03-25,CUST1600,Casey Gillespie,casey.gillespie29@outlook.com,East,United States,Home & Kitchen,Air Fryer,3.0,41.76,0.15,10.34,Credit Card,Delivered,2024-05-30,True
ORD-11290,2024-02-29,CUST1831,Richard Stevens,richard.stevens14@yahoo.com,East,Canada,Electronics,Smartwatch,5.0,150.0,0.15,20.54,Credit Card,Pending,2023-09-27,False
ORD-11994,,CUST1293,Margaret Coleman,margaret.coleman74@outlook.com,South,Canada,Beauty,Face Moisturizer,4.0,15.55,0.0,13.42,Debit Card,Pending,2023-08-16,False
ORD-12455,2023-02-07,CUST1172,Joshua Cooke,joshua.cooke90@outlook.com,West,United States,Toys,RC Car,1.0,62.16,0.2,11.19,Debit Card,Returned,2021-02-14,False
ORD-11363,2024-06-03,CUST1305,Kevin Oconnor,kevin.oconnor70@outlook.com,West,United States,Sports & Outdoors,Hiking Backpack,6.0,142.16,0.0,17.89,Debit Card,Delivered,2024-07-08,True
ORD-10213,2024-06-24,CUST1751,Michael Gonzales,michael.gonzales55@outlook.com,West,United States,Home & Kitchen,Coffee Maker,6.0,55.26,0.2,22.01,Paypal,Returned,2024-07-06,True
ORD-12988,2024-01-04,CUST1611,Michael Lopez,michael@gmail.com,East,Mexico,Beauty,Sunscreen SPF50,2.0,29.73,0.2,4.82,Gift Card,Delivered,2021-09-20,False
ORD-11591,2024-02-08,CUST1391,Laura Mckinney,laura.mckinney73@yahoo.com,East,United States,Electronics,Bluetooth Speaker,1.0,38.21,0.0,4.65,Paypal,Shipped,2023-10-20,False
ORD-10326,2024-10-08,CUST1258,Denise Davenport,denise.davenport4@hotmail.com,Central,United States,Beauty,Face Moisturizer,5.0,38.75,0.25,12.55,Gift Card,Shipped,2021-04-20,False
ORD-12711,2024-07-09,CUST1801,Krista Wilson,krista.wilson11@gmail.com,South,Canada,Toys,Board Game,1.0,22.69,0.0,16.09,Paypal,Cancelled,2022-06-22,False
ORD-10717,2024-10-21,CUST1583,Denise Martinez,denise.martinez98@gmail.com,North,United States,Apparel,Baseball Cap,2.0,58.18,0.0,8.09,Gift Card,Pending,2021-08-05,False
ORD-11224,2023-06-06,CUST1146,Victoria Larson,,South,Mexico,Toys,Puzzle 1000PC,2.0,68.0,0.0,22.57,Credit Card,Returned,2024-07-14,True
ORD-11908,2024-06-30,CUST1018,Lisa Jackson,lisa.jackson88@hotmail.com,West,United States,Sports & Outdoors,Hiking Backpack,6.0,96.78,0.0,21.63,Debit Card,Returned,2024-05-06,False
ORD-10844,2023-04-07,CUST1659,Lori Simmons,lori.simmons92@outlook.com,North,Mexico,Home & Kitchen,Air Fryer,6.0,100.97,0.15,12.92,Gift Card,Cancelled,2023-07-16,True
ORD-10965,2024-05-16,CUST1622,Kaitlin Medina,kaitlin.medina97@yahoo.com,North,Mexico,Electronics,Wireless Earbuds,3.0,71.51,0.0,24.82,Credit Card,Delivered,2021-02-06,False
ORD-12170,2023-09-30,CUST1794,Jerry Brown,jerry.brown58@gmail.com,East,United States,Electronics,USB-C Cable,5.0,239.56,0.25,18.23,Paypal,Shipped,2023-02-20,False
ORD-11598,2024-09-22,CUST1362,Bryan Gomez,bryan.gomez66@hotmail.com,North,Canada,Toys,Board Game,1.0,43.455200000000005,0.0,13.55,Paypal,Cancelled,2023-07-25,False
ORD-10011,2024-12-30,CUST1137,Courtney Gonzalez,courtney.gonzalez12@yahoo.com,North,Mexico,Sports & Outdoors,Camping Tent,2.0,12.1,0.0,24.64,Gift Card,Returned,2024-03-24,False
ORD-10309,2023-06-13,CUST1621,Lisa Perry,,East,Canada,Electronics,Webcam,3.0,129.64,0.0,15.46,Credit Card,Cancelled,2023-12-30,True
ORD-11636,2024-03-14,CUST1369,Sabrina Austin,sabrina.austin93@hotmail.com,South,United States,Sports & Outdoors,Hiking Backpack,6.0,41.61,0.05,19.17,Gift Card,Shipped,2023-12-26,False
ORD-10474,2023-01-03,CUST1048,Joshua Blair,joshua.blair83@outlook.com,North,Canada,Apparel,Wool Sweater,6.0,41.83,0.0,22.09,Credit Card,Returned,2023-07-26,True
ORD-11549,2023-12-14,CUST1780,Christine Goodwin,christine.goodwin51@yahoo.com,Central,United States,Electronics,Wireless Earbuds,1.0,151.41,0.0,5.97,Gift Card,Shipped,2023-07-26,False
ORD-11648,2023-01-24,CUST1730,Jerry Peters,jerry.peters29@hotmail.com,West,United States,Home & Kitchen,Non-Stick Pan Set,1.0,18.61,0.25,12.83,Debit Card,Delivered,2022-12-24,False
ORD-11720,2024-10-21,CUST1125,Erin Edwards,erin@gmail.com,Central,United States,Beauty,Shampoo Set,4.0,12.06,0.05,24.25,Paypal,Shipped,2022-05-24,False
ORD-10097,2023-04-28,CUST1504,Katherine Martinez,katherine.martinez14@gmail.com,Central,Canada,Electronics,Wireless Earbuds,5.0,113.72,0.0,11.15,Debit Card,Returned,2022-04-13,False
ORD-12628,2023-05-31,CUST1502,Justin Green Iii,mr..iii34@gmail.com,Central,United States,Electronics,Smartwatch,1.0,150.97,0.05,8.93,Credit Card,Returned,2023-10-14,True
ORD-11093,2024-11-20,CUST1213,Katherine Salas,katherine.salas90@outlook.com,North,United States,Beauty,Face Moisturizer,5.0,5.14,0.2,19.54,Paypal,Pending,2022-11-27,False
ORD-10796,2024-03-01,CUST1350,Ana Hill,ana.hill97@yahoo.com,West,United States,Toys,RC Car,2.0,13.48,0.1,15.67,Debit Card,Cancelled,2021-12-26,False
ORD-12407,2024-02-27,CUST1229,Lori Guerrero,lori.guerrero22@gmail.com,North,Canada,Home & Kitchen,Coffee Maker,5.0,45.71,0.0,12.16,Gift Card,Shipped,2023-11-12,False
ORD-12894,2024-05-04,CUST1102,Rebecca Valencia,,West,United States,Electronics,Webcam,6.0,80.89,0.2,2.01,Paypal,Delivered,2022-10-01,False
ORD-11712,2024-10-25,CUST1748,Jenna Wilson,jenna.wilson91@gmail.com,North,Canada,Home & Kitchen,Non-Stick Pan Set,4.0,26.45,0.1,1.04,Paypal,Pending,2024-03-29,False
ORD-10705,2024-07-15,CUST1833,Tyler Harris,tyler.harris46@yahoo.com,West,Mexico,Electronics,Laptop Stand,6.0,98.42,0.0,20.28,Credit Card,Returned,2022-05-29,False
ORD-10239,2023-11-04,CUST1029,Anthony Rodriguez,anthony.rodriguez9@outlook.com,Central,United States,Beauty,Shampoo Set,4.0,48.61,0.0,22.07,Paypal,Delivered,2021-02-13,False
ORD-12180,2023-11-26,CUST1385,Chad Scott,chad.scott25@gmail.com,Central,Mexico,Beauty,Hair Dryer,2.0,42.36,0.15,18.82,Credit Card,Delivered,2023-09-08,False
ORD-11526,2024-03-20,CUST1102,Rebecca Valencia,,West,United States,Sports & Outdoors,Resistance Bands,6.0,43.74,0.0,12.45,Paypal,Delivered,2022-10-01,False
ORD-11314,2024-04-23,CUST1209,Brian Lee,,East,United States,Toys,Building Blocks Set,6.0,65.84,0.25,12.69,Gift Card,Delivered,2022-08-13,False
ORD-12653,2024-06-04,CUST1761,Amanda Terrell,amanda.terrell22@gmail.com,North,United States,Beauty,Sunscreen SPF50,2.0,55.79,0.0,10.63,Debit Card,Cancelled,2023-01-07,False
ORD-11849,2023-09-27,CUST1458,Aaron Miller,aaron.miller59@hotmail.com,North,Canada,Sports & Outdoors,Camping Tent,5.0,23.6,0.0,23.55,Credit Card,Pending,2024-01-31,True
ORD-12744,2024-08-04,CUST1127,Jason Powell,jason.powell76@hotmail.com,Central,Canada,Beauty,Hair Dryer,4.0,35.6188,0.15,1.66,Debit Card,Cancelled,2022-09-18,False
ORD-11916,2023-03-17,CUST1674,Zachary Mendoza,zachary.mendoza4@hotmail.com,North,United States,Toys,RC Car,2.0,10.28,0.2,6.65,Credit Card,Pending,2021-10-25,False
ORD-13031,2024-11-24,CUST1557,Gary Wells,gary.wells9@outlook.com,North,Canada,Apparel,Running Shoes,5.0,70.07,0.0,0.91,Paypal,Shipped,2022-06-10,False
ORD-11884,2024-12-04,CUST1170,Jamie Walton,jamie.walton89@outlook.com,South,United States,Home & Kitchen,Non-Stick Pan Set,4.0,169.61,0.0,3.74,Gift Card,Pending,2023-07-25,False
ORD-11543,2024-03-17,CUST1365,Kenneth Lewis,kenneth.lewis9@hotmail.com,West,United States,Beauty,Shampoo Set,5.0,30.68,0.0,7.14,Debit Card,Cancelled,2021-06-03,False
ORD-12243,2024-12-10,CUST1485,Jonathan Glass Md,jonathan.md76@hotmail.com,East,United States,Toys,Building Blocks Set,1.0,48.4,0.15,10.38,Credit Card,Shipped,2022-12-21,False
ORD-12359,2024-07-10,CUST1324,Natalie Bautista,natalie.bautista79@outlook.com,Central,Canada,Sports & Outdoors,Water Bottle,5.0,66.86,0.0,12.13,Paypal,Shipped,2024-04-30,False
ORD-12157,2024-07-26,CUST1748,Jenna Wilson,jenna.wilson91@gmail.com,North,Canada,Sports & Outdoors,Yoga Mat,6.0,105.78,0.0,10.7,Debit Card,Returned,2024-03-29,False
ORD-11747,2024-08-21,CUST1487,Samantha Gardner,samantha.gardner37@gmail.com,South,Canada,Electronics,USB-C Cable,6.0,146.4,0.0,22.44,Debit Card,Shipped,2024-10-09,True
ORD-11289,2023-07-29,CUST1449,Phillip Nelson,phillip.nelson87@outlook.com,North,Mexico,Beauty,Lipstick,3.0,29.04,0.1,18.88,Debit Card,Delivered,2024-06-12,True
ORD-10343,,CUST1305,Kevin Oconnor,kevin.oconnor70@outlook.com,West,United States,Electronics,USB-C Cable,4.0,198.27,0.0,10.98,Gift Card,Pending,2024-07-08,False
ORD-10624,2024-04-16,CUST1268,Cynthia Rowe,cynthia.rowe9@gmail.com,North,Mexico,Apparel,Baseball Cap,4.0,24.93,0.2,16.54,Paypal,Shipped,2023-03-11,False
ORD-10579,2023-09-17,CUST1189,Jessica Gross,jessica.gross83@outlook.com,East,United States,Sports & Outdoors,Hiking Backpack,6.0,138.22,0.15,22.02,Paypal,Shipped,2021-05-05,False
ORD-11939,2024-12-07,CUST1073,Lauren Daniels,lauren.daniels54@hotmail.com,Central,United States,Apparel,Cotton T-Shirt,1.0,23.25,0.25,17.74,Credit Card,Cancelled,2021-12-23,False
ORD-12308,2024-04-11,CUST1472,Lori Ingram,lori.ingram64@outlook.com,East,Canada,Toys,Action Figure,4.0,37.17,0.15,12.69,Gift Card,Delivered,2022-10-24,False
ORD-11087,2023-05-19,CUST1274,Joyce Bowen,joyce.bowen41@outlook.com,Central,United States,Sports & Outdoors,Hiking Backpack,2.0,132.7321,0.1,12.13,Debit Card,Shipped,2023-11-22,True
ORD-10533,2024-06-16,CUST1336,Daniel Kane,daniel.kane93@outlook.com,Central,Mexico,Apparel,Cotton T-Shirt,2.0,56.7,0.25,11.3,Credit Card,Delivered,2022-08-13,False
ORD-12552,2023-09-26,CUST1132,Mary Marshall,mary.marshall34@yahoo.com,Central,United States,Sports & Outdoors,Hiking Backpack,2.0,74.15,0.0,19.04,Credit Card,Cancelled,2023-05-21,False
ORD-10903,2024-01-10,CUST1293,Margaret Coleman,margaret.coleman74@outlook.com,South,Canada,Toys,RC Car,1.0,68.54,0.0,15.26,Debit Card,Returned,2023-08-16,False
ORD-13080,2024-01-10,CUST1458,Aaron Miller,aaron.miller59@hotmail.com,North,Canada,Toys,Board Game,3.0,12.68,0.2,16.83,Credit Card,Shipped,2024-01-31,True
ORD-12640,2023-08-25,CUST1773,Samuel Wong,samuel.wong74@outlook.com,South,United States,Beauty,Hair Dryer,2.0,22.92,0.0,17.77,Gift Card,Pending,2022-01-10,False
ORD-11109,2023-12-16,CUST1235,Kathryn Snyder,kathryn.snyder46@gmail.com,West,Canada,Beauty,Hair Dryer,4.0,28.05,0.05,2.18,Credit Card,Returned,2022-09-28,False
ORD-11632,2023-12-24,CUST1601,Jennifer Simpson Dvm,jennifer.dvm45@hotmail.com,West,United States,Toys,Building Blocks Set,4.0,11.95,0.25,1.6,Debit Card,Pending,2022-06-01,False
ORD-11659,2024-09-13,CUST1582,Gregory Peck,gregory.peck54@gmail.com,South,Canada,Beauty,Hair Dryer,1.0,26.38,0.05,2.28,Paypal,Pending,2023-04-29,False
ORD-10900,,CUST1557,Gary Wells,gary.wells9@outlook.com,North,Canada,Apparel,Running Shoes,6.0,57.43,0.0,3.22,Credit Card,Cancelled,2022-06-10,False
ORD-10762,2023-03-09,CUST1627,Laura Hernandez,laura.hernandez94@yahoo.com,North,Canada,Beauty,Shampoo Set,4.0,6.51,0.0,6.63,Debit Card,Pending,2022-03-09,False
ORD-10206,2024-02-12,CUST1250,Isaiah Avila,isaiah.avila5@outlook.com,Central,United States,Home & Kitchen,Throw Blanket,5.0,163.11,0.25,7.97,Credit Card,Returned,2024-06-19,True
ORD-10813,2024-07-17,CUST1570,Ashley Smith,ashley.smith85@outlook.com,Central,United States,Electronics,Wireless Earbuds,1.0,72.6,0.15,24.11,Debit Card,Shipped,2021-07-06,False
ORD-10545,2023-01-15,CUST1305,Kevin Oconnor,kevin.oconnor70@outlook.com,West,United States,Apparel,Cotton T-Shirt,2.0,47.225,0.0,11.22,Debit Card,Cancelled,2024-07-08,True
ORD-10685,2023-11-22,CUST1454,Alfred Galvan,,West,United States,Sports & Outdoors,Water Bottle,4.0,40.79,0.0,9.94,Paypal,Pending,2023-01-06,False
ORD-12281,2023-07-14,CUST1352,Kerry Chavez Dds,kerry.dds32@gmail.com,South,United States,Beauty,Face Moisturizer,4.0,40.77,0.0,12.81,Gift Card,Pending,2022-06-19,False
ORD-11400,2024-01-09,CUST1338,Scott Thomas,scott.thomas11@outlook.com,East,Mexico,Sports & Outdoors,Water Bottle,1.0,117.55,0.25,15.65,Gift Card,Returned,2023-06-25,False
ORD-10588,2024-04-23,CUST1632,Robert Cummings,robert.cummings13@outlook.com,South,United States,Home & Kitchen,LED Desk Lamp,3.0,144.42,0.2,19.71,Credit Card,Returned,2024-06-29,True
ORD-12339,2023-11-01,CUST1814,Scott Duke,scott.duke9@yahoo.com,North,Mexico,Sports & Outdoors,Camping Tent,3.0,38.3,0.25,0.3,Paypal,Cancelled,2021-07-10,False
ORD-12887,2023-09-10,CUST1361,Laurie Hoffman,laurie.hoffman27@hotmail.com,West,Canada,Home & Kitchen,Throw Blanket,3.0,120.31,0.1,20.89,Paypal,Delivered,2021-07-06,False
ORD-12948,2023-06-15,CUST1770,Jesse Clark,jesse.clark29@yahoo.com,East,Canada,Home & Kitchen,Throw Blanket,6.0,79.28,0.2,12.69,Credit Card,Shipped,2022-10-09,False
ORD-12964,2024-09-26,CUST1065,Amber Kidd,amber.kidd9@outlook.com,Central,United States,Sports & Outdoors,Water Bottle,5.0,102.21,0.2,15.44,Gift Card,Pending,2022-12-21,False
ORD-12444,2024-06-20,CUST1023,Tommy Walter,tommy.walter98@yahoo.com,North,Canada,Toys,Puzzle 1000PC,2.0,21.15,0.15,17.33,Paypal,Pending,2024-01-10,False
ORD-12343,,CUST1712,Timothy Edwards,timothy.edwards25@outlook.com,East,Canada,Electronics,Wireless Earbuds,3.0,44.75,0.25,15.68,Credit Card,Shipped,2023-09-23,False
ORD-11745,2023-09-22,CUST1488,Bobby Guerrero,bobby.guerrero25@hotmail.com,North,United States,Home & Kitchen,Non-Stick Pan Set,3.0,90.61,0.0,6.7,Paypal,Returned,2022-08-29,False
ORD-11677,2021-09-23,CUST1177,Michael Wang,michael.wang23@yahoo.com,East,Canada,Toys,Action Figure,6.0,69.37,0.1,12.69,Paypal,Pending,2021-09-28,True
ORD-11436,2024-12-07,CUST1245,Donna Landry,donna.landry90@hotmail.com,North,United States,Beauty,Face Moisturizer,3.0,9.32,0.0,12.19,Debit Card,Pending,2021-09-22,False
ORD-11971,2024-03-06,CUST1608,Rachel Bradley,rachel.bradley95@gmail.com,Central,United States,Apparel,Baseball Cap,5.0,48.13,0.2,15.38,Debit Card,Returned,2024-04-09,True
ORD-10235,2023-03-30,CUST1349,Theodore Jones Jr.,theodore.jr.59@outlook.com,East,United States,Apparel,Denim Jacket,6.0,60.13,0.0,23.57,Debit Card,Cancelled,2022-01-17,False
ORD-12223,2024-02-19,CUST1132,Mary Marshall,mary.marshall34@yahoo.com,Central,United States,Home & Kitchen,Throw Blanket,5.0,21.15,0.0,16.98,Paypal,Delivered,2023-05-21,False
ORD-11079,2023-06-19,CUST1378,Anthony Moore,anthony.moore49@yahoo.com,South,United States,Apparel,Running Shoes,6.0,61.02,0.15,19.28,Paypal,Pending,2024-01-07,True
ORD-10111,2024-08-08,CUST1223,Theresa Clark,theresa.clark69@yahoo.com,East,Canada,Apparel,Running Shoes,4.0,38.13,0.15,4.49,Debit Card,Delivered,2023-10-22,False
ORD-11928,2024-03-08,CUST1469,Jeanette Harrison,jeanette.harrison36@outlook.com,East,Canada,Electronics,Bluetooth Speaker,3.0,141.755,0.15,12.19,Credit Card,Delivered,2023-07-21,False
ORD-12953,2023-06-13,CUST1656,Eric Thomas,eric.thomas5@gmail.com,Central,Mexico,Apparel,Baseball Cap,2.0,21.54,0.25,12.13,Debit Card,Returned,2021-07-06,False
ORD-10321,2024-10-27,CUST1706,Adam Jackson,adam.jackson1@hotmail.com,North,United States,Beauty,Shampoo Set,3.0,25.2,0.0,3.64,Paypal,Cancelled,2024-01-06,False
ORD-13090,2023-02-17,CUST1770,Jesse Clark,jesse.clark29@yahoo.com,East,Canada,Apparel,Baseball Cap,5.0,79.94,0.05,16.76,Gift Card,Delivered,2022-10-09,False
ORD-12307,2024-02-25,CUST1180,Alexander Collins,alexander.collins51@outlook.com,North,United States,Beauty,Shampoo Set,5.0,45.4,0.2,3.79,Credit Card,Cancelled,2021-07-04,False
ORD-10712,2023-11-24,CUST1682,Dean Donovan,dean.donovan10@yahoo.com,Central,Canada,Home & Kitchen,Coffee Maker,2.0,172.47,0.1,17.82,Debit Card,Delivered,2021-12-22,False
ORD-10845,2024-04-24,CUST1054,Shannon Jones,shannon.jones27@outlook.com,East,Canada,Toys,Puzzle 1000PC,1.0,10.29,0.0,17.59,Gift Card,Delivered,2023-11-02,False
ORD-10722,2023-02-08,CUST1389,Scott Williams,scott.williams6@yahoo.com,East,Canada,Apparel,Running Shoes,5.0,32.45,0.15,19.66,Debit Card,Returned,2021-10-26,False
ORD-12328,2024-12-02,CUST1556,Kathryn Williams,kathryn.williams12@outlook.com,East,United States,Home & Kitchen,Throw Blanket,6.0,120.52,0.0,12.69,Credit Card,Cancelled,2023-07-04,False
ORD-12987,2023-09-21,CUST1373,Sergio Knight,sergio.knight70@yahoo.com,Central,United States,Beauty,Face Moisturizer,1.0,11.89,0.05,9.21,Debit Card,Pending,2021-04-26,False
ORD-11634,2024-09-19,CUST1540,James Gilbert,james.gilbert21@gmail.com,South,United States,Electronics,Bluetooth Speaker,4.0,145.03,0.15,11.43,Gift Card,Returned,2022-05-23,False
ORD-11993,2024-11-06,CUST1471,Richard Cooper,richard.cooper46@gmail.com,South,United States,Home & Kitchen,Coffee Maker,1.0,79.85,0.0,2.77,Paypal,Cancelled,2023-12-31,False
ORD-10241,2024-09-15,CUST1758,Heather Woodard,heather.woodard92@gmail.com,West,United States,Beauty,Hair Dryer,1.0,32.5,0.2,7.78,Gift Card,Returned,2021-12-25,False
ORD-10852,2024-04-22,CUST1541,Sean Moore,sean.moore95@gmail.com,West,United States,Home & Kitchen,Air Fryer,1.0,26.85,0.2,3.04,Gift Card,Cancelled,2022-03-26,False
ORD-12135,2024-05-26,CUST1178,Lawrence Adkins,lawrence.adkins35@yahoo.com,East,Mexico,Home & Kitchen,Coffee Maker,1.0,111.12,0.0,9.29,Paypal,Pending,2022-06-11,False
ORD-11330,2024-08-17,CUST1076,Angela Lopez,angela.lopez95@yahoo.com,East,Canada,Home & Kitchen,Non-Stick Pan Set,2.0,142.05,0.2,22.17,Credit Card,Cancelled,2024-09-11,True
ORD-11956,2023-11-01,CUST1557,Gary Wells,gary.wells9@outlook.com,North,Canada,Sports & Outdoors,Resistance Bands,6.0,47.92,0.0,11.56,Paypal,Delivered,2022-06-10,False
ORD-10294,2024-03-24,CUST1069,William Baker,william.baker25@outlook.com,West,Canada,Toys,RC Car,4.0,23.55,0.2,23.67,Credit Card,Cancelled,2021-04-01,False
ORD-10017,2023-03-31,CUST1747,Dana Bennett,dana.bennett11@outlook.com,West,United States,Sports & Outdoors,Water Bottle,4.0,28.16,0.1,24.48,Credit Card,Delivered,2024-05-10,True
ORD-10546,2024-02-29,CUST1343,Nichole Alvarez,nichole.alvarez61@hotmail.com,East,United States,Sports & Outdoors,Yoga Mat,5.0,18.39,0.0,15.38,Credit Card,Delivered,2024-08-25,True
ORD-10788,2023-11-23,CUST1450,Brittany Kim,brittany.kim16@yahoo.com,South,United States,Home & Kitchen,LED Desk Lamp,6.0,49.69,0.0,14.09,Debit Card,Delivered,2022-09-18,False
ORD-12224,2024-05-10,CUST1482,Evelyn Martinez,evelyn.martinez39@yahoo.com,South,Canada,Beauty,Sunscreen SPF50,2.0,15.37,0.2,13.89,Credit Card,Pending,2023-02-23,False
ORD-10432,2024-07-27,CUST1810,Carol Taylor,carol.taylor38@yahoo.com,East,United States,Beauty,Face Moisturizer,1.0,54.76,0.0,16.06,Debit Card,Returned,2021-01-15,False
ORD-12047,2024-05-11,CUST1144,Amber Wright,amber.wright25@outlook.com,West,Canada,Sports & Outdoors,Resistance Bands,6.0,21.14,0.0,1.86,Debit Card,Delivered,2024-06-29,True
ORD-10253,2024-12-11,CUST1215,Anthony Everett,anthony.everett28@hotmail.com,East,United States,Home & Kitchen,Non-Stick Pan Set,5.0,89.31,0.0,9.07,Paypal,Cancelled,2023-05-10,False
ORD-12798,2024-05-29,CUST1281,Tammie Bright,tammie.bright94@outlook.com,East,Mexico,Apparel,Cotton T-Shirt,5.0,63.57,0.0,12.08,Gift Card,Returned,2024-06-13,True
ORD-12669,2024-10-31,CUST1194,John Bishop,john.bishop23@gmail.com,South,Canada,Electronics,Laptop Stand,6.0,185.3,0.2,3.4,Debit Card,Shipped,2024-09-15,False
ORD-11044,2024-05-10,CUST1710,Anthony Jones,anthony.jones33@gmail.com,Central,United States,Home & Kitchen,Throw Blanket,4.0,133.15,0.0,20.56,Debit Card,Cancelled,2022-02-09,False
ORD-11070,2024-08-29,CUST1481,Howard Norman,howard@gmail.com,North,Canada,Home & Kitchen,Throw Blanket,5.0,34.29,0.0,0.1,Gift Card,Shipped,2023-02-24,False
ORD-12271,2024-01-15,CUST1006,Abigail Shaffer,abigail.shaffer45@outlook.com,West,Canada,Electronics,Laptop Stand,4.0,71.85,0.05,4.87,Paypal,Delivered,2021-03-30,False
ORD-12087,2024-12-21,CUST1225,Benjamin Smith,benjamin.smith74@hotmail.com,West,United States,Sports & Outdoors,Yoga Mat,4.0,35.39,0.0,21.39,Paypal,Cancelled,2024-03-20,False
ORD-11530,2024-11-30,CUST1207,Cathy Robinson,cathy.robinson48@yahoo.com,Central,Canada,Sports & Outdoors,Camping Tent,6.0,122.12,0.0,4.9,Gift Card,Shipped,2024-02-14,False
ORD-10035,2024-05-18,CUST1205,David Martinez,david.martinez86@outlook.com,West,Canada,Beauty,Sunscreen SPF50,2.0,18.78,0.0,11.97,Gift Card,Cancelled,2023-02-06,False
ORD-11754,2023-06-01,CUST1611,Michael Lopez,michael@gmail.com,East,Mexico,Electronics,Bluetooth Speaker,3.0,73.54,0.05,14.17,Credit Card,Delivered,2021-09-20,False
ORD-11415,2024-05-16,CUST1685,Michael Scott Phd,mr..phd42@gmail.com,East,United States,Home & Kitchen,Throw Blanket,6.0,80.55,0.1,12.69,Credit Card,Shipped,2024-07-04,True
ORD-11945,2023-12-10,CUST1019,Carla Gray,carla.gray60@outlook.com,North,Mexico,Beauty,Shampoo Set,6.0,49.15,0.15,8.0,Paypal,Pending,2024-02-08,True
ORD-12340,2023-02-22,CUST1343,Nichole Alvarez,nichole.alvarez61@hotmail.com,East,United States,Home & Kitchen,Air Fryer,1.0,108.63,0.05,9.18,Credit Card,Shipped,2024-08-25,True
ORD-10128,2024-05-18,CUST1715,David Davenport,david.davenport56@outlook.com,East,United States,Beauty,Lipstick,4.0,15.89,0.0,18.75,Debit Card,Pending,2023-01-07,False
ORD-12621,,CUST1095,Anna Henderson,anna.henderson24@gmail.com,East,United States,Electronics,Laptop Stand,6.0,213.19,0.2,7.67,Paypal,Shipped,2022-06-17,False
ORD-10225,2024-11-02,CUST1280,Amanda Jones,amanda.jones92@hotmail.com,West,United States,Apparel,Baseball Cap,3.0,32.75,0.2,24.38,Gift Card,Pending,2021-12-08,False
ORD-10670,2023-05-24,CUST1567,Lauren Jackson,lauren.jackson47@gmail.com,East,Mexico,Apparel,Running Shoes,2.0,25.72,0.1,17.56,Paypal,Cancelled,2023-05-26,True
ORD-11001,2023-12-09,CUST1699,Brent Hernandez,brent@gmail.com,West,United States,Beauty,Shampoo Set,1.0,8.56,0.0,4.76,Gift Card,Cancelled,2022-12-04,False
ORD-12875,2023-04-19,CUST1593,Randy Smith,randy.smith59@gmail.com,South,United States,Electronics,Laptop Stand,1.0,242.33,0.05,8.22,Gift Card,Delivered,2023-01-09,False
ORD-10838,2023-01-13,CUST1169,Daniel Murphy,daniel@gmail.com,East,Mexico,Toys,RC Car,3.0,47.36,0.0,3.51,Gift Card,Returned,2022-12-09,False
ORD-10483,2023-08-16,CUST1349,Theodore Jones Jr.,theodore.jr.59@outlook.com,East,United States,Sports & Outdoors,Resistance Bands,6.0,137.54,0.0,13.43,Credit Card,Returned,2022-01-17,False
ORD-12765,2023-09-01,CUST1302,Megan Le,megan.le85@outlook.com,North,Canada,Beauty,Sunscreen SPF50,5.0,56.11,0.0,9.45,Credit Card,Pending,2024-02-29,True
ORD-12446,2024-06-15,CUST1724,Mary Miller,mary.miller73@yahoo.com,North,United States,Home & Kitchen,LED Desk Lamp,3.0,25.14,0.0,12.2,Paypal,Delivered,2023-09-18,False
ORD-12067,2023-08-13,CUST1614,Elizabeth Sharp,elizabeth.sharp60@gmail.com,Central,Canada,Toys,Building Blocks Set,4.0,31.55,0.0,16.76,Credit Card,Returned,2023-08-22,True
ORD-12324,2024-03-22,CUST1352,Kerry Chavez Dds,kerry.dds32@gmail.com,South,United States,Beauty,Hair Dryer,4.0,20.07,0.0,15.09,Debit Card,Delivered,2022-06-19,False
ORD-10426,2024-11-18,CUST1123,Michelle Harmon,michelle.harmon7@outlook.com,North,United States,Home & Kitchen,Throw Blanket,1.0,73.28,0.2,2.5,Paypal,Delivered,2023-09-06,False
ORD-11880,2024-10-18,CUST1093,Christina Walters,christina.walters86@hotmail.com,South,Canada,Home & Kitchen,Throw Blanket,6.0,62.03,0.0,8.04,Paypal,Cancelled,2021-12-05,False
ORD-11682,2024-10-10,CUST1574,Daniel Nguyen,daniel.nguyen97@yahoo.com,West,Canada,Electronics,Wireless Earbuds,3.0,216.37,0.0,18.55,Paypal,Cancelled,2024-02-08,False
ORD-10974,2023-10-04,CUST1329,Ariana Jennings,ariana.jennings90@gmail.com,West,United States,Home & Kitchen,Non-Stick Pan Set,5.0,128.23,0.2,2.13,Credit Card,Shipped,2022-01-26,False
ORD-11448,2024-02-06,CUST1296,Laura Haney,laura.haney67@outlook.com,Central,United States,Electronics,USB-C Cable,6.0,145.05,0.0,1.78,Paypal,Delivered,2021-09-20,False
ORD-11188,2024-05-30,CUST1790,Jennifer Taylor,jennifer.taylor13@hotmail.com,East,United States,Sports & Outdoors,Hiking Backpack,4.0,99.45559999999999,0.2,7.25,Gift Card,Pending,2022-11-17,False
ORD-13123,2024-11-18,CUST1068,James Brown,james.brown41@hotmail.com,North,United States,Home & Kitchen,Coffee Maker,6.0,49.27,0.0,9.61,Gift Card,Delivered,2024-05-26,False
ORD-11210,2023-12-10,CUST1772,Eric Patrick,eric.patrick44@gmail.com,West,United States,Beauty,Shampoo Set,3.0,45.72,0.1,3.69,Debit Card,Returned,2024-02-10,True
ORD-10417,2024-10-08,CUST1397,Gary Jackson,gary.jackson3@gmail.com,West,Canada,Apparel,Cotton T-Shirt,1.0,61.43,0.25,15.3,Debit Card,Shipped,2023-12-26,False
ORD-10525,2023-11-05,CUST1410,Angela Lin,angela.lin44@hotmail.com,East,United States,Electronics,Smartwatch,2.0,160.59,0.0,23.3,Paypal,Delivered,2022-10-31,False
ORD-11688,2023-03-27,CUST1469,Jeanette Harrison,jeanette.harrison36@outlook.com,East,Canada,Electronics,Webcam,6.0,171.14,0.0,10.23,Paypal,Cancelled,2023-07-21,True
ORD-13118,2023-06-08,CUST1377,Paula Bradley,paula.bradley45@hotmail.com,West,United States,Apparel,Cotton T-Shirt,5.0,68.81,0.25,19.65,Credit Card,Shipped,2023-11-12,True
ORD-11671,2023-06-06,CUST1423,Mary Escobar,mary.escobar80@hotmail.com,East,United States,Home & Kitchen,Non-Stick Pan Set,3.0,99.1,0.1,12.85,Debit Card,Delivered,2022-11-06,False
ORD-12631,2023-05-03,CUST1652,David Robinson,david.robinson10@hotmail.com,East,United States,Sports & Outdoors,Hiking Backpack,2.0,96.69,0.05,21.33,Gift Card,Delivered,2022-10-19,False
ORD-11171,2023-05-28,CUST1171,Darlene Miller,darlene.miller14@yahoo.com,East,Canada,Sports & Outdoors,Hiking Backpack,3.0,48.18,0.25,16.33,Debit Card,Shipped,2023-02-21,False
ORD-12086,2023-09-18,CUST1524,Krista Martinez,krista.martinez42@yahoo.com,South,United States,Beauty,Lipstick,5.0,40.68,0.25,10.64,Credit Card,Delivered,2021-07-06,False
ORD-12916,2024-11-22,CUST1277,Marie Christian,marie.christian24@hotmail.com,Central,United States,Beauty,Face Moisturizer,5.0,43.9,0.15,12.13,Paypal,Returned,2023-10-16,False
ORD-11326,2024-09-10,CUST1051,Danny Morgan,danny.morgan70@outlook.com,Central,Canada,Electronics,Laptop Stand,4.0,33.48,0.0,7.13,Gift Card,Shipped,2024-06-06,False
ORD-13096,2023-07-24,CUST1785,Laurie Bailey,laurie.bailey17@yahoo.com,East,United States,Electronics,Laptop Stand,6.0,123.73,0.0,8.16,Gift Card,Returned,2021-07-24,False
ORD-10773,2024-12-01,CUST1349,Theodore Jones Jr.,theodore.jr.59@outlook.com,East,United States,Electronics,Wireless Earbuds,6.0,231.08,0.1,3.35,Credit Card,Shipped,2022-01-17,False
ORD-12826,2023-08-30,CUST1449,Phillip Nelson,phillip.nelson87@outlook.com,North,Mexico,Sports & Outdoors,Hiking Backpack,4.0,64.07,0.0,19.1,Gift Card,Delivered,2024-06-12,True
ORD-10457,2023-03-01,CUST1738,David Wright,mr..wright61@hotmail.com,West,Canada,Apparel,Wool Sweater,3.0,20.9,0.0,23.57,Credit Card,Delivered,2021-12-16,False
ORD-11442,2024-04-15,CUST1628,Joseph Wilson,joseph.wilson16@outlook.com,West,Mexico,Beauty,Shampoo Set,5.0,48.33,0.0,11.97,Paypal,Shipped,2024-08-25,True
ORD-10214,2024-03-04,CUST1669,Michael Morrison,michael.morrison44@outlook.com,South,United States,Beauty,Sunscreen SPF50,5.0,23.79,0.0,19.32,Debit Card,Delivered,2023-07-17,False
ORD-10837,2024-01-22,CUST1199,Nathan Freeman,nathan.freeman52@hotmail.com,West,Canada,Toys,Building Blocks Set,4.0,10.42,0.05,1.97,Paypal,Returned,2021-08-10,False
ORD-12555,2023-01-01,CUST1043,Anthony Humphrey,anthony.humphrey68@yahoo.com,North,United States,Beauty,Face Moisturizer,4.0,20.27,0.0,12.17,Paypal,Delivered,2021-04-27,False
ORD-12635,2023-01-23,CUST1105,Marc Moore,marc.moore48@gmail.com,East,Canada,Sports & Outdoors,Hiking Backpack,3.0,49.27,0.0,6.65,Credit Card,Returned,2023-11-03,True
ORD-10054,2023-10-11,CUST1660,William David Dds,william.dds44@outlook.com,Central,Canada,Beauty,Hair Dryer,1.0,50.01,0.0,7.99,Debit Card,Cancelled,2024-07-21,True
ORD-11929,2023-12-06,CUST1402,Mary Thompson,mary.thompson11@gmail.com,West,United States,Sports & Outdoors,Hiking Backpack,4.0,31.21,0.0,22.56,Gift Card,Delivered,2021-07-11,False
ORD-12077,2023-10-31,CUST1782,Chelsea Nguyen,chelsea.nguyen79@outlook.com,East,United States,Sports & Outdoors,Camping Tent,1.0,83.66,0.05,22.95,Paypal,Returned,2022-01-19,False
ORD-11952,2023-03-17,CUST1253,Barbara Dudley,barbara.dudley40@hotmail.com,Central,United States,Home & Kitchen,Non-Stick Pan Set,2.0,109.86,0.0,22.82,Gift Card,Shipped,2022-02-02,False
ORD-10132,2024-04-01,CUST1561,Kim Erickson,kim@gmail.com,South,Mexico,Apparel,Cotton T-Shirt,6.0,89.47,0.05,23.07,Gift Card,Returned,2021-12-15,False
ORD-12162,2021-09-19,CUST1820,Debra Perry,debra.perry43@gmail.com,East,United States,Electronics,Webcam,2.0,157.37,0.0,16.13,Debit Card,Cancelled,2021-10-27,True
ORD-11364,2024-04-13,CUST1034,Debra Davidson,debra.davidson60@gmail.com,North,Canada,Electronics,Laptop Stand,5.0,64.88,0.0,16.25,Credit Card,Cancelled,2024-08-31,True
ORD-11768,2023-01-06,CUST1738,David Wright,mr..wright61@hotmail.com,West,Canada,Apparel,Wool Sweater,6.0,89.31,0.0,15.51,Debit Card,Delivered,2021-12-16,False
ORD-12345,2023-05-27,CUST1571,Christian Vaughn,christian.vaughn49@outlook.com,North,United States,Sports & Outdoors,Resistance Bands,4.0,50.7,0.15,18.09,Credit Card,Shipped,2022-01-18,False
ORD-11504,2024-04-18,CUST1758,Heather Woodard,heather.woodard92@gmail.com,West,United States,Toys,Puzzle 1000PC,6.0,25.19,0.25,20.18,Gift Card,Delivered,2021-12-25,False
ORD-13111,2023-06-23,CUST1508,Joshua Vance,joshua.vance87@gmail.com,Central,Canada,Beauty,Hair Dryer,1.0,13.05,0.15,12.72,Paypal,Cancelled,2022-01-03,False
ORD-11934,2024-11-25,CUST1470,Veronica King,,West,Mexico,Toys,Action Figure,1.0,24.78,0.1,2.06,Debit Card,Returned,2021-07-10,False
ORD-11232,2024-07-01,CUST1668,Nathaniel Lee,nathaniel.lee65@hotmail.com,South,United States,Sports & Outdoors,Hiking Backpack,6.0,93.45,0.15,2.8,Debit Card,Returned,2023-05-08,False
ORD-13058,2023-12-30,CUST1764,Jorge Stone,jorge.stone93@outlook.com,South,Canada,Beauty,Face Moisturizer,4.0,47.63,0.0,2.53,Paypal,Pending,2022-12-13,False
ORD-11068,2024-12-14,CUST1535,Lawrence Edwards,mr.@gmail.com,South,United States,Home & Kitchen,Non-Stick Pan Set,4.0,169.51,0.1,11.41,Credit Card,Returned,2022-07-27,False
ORD-12493,2023-12-05,CUST1650,Andrew Harper,andrew.harper87@hotmail.com,Central,Canada,Toys,Board Game,6.0,39.32,0.0,20.15,Credit Card,Pending,2021-11-01,False
ORD-11977,2023-12-04,CUST1605,Todd Rosales Md,todd.md92@outlook.com,Central,United States,Electronics,USB-C Cable,6.0,25.07,0.2,1.68,Paypal,Pending,2022-01-21,False
ORD-11425,2021-09-05,CUST1650,Andrew Harper,andrew.harper87@hotmail.com,Central,Canada,Home & Kitchen,Non-Stick Pan Set,1.0,141.25,0.0,4.95,Gift Card,Shipped,2021-11-01,True
ORD-13125,2024-11-22,CUST1131,Dustin Jordan,dustin.jordan30@outlook.com,West,Canada,Beauty,Lipstick,2.0,42.82,0.0,5.0,Credit Card,Returned,2022-08-03,False
ORD-10650,2023-07-15,CUST1531,Mark Jimenez,,West,United States,Sports & Outdoors,Yoga Mat,6.0,133.18,0.0,0.82,Debit Card,Delivered,2024-03-21,True
ORD-12112,2023-01-07,CUST1102,Rebecca Valencia,,West,United States,Apparel,Wool Sweater,1.0,24.23,0.0,21.51,Debit Card,Cancelled,2022-10-01,False
ORD-13105,2024-01-07,CUST1332,Jordan Bates,jordan.bates85@hotmail.com,East,United States,Sports & Outdoors,Hiking Backpack,1.0,122.3,0.0,15.21,Paypal,Pending,2023-12-13,False
ORD-11010,2023-09-02,CUST1599,Susan Thompson,susan.thompson99@gmail.com,South,Canada,Beauty,Hair Dryer,2.0,48.88,0.1,4.29,Debit Card,Returned,2023-08-29,False
ORD-12788,2024-05-09,CUST1324,Natalie Bautista,natalie.bautista79@outlook.com,Central,Canada,Electronics,USB-C Cable,2.0,164.42,0.0,10.29,Paypal,Shipped,2024-04-30,False
ORD-11525,2024-10-22,CUST1407,Jeremy Turner,jeremy.turner97@hotmail.com,South,Canada,Apparel,Running Shoes,5.0,63.94,0.1,7.33,Debit Card,Returned,2021-07-06,False
ORD-10911,2024-02-11,CUST1611,Michael Lopez,michael@gmail.com,East,Mexico,Apparel,Wool Sweater,1.0,49.45,0.0,6.24,Debit Card,Cancelled,2021-09-20,False
ORD-12732,2023-11-22,CUST1008,Gabrielle Davis,gabrielle.davis91@gmail.com,South,United States,Apparel,Denim Jacket,3.0,86.3,0.05,20.74,Gift Card,Returned,2021-04-04,False
ORD-11857,2023-03-16,CUST1690,Ryan Landry,ryan.landry58@yahoo.com,Central,United States,Sports & Outdoors,Resistance Bands,4.0,127.14,0.0,9.77,Credit Card,Shipped,2024-08-08,True
ORD-12310,2023-10-02,CUST1849,Brittany Jenkins,brittany.jenkins69@hotmail.com,Central,Mexico,Sports & Outdoors,Hiking Backpack,3.0,119.02,0.0,12.2,Credit Card,Shipped,2022-01-24,False
ORD-12126,2024-07-04,CUST1226,Kirk Carter,kirk.carter3@outlook.com,West,Mexico,Apparel,Running Shoes,4.0,42.36,0.2,11.56,Gift Card,Pending,2021-12-18,False
ORD-10563,2024-05-29,CUST1693,Jonathan Brooks,jonathan.brooks6@outlook.com,East,Canada,Beauty,Hair Dryer,1.0,24.1,0.0,7.78,Paypal,Cancelled,2024-08-27,True
ORD-12194,2023-08-22,CUST1438,Rhonda Martin,rhonda.martin11@gmail.com,East,United States,Apparel,Wool Sweater,4.0,45.41,0.1,24.94,Gift Card,Pending,2021-10-18,False
ORD-11819,2024-12-12,CUST1164,Michael Powell,,East,United States,Apparel,Running Shoes,6.0,62.07,0.0,9.85,Gift Card,Cancelled,2021-04-25,False
ORD-11426,2024-11-12,CUST1182,Angela Vaughn,angela.vaughn14@yahoo.com,Central,Canada,Home & Kitchen,LED Desk Lamp,6.0,173.69,0.2,20.45,Gift Card,Returned,2023-08-24,False
ORD-10090,2023-06-13,CUST1319,Connie Brown,connie.brown50@hotmail.com,Central,Mexico,Apparel,Wool Sweater,3.0,18.84,0.25,11.33,Debit Card,Shipped,2024-01-02,True
ORD-11724,2024-08-22,CUST1369,Sabrina Austin,sabrina.austin93@hotmail.com,South,United States,Apparel,Running Shoes,4.0,88.55,0.2,5.45,Paypal,Shipped,2023-12-26,False
ORD-12648,2023-06-12,CUST1780,Christine Goodwin,christine.goodwin51@yahoo.com,Central,United States,Toys,Board Game,2.0,20.42,0.2,14.72,Credit Card,Cancelled,2023-07-26,True
ORD-11887,2024-03-04,CUST1209,Brian Lee,,East,United States,Beauty,Sunscreen SPF50,1.0,29.08,0.25,7.47,Gift Card,Returned,2022-08-13,False
ORD-12660,2023-10-22,CUST1707,Richard Knight Phd,mr..phd95@outlook.com,Central,United States,Sports & Outdoors,Resistance Bands,2.0,90.89,0.0,24.18,Debit Card,Returned,2022-03-10,False
ORD-12529,2024-10-13,CUST1701,James Watson,james.watson1@gmail.com,North,United States,Home & Kitchen,Coffee Maker,5.0,24.79,0.0,9.47,Credit Card,Delivered,2024-04-14,False
ORD-11277,2023-01-31,CUST1405,Madison Weber,madison.weber89@hotmail.com,North,Mexico,Toys,Building Blocks Set,2.0,21.97,0.05,17.33,Paypal,Delivered,2022-07-10,False
ORD-11854,2024-04-19,CUST1511,Curtis Taylor,curtis.taylor32@hotmail.com,West,United States,Toys,Board Game,4.0,37.4,0.1,12.67,Gift Card,Returned,2023-01-25,False
ORD-12447,2024-01-08,CUST1012,Lisa Hensley,lisa.hensley21@hotmail.com,Central,United States,Electronics,USB-C Cable,6.0,173.93,0.1,12.13,Gift Card,Cancelled,2023-02-17,False
ORD-11392,2023-08-04,CUST1598,Kimberly Sharp,kimberly.sharp27@outlook.com,Central,Canada,Sports & Outdoors,Camping Tent,6.0,91.46,0.0,15.57,Gift Card,Delivered,2024-08-27,True
ORD-10379,2024-06-25,CUST1198,Adam Vaughan,adam.vaughan85@outlook.com,North,Canada,Toys,RC Car,4.0,49.51,0.0,18.91,Debit Card,Shipped,2023-07-28,False
ORD-13103,2024-06-02,CUST1231,Susan Serrano,susan.serrano26@yahoo.com,North,United States,Beauty,Sunscreen SPF50,5.0,24.14,0.2,6.73,Gift Card,Delivered,2024-05-18,False
ORD-13041,2024-11-05,CUST1287,Carolyn Miller,carolyn.miller84@outlook.com,North,Mexico,Apparel,Wool Sweater,4.0,36.22,0.0,12.57,Debit Card,Shipped,2022-05-27,False
ORD-10860,2024-03-15,CUST1787,Elizabeth Mendez,elizabeth.mendez23@hotmail.com,Central,Canada,Sports & Outdoors,Resistance Bands,6.0,114.42,0.0,6.87,Gift Card,Cancelled,2023-10-21,False
ORD-11593,2023-09-11,CUST1495,Lawrence Harrington,lawrence.harrington11@outlook.com,South,United States,Apparel,Running Shoes,6.0,33.61,0.0,20.74,Gift Card,Shipped,2021-06-11,False
ORD-13060,2024-06-20,CUST1663,Samuel Turner,samuel.turner51@yahoo.com,East,Canada,Home & Kitchen,Coffee Maker,1.0,167.27,0.0,6.7,Credit Card,Shipped,2023-07-26,False
ORD-11513,2021-10-30,CUST1280,Amanda Jones,amanda.jones92@hotmail.com,West,United States,Electronics,Laptop Stand,4.0,156.43,0.05,12.72,Credit Card,Returned,2021-12-08,True
ORD-11437,2023-11-21,CUST1161,Jennifer Adkins,jennifer.adkins81@hotmail.com,Central,Canada,Home & Kitchen,Coffee Maker,6.0,96.87,0.0,11.19,Debit Card,Cancelled,2024-01-14,True
ORD-11576,2024-01-09,CUST1413,Joanna Pacheco,joanna.pacheco49@yahoo.com,East,Canada,Toys,Puzzle 1000PC,4.0,36.78,0.0,12.69,Debit Card,Shipped,2023-09-03,False
ORD-11173,2024-01-08,CUST1667,Tammy Boone,tammy.boone17@gmail.com,Central,Canada,Beauty,Face Moisturizer,2.0,18.19,0.0,19.39,Gift Card,Shipped,2023-03-05,False
ORD-12913,2023-06-21,CUST1053,Mark Perez,mark.perez14@yahoo.com,Central,United States,Sports & Outdoors,Hiking Backpack,1.0,24.39,0.25,19.02,Gift Card,Returned,2022-12-07,False
ORD-10884,2024-12-21,CUST1702,Karl Branch,karl.branch14@outlook.com,North,United States,Toys,Action Figure,6.0,48.2,0.1,10.56,Gift Card,Returned,2022-09-10,False
ORD-11291,2024-11-03,CUST1590,Laurie Sanchez,laurie.sanchez25@hotmail.com,West,Canada,Toys,Puzzle 1000PC,4.0,65.51,0.25,0.01,Paypal,Pending,2022-03-09,False
ORD-12215,2023-05-23,CUST1187,Samantha Garcia,samantha.garcia63@hotmail.com,East,United States,Toys,Board Game,4.0,45.71,0.0,12.6,Paypal,Cancelled,2022-07-27,False
ORD-10444,2023-11-29,CUST1570,Ashley Smith,ashley.smith85@outlook.com,Central,United States,Electronics,Webcam,1.0,237.25,0.1,24.62,Paypal,Shipped,2021-07-06,False
ORD-10291,2023-04-12,CUST1697,Alicia Li,alicia.li10@yahoo.com,East,Canada,Electronics,USB-C Cable,1.0,67.55,0.15,24.68,Debit Card,Pending,2021-02-18,False
ORD-11387,2024-08-07,CUST1667,Tammy Boone,tammy.boone17@gmail.com,Central,Canada,Apparel,Wool Sweater,4.0,59.24,0.0,17.93,Debit Card,Returned,2023-03-05,False
ORD-10912,2024-12-13,CUST1547,Julie Herrera,julie.herrera17@outlook.com,North,Canada,Toys,RC Car,5.0,40.53,0.0,23.64,Paypal,Returned,2021-12-30,False
ORD-12614,2023-07-19,CUST1083,Paul Jones,paul.jones72@outlook.com,Central,United States,Electronics,USB-C Cable,2.0,207.14,0.05,5.71,Paypal,Cancelled,2023-06-26,False
ORD-11025,2024-10-28,CUST1755,Rachel Jones,rachel.jones44@gmail.com,North,Canada,Electronics,Laptop Stand,1.0,158.48,0.0,11.69,Credit Card,Delivered,2021-11-26,False
ORD-10761,2023-04-01,CUST1227,Michael Warner,michael.warner12@hotmail.com,West,Canada,Sports & Outdoors,Yoga Mat,2.0,74.54,0.2,17.42,Gift Card,Returned,2021-08-05,False
ORD-10201,2023-09-16,CUST1652,David Robinson,david.robinson10@hotmail.com,East,United States,Toys,Board Game,2.0,49.46,0.0,13.66,Credit Card,Cancelled,2022-10-19,False
ORD-10513,2024-03-21,CUST1318,Stephen Hoffman,,East,Canada,Electronics,Bluetooth Speaker,3.0,184.42,0.0,24.31,Paypal,Shipped,2024-02-25,False
ORD-10864,2024-12-03,CUST1162,Lindsey Walker,lindsey.walker88@outlook.com,North,United States,Beauty,Sunscreen SPF50,3.0,6.03,0.25,12.19,Gift Card,Shipped,2022-04-11,False
ORD-12179,2023-10-07,CUST1639,Janet Kane Dvm,janet.dvm7@gmail.com,East,United States,Toys,Building Blocks Set,5.0,50.6421,0.0,17.95,Debit Card,Pending,2021-12-24,False
ORD-11911,2024-09-28,CUST1487,Samantha Gardner,samantha.gardner37@gmail.com,South,Canada,Electronics,Webcam,3.0,200.06,0.25,15.67,Paypal,Pending,2024-10-09,True
ORD-11422,2024-04-29,CUST1435,Sophia Johnson,sophia@gmail.com,Central,Canada,Beauty,Sunscreen SPF50,2.0,56.92,0.25,19.61,Credit Card,Pending,2022-03-31,False
ORD-10629,2023-04-01,CUST1710,Anthony Jones,anthony.jones33@gmail.com,Central,United States,Beauty,Shampoo Set,6.0,51.77,0.1,24.96,Gift Card,Returned,2022-02-09,False
ORD-12586,2023-12-01,CUST1801,Krista Wilson,krista.wilson11@gmail.com,South,Canada,Electronics,Webcam,1.0,49.61,0.15,16.56,Gift Card,Pending,2022-06-22,False
ORD-12743,2024-03-20,CUST1736,Charles Turner,charles.turner19@gmail.com,South,Canada,Toys,Board Game,5.0,12.515,0.05,16.97,Debit Card,Cancelled,2021-07-12,False
ORD-10409,2023-11-11,CUST1006,Abigail Shaffer,abigail.shaffer45@outlook.com,West,Canada,Electronics,Bluetooth Speaker,3.0,167.81,0.0,15.83,Debit Card,Delivered,2021-03-30,False
ORD-11556,2023-02-09,CUST1288,Lisa Allen,lisa.allen67@hotmail.com,East,United States,Sports & Outdoors,Hiking Backpack,5.0,122.17,0.0,15.8,Paypal,Cancelled,2024-02-25,True
ORD-10188,2023-09-02,CUST1054,Shannon Jones,shannon.jones27@outlook.com,East,Canada,Sports & Outdoors,Yoga Mat,6.0,79.32,0.05,22.69,Gift Card,Returned,2023-11-02,True
ORD-12420,2024-04-13,CUST1412,Julian Conner,julian.conner99@outlook.com,North,Canada,Home & Kitchen,Air Fryer,2.0,65.62,0.0,12.78,Credit Card,Cancelled,2022-05-20,False
ORD-11121,2024-12-15,CUST1045,Philip Cannon,philip.cannon73@yahoo.com,North,Canada,Sports & Outdoors,Yoga Mat,2.0,129.09,0.0,15.45,Credit Card,Returned,2024-03-31,False
ORD-10535,2024-09-24,CUST1011,Jamie Arnold,jamie.arnold83@gmail.com,South,Canada,Electronics,USB-C Cable,3.0,152.7312,0.15,13.46,Credit Card,Delivered,2024-06-01,False
ORD-11951,2023-10-28,CUST1803,Rodney Williams,rodney.williams17@yahoo.com,East,United States,Home & Kitchen,Coffee Maker,2.0,82.26,0.05,14.34,Debit Card,Delivered,2021-02-28,False
ORD-12497,2024-12-04,CUST1139,Angel Perry,angel.perry36@yahoo.com,West,Canada,Apparel,Cotton T-Shirt,4.0,56.29,0.0,16.11,Paypal,Cancelled,2024-04-13,False
ORD-10979,2023-03-03,CUST1822,Jose Ramirez,jose.ramirez2@gmail.com,West,United States,Electronics,Bluetooth Speaker,1.0,219.27,0.25,0.97,Gift Card,Cancelled,2022-05-25,False
ORD-12187,2024-01-18,CUST1210,Christopher Smith,christopher.smith65@yahoo.com,West,United States,Apparel,Denim Jacket,6.0,12.74,0.0,7.19,Credit Card,Shipped,2021-11-13,False
ORD-10519,2024-09-18,CUST1408,Anthony Romero,anthony.romero50@outlook.com,South,Mexico,Sports & Outdoors,Water Bottle,6.0,32.75,0.15,14.48,Credit Card,Returned,2023-02-26,False
ORD-11620,2024-02-17,CUST1170,Jamie Walton,jamie.walton89@outlook.com,South,United States,Sports & Outdoors,Water Bottle,4.0,61.53,0.0,6.52,Gift Card,Cancelled,2023-07-25,False
ORD-12549,2023-05-26,CUST1650,Andrew Harper,andrew.harper87@hotmail.com,Central,Canada,Apparel,Wool Sweater,2.0,58.1,0.0,10.25,Paypal,Delivered,2021-11-01,False
ORD-11649,2024-04-12,CUST1386,Adam Burgess,adam.burgess31@outlook.com,West,Canada,Sports & Outdoors,Yoga Mat,2.0,64.02,0.0,10.46,Paypal,Shipped,2022-08-03,False
ORD-12585,2023-07-08,CUST1066,Tracy House,tracy.house69@outlook.com,East,United States,Beauty,Hair Dryer,2.0,9.22,0.0,4.63,Credit Card,Pending,2021-02-26,False
ORD-10583,2024-09-30,CUST1573,Nancy Brown,nancy.brown86@gmail.com,East,Canada,Home & Kitchen,Throw Blanket,6.0,36.82,0.0,6.74,Paypal,Cancelled,2021-06-25,False
ORD-10850,2024-02-12,CUST1101,Cameron Parker,cameron.parker92@gmail.com,North,Canada,Apparel,Running Shoes,1.0,83.91,0.05,10.6,Gift Card,Shipped,2021-02-12,False
ORD-13052,2023-08-30,CUST1070,Jordan Henderson,jordan.henderson69@yahoo.com,North,Mexico,Apparel,Denim Jacket,5.0,41.98,0.0,7.37,Credit Card,Returned,2023-01-16,False
ORD-11988,2024-07-21,CUST1720,Randy Friedman,randy.friedman5@outlook.com,West,Mexico,Sports & Outdoors,Yoga Mat,4.0,100.9,0.05,9.49,Credit Card,Delivered,2024-01-19,False
ORD-10614,2024-06-22,CUST1630,Rhonda Chavez,rhonda.chavez7@gmail.com,West,Canada,Toys,Building Blocks Set,6.0,27.72,0.15,2.42,Credit Card,Pending,2023-05-04,False
ORD-12400,2024-09-16,CUST1241,Matthew Moon,matthew.moon47@outlook.com,West,United States,Electronics,Webcam,3.0,227.3,0.0,1.01,Debit Card,Pending,2022-08-03,False
ORD-10168,2023-11-18,CUST1375,Paul Lewis,paul.lewis19@yahoo.com,East,Canada,Home & Kitchen,LED Desk Lamp,4.0,145.45,0.0,9.71,Gift Card,Delivered,2023-04-27,False
ORD-11656,2023-09-26,CUST1568,Lisa Randall,lisa.randall62@yahoo.com,South,United States,Toys,Board Game,1.0,37.44,0.0,12.21,Gift Card,Shipped,2021-07-18,False
ORD-11858,2023-10-18,CUST1180,Alexander Collins,alexander.collins51@outlook.com,North,United States,Toys,Building Blocks Set,1.0,52.83,0.0,20.84,Debit Card,Pending,2021-07-04,False
ORD-11914,2024-02-09,CUST1384,Aimee Turner,aimee.turner28@hotmail.com,East,Canada,Toys,Board Game,6.0,67.63,0.25,18.92,Debit Card,Returned,2022-04-03,False
ORD-10212,2023-02-15,CUST1301,Heather Fields,heather@gmail.com,Central,Canada,Electronics,Bluetooth Speaker,5.0,205.85,0.2,16.23,Credit Card,Shipped,2024-08-05,True
ORD-11060,2023-05-07,CUST1376,Glen Wood,glen.wood76@yahoo.com,West,Canada,Beauty,Lipstick,2.0,35.35,0.1,10.14,Debit Card,Shipped,2024-07-06,True
ORD-12160,2023-01-19,CUST1809,Heather Page,,East,Canada,Home & Kitchen,Coffee Maker,4.0,25.28,0.25,9.61,Credit Card,Shipped,2023-10-05,True
ORD-10949,2024-10-28,CUST1635,Zachary Michael,zachary.michael21@gmail.com,South,Mexico,Toys,Board Game,3.0,10.78,0.2,24.73,Gift Card,Returned,2024-01-28,False
ORD-12981,2023-09-21,CUST1763,Jessica Smith,jessica.smith76@yahoo.com,North,Canada,Home & Kitchen,Coffee Maker,4.0,76.29,0.25,17.16,Credit Card,Returned,2023-11-27,True
ORD-11738,2022-10-17,CUST1213,Katherine Salas,katherine.salas90@outlook.com,North,United States,Apparel,Running Shoes,4.0,74.57,0.0,6.62,Paypal,Cancelled,2022-11-27,True
ORD-11077,2023-09-15,CUST1090,Matthew Mcmillan,,West,Canada,Home & Kitchen,Non-Stick Pan Set,6.0,143.39,0.05,11.58,Debit Card,Pending,2024-03-25,True
ORD-12113,2023-06-07,CUST1319,Connie Brown,connie.brown50@hotmail.com,Central,Mexico,Toys,RC Car,6.0,36.69,0.0,10.61,Gift Card,Delivered,2024-01-02,True
ORD-12019,2023-08-28,CUST1736,Charles Turner,charles.turner19@gmail.com,South,Canada,Home & Kitchen,Non-Stick Pan Set,1.0,179.81,0.25,0.79,Credit Card,Shipped,2021-07-12,False
ORD-11248,2023-06-29,CUST1774,Carly Riggs,carly.riggs31@yahoo.com,South,United States,Electronics,Smartwatch,4.0,201.97,0.0,16.91,Paypal,Delivered,2022-06-28,False
ORD-10301,2023-12-14,CUST1503,Zachary Mitchell,,East,United States,Beauty,Sunscreen SPF50,1.0,15.84,0.2,12.69,Gift Card,Returned,2024-03-06,True
ORD-11385,2024-07-30,CUST1822,Jose Ramirez,jose.ramirez2@gmail.com,West,United States,Toys,Board Game,3.0,61.57,0.0,11.97,Credit Card,Cancelled,2022-05-25,False
ORD-10820,2023-09-22,CUST1725,Rebecca Marquez,rebecca.marquez30@gmail.com,South,Canada,Home & Kitchen,LED Desk Lamp,3.0,158.06,0.05,15.33,Credit Card,Returned,2022-06-26,False
ORD-11265,2024-04-03,CUST1682,Dean Donovan,dean.donovan10@yahoo.com,Central,Canada,Sports & Outdoors,Water Bottle,5.0,88.81,0.0,11.44,Gift Card,Pending,2021-12-22,False
ORD-12195,,CUST1446,Brenda Wright,brenda.wright69@yahoo.com,South,United States,Home & Kitchen,Coffee Maker,4.0,81.3,0.0,24.54,Paypal,Delivered,2023-01-20,False
ORD-12375,2024-01-16,CUST1813,Michael Roberts,michael.roberts67@outlook.com,Central,United States,Apparel,Denim Jacket,2.0,63.24,0.0,8.98,Debit Card,Returned,2022-08-07,False
ORD-10995,2024-06-24,CUST1084,Zachary Ferrell,zachary.ferrell71@hotmail.com,West,United States,Sports & Outdoors,Yoga Mat,2.0,54.73,0.25,11.89,Gift Card,Cancelled,2021-11-22,False
ORD-12521,2024-01-21,CUST1739,Linda Gonzalez,linda.gonzalez75@yahoo.com,Central,United States,Beauty,Face Moisturizer,6.0,38.38,0.05,15.34,Gift Card,Delivered,2024-06-30,True
ORD-10022,2023-10-07,CUST1326,Brett Burns,brett.burns54@outlook.com,Central,United States,Apparel,Baseball Cap,3.0,21.32,0.0,12.13,Credit Card,Pending,2024-07-12,True
ORD-12070,2023-08-06,CUST1474,Robin Thompson,robin@gmail.com,North,United States,Electronics,Wireless Earbuds,2.0,39.37,0.0,3.86,Paypal,Cancelled,2023-07-31,False
ORD-10238,2024-02-01,CUST1344,Kayla Rodriguez,kayla.rodriguez8@gmail.com,South,Canada,Sports & Outdoors,Hiking Backpack,6.0,126.77,0.0,5.86,Credit Card,Pending,2024-08-28,True
ORD-12120,2024-07-28,CUST1478,Curtis Williams,curtis.williams30@hotmail.com,North,Canada,Beauty,Face Moisturizer,5.0,22.307199999999998,0.0,19.07,Paypal,Pending,2024-09-04,True
ORD-13133,2024-03-19,CUST1323,Brandy Chavez,brandy.chavez20@yahoo.com,East,United States,Apparel,Baseball Cap,3.0,60.19,0.05,4.55,Paypal,Returned,2022-11-03,False
ORD-11049,2023-08-07,CUST1699,Brent Hernandez,brent@gmail.com,West,United States,Sports & Outdoors,Yoga Mat,4.0,14.26,0.0,13.81,Debit Card,Delivered,2022-12-04,False
ORD-11384,2023-08-20,CUST1071,Whitney Peters,whitney.peters80@outlook.com,East,Canada,Apparel,Denim Jacket,2.0,73.95,0.0,14.18,Gift Card,Returned,2024-09-20,True
ORD-11763,2024-03-04,CUST1149,Stephanie Manning,stephanie.manning38@outlook.com,West,United States,Home & Kitchen,Throw Blanket,2.0,118.82,0.05,16.39,Paypal,Pending,2023-05-01,False
ORD-11983,2023-09-24,CUST1410,Angela Lin,angela.lin44@hotmail.com,East,United States,Home & Kitchen,Throw Blanket,2.0,88.58,0.05,12.69,Gift Card,Delivered,2022-10-31,False
ORD-12781,2023-07-29,CUST1057,Richard Aguirre,richard.aguirre72@gmail.com,South,Canada,Beauty,Lipstick,3.0,43.86,0.0,4.13,Paypal,Pending,2021-08-18,False
ORD-11933,2024-01-30,CUST1478,Curtis Williams,curtis.williams30@hotmail.com,North,Canada,Electronics,Bluetooth Speaker,5.0,247.21,0.0,12.19,Debit Card,Delivered,2024-09-04,True
ORD-11932,2024-01-26,CUST1372,Ellen Morgan,ellen.morgan58@gmail.com,North,United States,Apparel,Baseball Cap,4.0,65.6,0.2,21.41,Debit Card,Returned,2022-05-17,False
ORD-12181,2023-08-08,CUST1506,Brandon Fleming,brandon.fleming20@yahoo.com,West,United States,Toys,Board Game,1.0,21.77,0.2,15.23,Gift Card,Cancelled,2021-03-14,False
ORD-12630,2024-02-15,CUST1232,Christopher Parker,christopher.parker81@hotmail.com,Central,United States,Sports & Outdoors,Hiking Backpack,5.0,50.15,0.0,12.13,Debit Card,Shipped,2023-08-09,False
ORD-12609,2024-03-11,CUST1844,Ashley Edwards,ashley.edwards33@gmail.com,Central,Mexico,Toys,RC Car,3.0,10.49,0.0,11.54,Paypal,Returned,2023-01-21,False
ORD-11652,2024-10-23,CUST1623,Colleen Wright,colleen.wright29@outlook.com,North,United States,Beauty,Shampoo Set,3.0,14.68,0.0,21.15,Paypal,Cancelled,2022-10-02,False
ORD-11812,2023-11-21,CUST1253,Barbara Dudley,barbara.dudley40@hotmail.com,Central,United States,Sports & Outdoors,Camping Tent,1.0,82.82,0.2,10.11,Gift Card,Returned,2022-02-02,False
ORD-13104,2023-02-14,CUST1479,Kaylee Hays,kaylee.hays10@yahoo.com,Central,Mexico,Toys,Action Figure,6.0,22.49,0.0,21.65,Paypal,Shipped,2024-04-30,True
ORD-11615,2024-08-13,CUST1051,Danny Morgan,danny.morgan70@outlook.com,Central,Canada,Apparel,Cotton T-Shirt,2.0,46.09,0.0,3.73,Credit Card,Pending,2024-06-06,False
ORD-12429,2024-01-09,CUST1370,Allison Hickman,allison.hickman20@outlook.com,North,Canada,Electronics,Bluetooth Speaker,5.0,148.44,0.25,1.32,Gift Card,Shipped,2022-01-22,False
ORD-11943,2023-12-14,CUST1280,Amanda Jones,amanda.jones92@hotmail.com,West,United States,Home & Kitchen,Air Fryer,3.0,37.23,0.25,11.25,Gift Card,Cancelled,2021-12-08,False
ORD-10988,2023-01-26,CUST1518,Penny Bowman,penny.bowman17@yahoo.com,East,United States,Beauty,Face Moisturizer,6.0,20.68,0.0,14.27,Debit Card,Shipped,2022-08-21,False
ORD-10345,2024-10-07,CUST1276,Wayne Morgan,wayne.morgan16@outlook.com,West,United States,Beauty,Lipstick,5.0,11.78,0.25,24.97,Debit Card,Returned,2023-06-14,False
ORD-12771,2023-07-25,CUST1323,Brandy Chavez,brandy.chavez20@yahoo.com,East,United States,Sports & Outdoors,Water Bottle,3.0,59.93,0.1,1.74,Credit Card,Delivered,2022-11-03,False
ORD-10261,2024-07-27,CUST1437,Christopher Guerra,christopher.guerra76@yahoo.com,West,Canada,Home & Kitchen,Air Fryer,3.0,94.15,0.2,24.67,Gift Card,Delivered,2022-12-08,False
ORD-12647,2023-05-02,CUST1842,Virginia Henderson,virginia.henderson17@yahoo.com,North,United States,Beauty,Sunscreen SPF50,1.0,40.91,0.0,19.63,Paypal,Returned,2021-03-06,False
ORD-10071,2023-04-13,CUST1734,Steven Stein,steven.stein62@yahoo.com,West,Canada,Sports & Outdoors,Resistance Bands,2.0,35.72,0.0,3.95,Debit Card,Pending,2024-04-24,True
ORD-10934,2024-04-25,CUST1342,Anthony Harmon,anthony.harmon18@gmail.com,West,Mexico,Beauty,Shampoo Set,3.0,27.8,0.0,14.07,Paypal,Pending,2024-02-02,False
ORD-10516,2023-07-31,CUST1181,Tina Sanders,tina.sanders59@outlook.com,West,Mexico,Apparel,Wool Sweater,4.0,16.66,0.1,7.62,Credit Card,Delivered,2022-06-21,False
ORD-13128,2024-05-10,CUST1571,Christian Vaughn,christian.vaughn49@outlook.com,North,United States,Apparel,Baseball Cap,2.0,21.9,0.15,22.92,Paypal,Cancelled,2022-01-18,False
ORD-11750,2024-08-12,CUST1575,Kelly Edwards,kelly.edwards69@hotmail.com,West,United States,Electronics,Wireless Earbuds,5.0,199.57,0.15,22.96,Credit Card,Delivered,2024-03-18,False
ORD-10425,2024-04-18,CUST1418,Jeffrey Mills,jeffrey.mills93@yahoo.com,South,Mexico,Home & Kitchen,LED Desk Lamp,3.0,47.92,0.25,11.17,Gift Card,Returned,2024-03-17,False
ORD-11843,2023-12-10,CUST1505,Jodi Roach,,North,United States,Toys,Building Blocks Set,2.0,67.87,0.2,13.83,Paypal,Returned,2021-01-26,False
ORD-13100,2024-06-06,CUST1496,Austin Osborne,austin.osborne51@gmail.com,West,Mexico,Beauty,Lipstick,6.0,11.67,0.0,2.5,Gift Card,Pending,2022-09-28,False
ORD-10787,2023-03-26,CUST1022,Ethan Adams,ethan.adams81@outlook.com,Central,United States,Beauty,Sunscreen SPF50,2.0,20.25,0.2,15.5,Debit Card,Cancelled,2024-08-01,True
ORD-11450,2023-12-07,CUST1534,Anthony Gonzales,anthony.gonzales32@outlook.com,Central,United States,Toys,Board Game,1.0,15.12,0.2,18.12,Credit Card,Cancelled,2023-10-19,False
ORD-11201,2024-09-04,CUST1383,Andrew Foster,,Central,Mexico,Sports & Outdoors,Resistance Bands,1.0,14.74,0.0,8.84,Credit Card,Shipped,2021-05-30,False
ORD-12629,2024-06-04,CUST1580,William Evans,william.evans9@gmail.com,West,Canada,Beauty,Face Moisturizer,5.0,7.71,0.1,0.79,Gift Card,Shipped,2023-03-06,False
ORD-11878,2024-06-16,CUST1301,Heather Fields,heather@gmail.com,Central,Canada,Apparel,Denim Jacket,3.0,23.35,0.2,7.31,Debit Card,Returned,2024-08-05,True
ORD-11092,2023-04-24,CUST1775,Christopher Moore,christopher.moore80@outlook.com,North,Canada,Toys,RC Car,4.0,62.23,0.1,15.37,Paypal,Pending,2021-11-16,False
ORD-12564,2022-07-05,CUST1036,Sherri Baker,sherri.baker55@yahoo.com,South,Canada,Sports & Outdoors,Camping Tent,6.0,84.31,0.2,23.53,Paypal,Shipped,2022-07-25,True
ORD-12222,2024-03-17,CUST1357,Jeffery Ortega,jeffery.ortega48@hotmail.com,Central,Mexico,Electronics,Smartwatch,2.0,140.29,0.05,22.49,Debit Card,Shipped,2024-01-30,False
ORD-11510,2024-02-06,CUST1745,Vincent Novak,vincent.novak6@hotmail.com,West,United States,Apparel,Cotton T-Shirt,5.0,74.52,0.1,11.64,Paypal,Returned,2022-04-15,False
ORD-11125,2023-07-07,CUST1725,Rebecca Marquez,rebecca.marquez30@gmail.com,South,Canada,Sports & Outdoors,Camping Tent,3.0,49.42,0.25,20.64,Gift Card,Pending,2022-06-26,False
ORD-12261,2023-04-29,CUST1623,Colleen Wright,colleen.wright29@outlook.com,North,United States,Beauty,Hair Dryer,3.0,57.9,0.0,8.38,Credit Card,Pending,2022-10-02,False
ORD-10826,2023-01-21,CUST1523,Sarah King,sarah.king12@yahoo.com,Central,Canada,Electronics,Bluetooth Speaker,5.0,117.31,0.2,6.04,Paypal,Returned,2022-09-16,False
ORD-10645,2023-04-05,CUST1657,Connie Turner,connie.turner66@yahoo.com,West,United States,Sports & Outdoors,Water Bottle,1.0,125.04,0.1,18.12,Debit Card,Pending,2024-09-02,True
ORD-13099,2024-08-23,CUST1351,Kimberly Nguyen,kimberly.nguyen12@hotmail.com,South,United States,Sports & Outdoors,Resistance Bands,2.0,69.95,0.0,5.49,Debit Card,Delivered,2021-07-15,False
ORD-10618,2023-10-10,CUST1326,Brett Burns,brett.burns54@outlook.com,Central,United States,Apparel,Baseball Cap,3.0,26.72,0.25,23.71,Credit Card,Shipped,2024-07-12,True
ORD-12121,2023-12-19,CUST1178,Lawrence Adkins,lawrence.adkins35@yahoo.com,East,Mexico,Toys,Action Figure,3.0,26.86,0.0,15.43,Gift Card,Pending,2022-06-11,False
ORD-11307,2023-01-07,CUST1037,Cassandra Gaines,cassandra.gaines71@gmail.com,Central,Canada,Toys,Puzzle 1000PC,4.0,62.88,0.2,21.55,Debit Card,Returned,2021-04-14,False
ORD-11973,2024-11-03,CUST1539,David Davis,david.davis36@gmail.com,East,Canada,Home & Kitchen,Air Fryer,3.0,132.2,0.0,13.65,Credit Card,Delivered,2023-08-25,False
ORD-11627,2023-07-28,CUST1186,Jonathan Peterson,jonathan.peterson86@hotmail.com,South,United States,Sports & Outdoors,Yoga Mat,3.0,108.97,0.05,12.225000000000001,Gift Card,Shipped,2024-04-17,True
ORD-11755,2023-08-29,CUST1168,Joel Williams,joel.williams2@hotmail.com,Central,United States,Electronics,Laptop Stand,4.0,163.84,0.0,10.02,Credit Card,Returned,2022-08-13,False
ORD-11360,2023-09-29,CUST1699,Brent Hernandez,brent@gmail.com,West,United States,Sports & Outdoors,Hiking Backpack,6.0,119.22,0.15,15.68,Credit Card,Delivered,2022-12-04,False
ORD-12893,2023-03-17,CUST1397,Gary Jackson,gary.jackson3@gmail.com,West,Canada,Beauty,Hair Dryer,1.0,19.87,0.0,16.38,Gift Card,Cancelled,2023-12-26,True
ORD-12710,2023-04-18,CUST1331,Colton Martinez,colton.martinez95@gmail.com,South,Canada,Apparel,Cotton T-Shirt,3.0,41.52,0.05,13.62,Gift Card,Shipped,2021-10-10,False
ORD-12216,2024-03-20,CUST1757,Melissa Stephens,melissa.stephens78@gmail.com,Central,Mexico,Toys,Board Game,3.0,51.03,0.2,7.08,Credit Card,Delivered,2023-02-27,False
ORD-12594,2024-11-28,CUST1148,Kathy Rivas,kathy.rivas15@hotmail.com,South,United States,Electronics,Laptop Stand,5.0,112.27,0.0,15.87,Credit Card,Pending,2021-08-29,False
ORD-10982,2024-05-28,CUST1336,Daniel Kane,daniel.kane93@outlook.com,Central,Mexico,Electronics,Laptop Stand,6.0,147.51,0.15,12.13,Paypal,Pending,2022-08-13,False
ORD-12927,2024-04-01,CUST1217,Mark Brown,mark.brown97@gmail.com,West,Mexico,Toys,Board Game,4.0,42.81,0.05,11.97,Gift Card,Pending,2021-06-17,False
ORD-12714,2024-09-02,CUST1638,Maria Fisher,maria.fisher13@outlook.com,West,United States,Home & Kitchen,Throw Blanket,3.0,159.28,0.05,1.76,Debit Card,Delivered,2024-08-12,False
ORD-11640,2024-10-11,CUST1117,Ashley Waller,ashley.waller30@gmail.com,North,Mexico,Electronics,Webcam,2.0,156.6,0.0,9.05,Paypal,Cancelled,2022-01-30,False
ORD-12036,2024-08-06,CUST1242,Kevin Walters,kevin.walters7@outlook.com,North,Canada,Home & Kitchen,Non-Stick Pan Set,3.0,57.178999999999995,0.0,5.07,Paypal,Shipped,2021-05-15,False
ORD-11421,2023-01-02,CUST1434,Ashley Wise,ashley.wise6@hotmail.com,North,Canada,Apparel,Wool Sweater,1.0,31.86,0.15,17.32,Gift Card,Pending,2022-11-11,False
ORD-12704,2023-01-25,CUST1467,William Jones,william.jones87@hotmail.com,Central,Mexico,Beauty,Hair Dryer,4.0,52.49,0.15,12.13,Credit Card,Delivered,2023-09-30,True
ORD-12672,2024-06-19,CUST1316,Lauren Carson,lauren.carson84@hotmail.com,North,Canada,Home & Kitchen,Coffee Maker,3.0,144.36,0.15,7.35,Debit Card,Returned,2022-08-09,False
ORD-11624,2024-05-17,CUST1630,Rhonda Chavez,rhonda.chavez7@gmail.com,West,Canada,Beauty,Sunscreen SPF50,2.0,41.68,0.25,1.44,Gift Card,Cancelled,2023-05-04,False
ORD-12538,2024-07-19,CUST1202,Elizabeth Perkins,elizabeth.perkins78@hotmail.com,North,Mexico,Apparel,Baseball Cap,5.0,34.55,0.0,8.18,Paypal,Delivered,2021-07-23,False
ORD-13126,2023-04-20,CUST1095,Anna Henderson,anna.henderson24@gmail.com,East,United States,Home & Kitchen,Throw Blanket,6.0,169.29,0.0,8.9,Gift Card,Cancelled,2022-06-17,False
ORD-12382,2024-11-09,CUST1504,Katherine Martinez,katherine.martinez14@gmail.com,Central,Canada,Apparel,Baseball Cap,1.0,23.03,0.05,17.2,Debit Card,Pending,2022-04-13,False
ORD-12717,,CUST1416,Gwendolyn Klein,gwendolyn.klein14@gmail.com,Central,Canada,Beauty,Shampoo Set,3.0,27.02,0.0,2.42,Debit Card,Returned,2021-03-07,False
ORD-12073,2023-07-02,CUST1133,Daniel Kennedy,daniel.kennedy35@yahoo.com,South,United States,Electronics,Bluetooth Speaker,6.0,114.32,0.0,3.97,Gift Card,Cancelled,2021-05-27,False
ORD-10385,2023-05-23,CUST1488,Bobby Guerrero,bobby.guerrero25@hotmail.com,North,United States,Apparel,Cotton T-Shirt,6.0,32.0,0.2,1.07,Paypal,Returned,2022-08-29,False
ORD-11408,2023-12-09,CUST1534,Anthony Gonzales,anthony.gonzales32@outlook.com,Central,United States,Electronics,USB-C Cable,3.0,109.16,0.1,5.91,Paypal,Delivered,2023-10-19,False
ORD-10059,2023-04-26,CUST1434,Ashley Wise,ashley.wise6@hotmail.com,North,Canada,Sports & Outdoors,Water Bottle,4.0,26.2,0.2,1.74,Gift Card,Returned,2022-11-11,False
ORD-12984,2024-07-24,CUST1839,Michele Smith,michele@gmail.com,South,Canada,Home & Kitchen,LED Desk Lamp,6.0,59.41,0.1,12.225000000000001,Credit Card,Delivered,2024-01-09,False
ORD-11390,2023-12-08,CUST1518,Penny Bowman,penny.bowman17@yahoo.com,East,United States,Sports & Outdoors,Hiking Backpack,3.0,81.3,0.0,19.22,Gift Card,Returned,2022-08-21,False
ORD-12895,2024-09-30,CUST1281,Tammie Bright,tammie.bright94@outlook.com,East,Mexico,Apparel,Cotton T-Shirt,1.0,47.5,0.0,2.12,Credit Card,Shipped,2024-06-13,False
ORD-12780,2024-02-24,CUST1345,Theresa Williams,theresa.williams5@yahoo.com,North,United States,Home & Kitchen,Non-Stick Pan Set,2.0,37.63,0.05,3.07,Debit Card,Returned,2023-05-06,False
ORD-10945,2023-07-05,CUST1409,Jesse Brown,jesse.brown65@outlook.com,West,United States,Toys,Building Blocks Set,1.0,38.4,0.05,22.48,Debit Card,Cancelled,2021-04-20,False
ORD-12288,2024-08-28,CUST1222,Elizabeth Oliver Dds,elizabeth.dds16@gmail.com,West,United States,Home & Kitchen,Non-Stick Pan Set,4.0,127.4,0.0,21.68,Debit Card,Delivered,2023-10-16,False
ORD-12853,2024-11-09,CUST1135,Jose Schultz,jose.schultz52@outlook.com,West,United States,Beauty,Face Moisturizer,5.0,24.81,0.15,11.61,Paypal,Delivered,2023-10-22,False
ORD-13075,2023-08-03,CUST1743,Valerie Taylor,valerie.taylor79@gmail.com,North,Canada,Apparel,Cotton T-Shirt,5.0,43.91,0.05,8.36,Credit Card,Cancelled,2023-12-25,True
ORD-11493,2023-05-19,CUST1415,Antonio Garcia,antonio.garcia12@yahoo.com,Central,Canada,Sports & Outdoors,Hiking Backpack,2.0,99.2,0.0,14.49,Gift Card,Returned,2023-06-02,True
ORD-12983,2024-05-31,CUST1002,Angie Henderson,angie@gmail.com,Central,Canada,Apparel,Cotton T-Shirt,6.0,10.94,0.0,12.13,Debit Card,Delivered,2022-04-22,False
ORD-10436,2023-11-22,CUST1268,Cynthia Rowe,cynthia.rowe9@gmail.com,North,Mexico,Home & Kitchen,LED Desk Lamp,5.0,92.56,0.0,18.83,Credit Card,Shipped,2023-03-11,False
ORD-12511,2023-02-07,CUST1329,Ariana Jennings,ariana.jennings90@gmail.com,West,United States,Toys,RC Car,1.0,36.05,0.0,5.67,Gift Card,Pending,2022-01-26,False
ORD-11403,2023-01-22,CUST1109,Sharon Cochran,sharon.cochran32@hotmail.com,West,United States,Sports & Outdoors,Resistance Bands,5.0,72.33,0.2,22.51,Debit Card,Cancelled,2024-03-13,True
ORD-11728,2021-02-09,CUST1172,Joshua Cooke,joshua.cooke90@outlook.com,West,United States,Toys,Building Blocks Set,2.0,36.9,0.0,10.51,Paypal,Pending,2021-02-14,True
ORD-12760,2024-11-11,CUST1132,Mary Marshall,mary.marshall34@yahoo.com,Central,United States,Sports & Outdoors,Camping Tent,5.0,40.26,0.0,13.06,Debit Card,Shipped,2023-05-21,False
ORD-12651,2023-10-25,CUST1538,Emma Owens,emma.owens50@outlook.com,East,Canada,Sports & Outdoors,Yoga Mat,2.0,99.89,0.0,12.69,Credit Card,Returned,2022-01-04,False
ORD-10490,2023-03-16,CUST1046,John Pierce,john@gmail.com,Central,Canada,Electronics,Webcam,6.0,81.5637,0.25,14.77,Gift Card,Pending,2024-09-08,True
ORD-12130,2024-12-02,CUST1478,Curtis Williams,curtis.williams30@hotmail.com,North,Canada,Electronics,Wireless Earbuds,5.0,50.4,0.25,5.48,Gift Card,Pending,2024-09-04,False
ORD-11617,2023-10-09,CUST1280,Amanda Jones,amanda.jones92@hotmail.com,West,United States,Toys,Building Blocks Set,6.0,69.32,0.25,20.9,Debit Card,Shipped,2021-12-08,False
ORD-11424,2024-07-07,CUST1570,Ashley Smith,ashley.smith85@outlook.com,Central,United States,Home & Kitchen,LED Desk Lamp,3.0,159.34,0.15,6.23,Paypal,Shipped,2021-07-06,False
ORD-10557,2024-07-27,CUST1301,Heather Fields,heather@gmail.com,Central,Canada,Toys,Building Blocks Set,1.0,49.26,0.0,5.48,Paypal,Pending,2024-08-05,True
ORD-10828,2024-06-13,CUST1820,Debra Perry,debra.perry43@gmail.com,East,United States,Electronics,Webcam,4.0,190.87,0.15,23.73,Gift Card,Cancelled,2021-10-27,False
ORD-11980,2023-07-08,CUST1205,David Martinez,david.martinez86@outlook.com,West,Canada,Beauty,Sunscreen SPF50,2.0,50.05,0.0,3.65,Paypal,Cancelled,2023-02-06,False
ORD-11494,2024-10-24,CUST1251,Olivia Harris,olivia.harris24@yahoo.com,West,United States,Apparel,Running Shoes,3.0,23.59,0.25,0.34,Paypal,Shipped,2023-06-16,False
ORD-10822,2024-10-06,CUST1086,Shirley Suarez,shirley.suarez92@outlook.com,East,United States,Sports & Outdoors,Yoga Mat,3.0,124.74,0.05,15.85,Paypal,Shipped,2022-04-26,False
ORD-11373,2023-01-10,CUST1447,Shelly Spencer,shelly.spencer86@hotmail.com,East,Canada,Electronics,USB-C Cable,6.0,198.64,0.1,5.87,Paypal,Cancelled,2023-12-17,True
ORD-11708,2023-10-14,CUST1084,Zachary Ferrell,zachary.ferrell71@hotmail.com,West,United States,Sports & Outdoors,Hiking Backpack,1.0,82.19,0.0,17.12,Paypal,Cancelled,2021-11-22,False
ORD-10229,2024-12-11,CUST1005,Connie Lawrence,connie.lawrence98@outlook.com,West,Canada,Beauty,Hair Dryer,4.0,39.59,0.0,10.08,Paypal,Delivered,2021-07-29,False
ORD-11428,2023-03-25,CUST1690,Ryan Landry,ryan.landry58@yahoo.com,Central,United States,Toys,Action Figure,3.0,16.32,0.15,22.67,Paypal,Shipped,2024-08-08,True
ORD-12362,2024-06-18,CUST1818,Michael Poole,,North,United States,Sports & Outdoors,Resistance Bands,5.0,100.26,0.05,17.9,Paypal,Returned,2021-07-04,False
ORD-12405,2023-02-24,CUST1624,Shelley Miller,shelley.miller40@yahoo.com,East,United States,Beauty,Lipstick,1.0,14.95,0.0,13.99,Gift Card,Pending,2021-05-14,False
ORD-10862,2023-12-06,CUST1559,Louis Martin,louis.martin49@gmail.com,South,United States,Sports & Outdoors,Water Bottle,3.0,33.79,0.25,10.2,Gift Card,Cancelled,2023-09-09,False
ORD-11604,,CUST1537,Bianca Wood,bianca.wood46@hotmail.com,East,Canada,Toys,Puzzle 1000PC,2.0,15.98,0.0,20.85,Gift Card,Delivered,2024-01-21,False
ORD-10357,2024-07-12,CUST1398,Ashley Hicks,,East,Canada,Home & Kitchen,Throw Blanket,4.0,138.65,0.0,23.29,Paypal,Delivered,2022-07-17,False
ORD-13115,2023-01-14,CUST1212,Melissa Martinez,melissa.martinez72@gmail.com,East,Canada,Home & Kitchen,Throw Blanket,2.0,89.28,0.0,5.32,Debit Card,Cancelled,2024-06-01,True
ORD-11132,2023-09-20,CUST1797,Michael Perry Phd,michael.phd84@outlook.com,West,United States,Sports & Outdoors,Camping Tent,1.0,97.55,0.0,9.19,Paypal,Pending,2022-07-02,False
ORD-12793,2023-06-08,CUST1718,Kathryn Mccann,kathryn.mccann81@gmail.com,Central,Mexico,Toys,RC Car,2.0,66.71,0.0,5.35,Gift Card,Shipped,2021-06-04,False
ORD-11852,2024-11-01,CUST1555,Nicole Gonzalez,nicole@gmail.com,South,Mexico,Apparel,Denim Jacket,6.0,36.8,0.15,11.22,Credit Card,Returned,2022-12-12,False
ORD-10095,2024-06-18,CUST1590,Laurie Sanchez,laurie.sanchez25@hotmail.com,West,Canada,Electronics,Bluetooth Speaker,5.0,241.35,0.05,23.35,Paypal,Cancelled,2022-03-09,False
ORD-12568,2024-03-08,CUST1203,Joseph Coleman,joseph.coleman99@yahoo.com,South,United States,Toys,Board Game,2.0,46.32,0.05,15.09,Credit Card,Delivered,2023-05-31,False
ORD-10738,2023-03-22,CUST1614,Elizabeth Sharp,elizabeth.sharp60@gmail.com,Central,Canada,Toys,RC Car,4.0,55.42,0.15,5.19,Credit Card,Shipped,2023-08-22,True
ORD-10216,2023-10-24,CUST1645,Kim Morrow,kim.morrow76@hotmail.com,West,United States,Apparel,Baseball Cap,1.0,63.91,0.05,22.43,Gift Card,Returned,2024-03-11,True
ORD-11014,2024-08-30,CUST1307,Carlos Ryan,,West,United States,Beauty,Face Moisturizer,5.0,32.77,0.05,3.89,Debit Card,Pending,2023-06-20,False
ORD-11396,2023-07-14,CUST1545,Cindy Gomez,,Central,United States,Home & Kitchen,Throw Blanket,5.0,94.82,0.2,4.5,Credit Card,Shipped,2021-04-26,False
ORD-12728,2023-07-16,CUST1402,Mary Thompson,mary.thompson11@gmail.com,West,United States,Beauty,Shampoo Set,1.0,19.82,0.15,16.22,Gift Card,Pending,2021-07-11,False
ORD-12265,2023-02-01,CUST1062,Connor West,connor.west43@hotmail.com,South,Mexico,Beauty,Sunscreen SPF50,4.0,35.21,0.15,11.06,Paypal,Cancelled,2022-05-24,False
ORD-10325,2024-09-26,CUST1397,Gary Jackson,gary.jackson3@gmail.com,West,Canada,Toys,Building Blocks Set,4.0,54.68,0.15,17.12,Credit Card,Delivered,2023-12-26,False
ORD-11306,2024-05-24,CUST1061,Gerald Hensley,gerald.hensley31@yahoo.com,North,United States,Apparel,Cotton T-Shirt,3.0,76.59,0.1,10.31,Paypal,Delivered,2021-12-29,False
ORD-10983,2023-04-08,CUST1802,Reginald Morrow,reginald.morrow50@outlook.com,East,United States,Electronics,Webcam,4.0,50.84,0.0,7.1,Credit Card,Cancelled,2022-04-15,False
ORD-12607,2024-10-08,CUST1504,Katherine Martinez,katherine.martinez14@gmail.com,Central,Canada,Electronics,Wireless Earbuds,5.0,20.71,0.0,2.7,Debit Card,Returned,2022-04-13,False
ORD-11893,,CUST1044,Angelica Tucker,angelica@gmail.com,South,United States,Beauty,Sunscreen SPF50,6.0,5.75,0.1,3.41,Paypal,Cancelled,2021-05-20,False
ORD-10961,2024-12-04,CUST1158,Melissa Gates,melissa.gates2@yahoo.com,South,Canada,Beauty,Hair Dryer,2.0,28.47,0.0,19.48,Gift Card,Cancelled,2023-04-20,False
ORD-10384,2024-04-28,CUST1013,Michele Williams,michele.williams99@gmail.com,East,United States,Beauty,Sunscreen SPF50,1.0,38.54,0.0,13.15,Paypal,Shipped,2022-04-15,False
ORD-10187,2023-05-02,CUST1677,Joseph Howard,joseph.howard95@yahoo.com,West,United States,Sports & Outdoors,Hiking Backpack,2.0,16.88,0.0,12.34,Gift Card,Delivered,2024-08-18,True
ORD-10943,2024-01-18,CUST1194,John Bishop,john.bishop23@gmail.com,South,Canada,Toys,Action Figure,6.0,37.95,0.25,17.68,Paypal,Pending,2024-09-15,True
ORD-10584,2024-09-18,CUST1612,Franklin Wright,franklin.wright98@yahoo.com,North,United States,Apparel,Wool Sweater,2.0,16.02,0.05,22.54,Paypal,Shipped,2022-11-19,False
ORD-12423,2023-08-04,CUST1201,Ricky Davis Ii,ricky.ii71@outlook.com,Central,United States,Sports & Outdoors,Yoga Mat,6.0,92.47,0.0,3.91,Paypal,Cancelled,2023-02-20,False
ORD-11742,2020-12-13,CUST1505,Jodi Roach,,North,United States,Sports & Outdoors,Hiking Backpack,2.0,142.43,0.0,8.81,Debit Card,Shipped,2021-01-26,True
ORD-10427,2023-02-08,CUST1682,Dean Donovan,dean.donovan10@yahoo.com,Central,Canada,Beauty,Hair Dryer,1.0,5.17,0.0,15.22,Credit Card,Returned,2021-12-22,False
ORD-11915,2024-05-08,CUST1617,Jonathan Jacobson,jonathan.jacobson73@hotmail.com,South,Canada,Apparel,Baseball Cap,1.0,65.34,0.1,2.64,Paypal,Pending,2021-10-21,False
ORD-12137,2023-11-14,CUST1597,Susan Davis,,South,Mexico,Toys,Building Blocks Set,5.0,10.83,0.25,12.26,Credit Card,Pending,2024-03-17,True
ORD-13062,2024-03-25,CUST1494,Meghan Cisneros,meghan.cisneros52@gmail.com,Central,Canada,Electronics,Laptop Stand,5.0,174.1,0.15,21.07,Paypal,Cancelled,2024-08-04,True
ORD-12103,2024-03-23,CUST1257,Kathleen Moran,kathleen.moran66@yahoo.com,South,United States,Apparel,Cotton T-Shirt,2.0,26.17,0.1,6.24,Paypal,Shipped,2023-06-15,False
ORD-11255,2023-03-04,CUST1420,George Harper,george@gmail.com,West,United States,Apparel,Cotton T-Shirt,3.0,88.95,0.0,5.14,Credit Card,Returned,2023-10-06,True
ORD-11220,2024-07-16,CUST1388,Sandra Drake,sandra@gmail.com,South,United States,Home & Kitchen,Throw Blanket,4.0,87.47,0.2,21.67,Paypal,Shipped,2023-08-20,False
ORD-11715,2023-03-21,CUST1341,Cynthia Morris,cynthia.morris7@gmail.com,West,Canada,Electronics,Wireless Earbuds,5.0,29.22,0.0,24.65,Credit Card,Shipped,2023-04-27,True
ORD-11119,2024-07-26,CUST1549,Pamela Diaz,pamela.diaz85@hotmail.com,East,United States,Beauty,Face Moisturizer,4.0,43.88,0.0,6.29,Paypal,Cancelled,2024-04-15,False
ORD-12039,2024-11-03,CUST1522,Hannah Everett,hannah.everett99@yahoo.com,West,United States,Home & Kitchen,Coffee Maker,3.0,121.31,0.0,13.57,Gift Card,Shipped,2023-07-15,False
ORD-10469,2024-07-30,CUST1467,William Jones,william.jones87@hotmail.com,Central,Mexico,Beauty,Face Moisturizer,4.0,26.74,0.05,3.54,Paypal,Shipped,2023-09-30,False
ORD-11814,2023-08-18,CUST1584,Jamie Baird,jamie.baird45@hotmail.com,West,Canada,Apparel,Running Shoes,4.0,16.56,0.05,6.33,Credit Card,Delivered,2022-06-25,False
ORD-12643,2023-12-03,CUST1818,Michael Poole,,North,United States,Home & Kitchen,Throw Blanket,6.0,61.43,0.0,0.12,Credit Card,Pending,2021-07-04,False
ORD-11097,2023-12-13,CUST1449,Phillip Nelson,phillip.nelson87@outlook.com,North,Mexico,Electronics,Wireless Earbuds,4.0,150.7,0.0,16.64,Credit Card,Returned,2024-06-12,True
ORD-13141,2024-10-12,CUST1015,Brian Ramirez,brian.ramirez83@hotmail.com,South,United States,Toys,Puzzle 1000PC,3.0,11.2,0.0,11.79,Gift Card,Delivered,2021-10-20,False
ORD-12293,2024-10-09,CUST1016,Holly Wood,holly.wood69@outlook.com,Central,United States,Electronics,Laptop Stand,4.0,185.26,0.0,8.78,Debit Card,Returned,2024-04-12,False
ORD-12997,2023-12-29,CUST1848,Jessica Bowen,jessica@gmail.com,North,Canada,Electronics,Bluetooth Speaker,2.0,49.29,0.05,7.36,Paypal,Shipped,2022-03-19,False
ORD-11855,2023-09-19,CUST1756,Karen Morales Dds,karen.dds61@hotmail.com,East,United States,Beauty,Hair Dryer,4.0,28.9,0.25,5.77,Debit Card,Shipped,2021-06-30,False
ORD-11454,2024-07-15,CUST1403,Kathleen Webster,kathleen.webster8@gmail.com,West,United States,Apparel,Wool Sweater,4.0,31.69,0.05,12.77,Debit Card,Delivered,2021-12-17,False
ORD-12143,2024-09-12,CUST1632,Robert Cummings,robert.cummings13@outlook.com,South,United States,Beauty,Face Moisturizer,5.0,22.14,0.1,10.71,Debit Card,Cancelled,2024-06-29,False
ORD-12300,2023-04-16,CUST1731,Alexander Gomez,alexander.gomez1@yahoo.com,South,Canada,Sports & Outdoors,Hiking Backpack,3.0,86.2,0.0,6.75,Debit Card,Returned,2023-06-20,True
ORD-10502,2023-06-13,CUST1747,Dana Bennett,dana.bennett11@outlook.com,West,United States,Beauty,Face Moisturizer,2.0,16.85,0.2,17.31,Gift Card,Returned,2024-05-10,True
ORD-11954,2023-10-23,CUST1826,Heather Brown,heather.brown39@yahoo.com,South,Canada,Beauty,Shampoo Set,3.0,45.36,0.1,12.34,Paypal,Pending,2023-01-09,False
ORD-10501,2024-08-19,CUST1144,Amber Wright,amber.wright25@outlook.com,West,Canada,Toys,Board Game,2.0,60.17,0.15,4.08,Paypal,Pending,2024-06-29,False
ORD-10152,2024-11-01,CUST1042,Sherry Decker,sherry.decker8@outlook.com,Central,United States,Electronics,Laptop Stand,5.0,98.87,0.25,22.37,Gift Card,Delivered,2021-04-28,False
ORD-13085,2024-08-14,CUST1428,Robin Santiago,robin.santiago4@hotmail.com,East,Mexico,Electronics,Smartwatch,3.0,212.21,0.0,21.96,Debit Card,Returned,2022-03-06,False
ORD-10562,2023-09-16,CUST1088,Lisa Archer,lisa.archer28@gmail.com,East,Canada,Home & Kitchen,Air Fryer,6.0,60.61,0.25,13.28,Gift Card,Delivered,2023-04-30,False
ORD-10247,2023-12-03,CUST1471,Richard Cooper,richard.cooper46@gmail.com,South,United States,Home & Kitchen,Non-Stick Pan Set,3.0,91.22,0.25,15.78,Paypal,Cancelled,2023-12-31,True
ORD-10970,2024-01-09,CUST1734,Steven Stein,steven.stein62@yahoo.com,West,Canada,Beauty,Hair Dryer,3.0,23.3,0.05,12.05,Credit Card,Cancelled,2024-04-24,True
ORD-11935,2023-12-25,CUST1574,Daniel Nguyen,daniel.nguyen97@yahoo.com,West,Canada,Sports & Outdoors,Resistance Bands,1.0,31.93,0.05,23.48,Paypal,Cancelled,2024-02-08,True
ORD-10296,2024-10-26,CUST1036,Sherri Baker,sherri.baker55@yahoo.com,South,Canada,Toys,Board Game,2.0,47.48,0.1,15.93,Debit Card,Returned,2022-07-25,False
ORD-11968,2023-03-13,CUST1092,Denise Jacobs,denise.jacobs63@yahoo.com,West,Canada,Home & Kitchen,Non-Stick Pan Set,1.0,96.95,0.0,18.82,Credit Card,Returned,2022-07-13,False
ORD-12998,2023-07-30,CUST1117,Ashley Waller,ashley.waller30@gmail.com,North,Mexico,Sports & Outdoors,Water Bottle,6.0,118.25,0.1,16.96,Gift Card,Delivered,2022-01-30,False
ORD-11972,2023-09-25,CUST1214,Julie Alexander,julie.alexander73@hotmail.com,North,Canada,Beauty,Shampoo Set,6.0,51.06,0.0,8.89,Credit Card,Cancelled,2021-05-23,False
ORD-12350,2023-05-15,CUST1658,Travis Hobbs,travis.hobbs7@yahoo.com,Central,Canada,Sports & Outdoors,Hiking Backpack,1.0,106.54,0.0,9.84,Credit Card,Cancelled,2023-07-20,True
ORD-10836,2024-06-22,CUST1817,Beth Cline,beth.cline37@outlook.com,West,Mexico,Beauty,Lipstick,3.0,59.23,0.25,10.32,Paypal,Pending,2021-09-14,False
ORD-11853,2024-06-24,CUST1396,Jennifer Collins,jennifer.collins59@outlook.com,Central,United States,Beauty,Sunscreen SPF50,3.0,35.16165,0.0,7.04,Gift Card,Returned,2021-05-04,False
ORD-10080,2024-05-22,CUST1663,Samuel Turner,samuel.turner51@yahoo.com,East,Canada,Sports & Outdoors,Yoga Mat,3.0,27.89,0.0,12.84,Gift Card,Delivered,2023-07-26,False
ORD-12770,2023-07-26,CUST1179,Robert Oconnell,robert.oconnell15@hotmail.com,South,Mexico,Toys,Puzzle 1000PC,2.0,31.09,0.0,19.37,Gift Card,Returned,2021-06-04,False
ORD-12638,2023-10-09,CUST1803,Rodney Williams,rodney.williams17@yahoo.com,East,United States,Electronics,Bluetooth Speaker,1.0,194.3,0.2,2.58,Debit Card,Shipped,2021-02-28,False
ORD-10192,2024-03-08,CUST1627,Laura Hernandez,laura.hernandez94@yahoo.com,North,Canada,Toys,Board Game,3.0,38.18,0.0,14.83,Credit Card,Returned,2022-03-09,False
ORD-10666,2024-07-17,CUST1840,Casey Perez,casey.perez99@yahoo.com,East,United States,Apparel,Wool Sweater,5.0,17.37,0.0,9.75,Debit Card,Cancelled,2024-09-06,True
ORD-10530,2024-07-22,CUST1486,Monica Miller,monica.miller83@gmail.com,Central,Canada,Apparel,Wool Sweater,5.0,53.57,0.05,17.14,Debit Card,Returned,2022-05-24,False
ORD-11573,2024-10-24,CUST1670,Chelsea Gill,chelsea.gill96@outlook.com,Central,Mexico,Apparel,Cotton T-Shirt,1.0,19.8289,0.15,4.59,Credit Card,Returned,2024-01-27,False
ORD-10851,2024-10-03,CUST1258,Denise Davenport,denise.davenport4@hotmail.com,Central,United States,Electronics,Webcam,5.0,190.17,0.25,11.95,Debit Card,Cancelled,2021-04-20,False
ORD-11727,2023-10-19,CUST1681,Justin Walker,justin.walker78@yahoo.com,West,United States,Apparel,Cotton T-Shirt,6.0,35.55,0.0,18.79,Credit Card,Cancelled,2022-01-02,False
ORD-10001,2024-07-25,CUST1254,Cynthia Moore,cynthia.moore37@hotmail.com,West,United States,Toys,Board Game,4.0,17.81,0.25,8.12,Paypal,Pending,2023-10-27,False
ORD-12645,2023-01-24,CUST1522,Hannah Everett,hannah.everett99@yahoo.com,West,United States,Home & Kitchen,LED Desk Lamp,6.0,103.13,0.15,12.94,Paypal,Cancelled,2023-07-15,True
ORD-11702,2024-06-01,CUST1056,Timothy Duncan,timothy.duncan17@outlook.com,West,Canada,Toys,Building Blocks Set,2.0,68.01,0.15,8.26,Gift Card,Delivered,2021-11-27,False
ORD-11294,2024-08-20,CUST1391,Laura Mckinney,laura.mckinney73@yahoo.com,East,United States,Electronics,Bluetooth Speaker,1.0,175.11,0.0,21.19,Debit Card,Cancelled,2023-10-20,False
ORD-11309,2023-01-23,CUST1654,Robert Dennis,robert.dennis11@hotmail.com,West,Canada,Sports & Outdoors,Camping Tent,3.0,81.3,0.0,12.48,Gift Card,Returned,2023-06-29,True
ORD-10635,2022-05-02,CUST1035,Jeffrey Chavez,jeffrey.chavez44@gmail.com,South,Canada,Apparel,Wool Sweater,2.0,20.2,0.0,13.34,Credit Card,Returned,2022-05-25,True
ORD-11837,2023-10-05,CUST1835,Timothy Hill,timothy.hill94@hotmail.com,Central,United States,Electronics,Bluetooth Speaker,3.0,206.7,0.0,24.85,Credit Card,Cancelled,2022-07-18,False
ORD-11099,2024-02-15,CUST1835,Timothy Hill,timothy.hill94@hotmail.com,Central,United States,Sports & Outdoors,Hiking Backpack,6.0,91.98,0.25,18.33,Gift Card,Pending,2022-07-18,False
ORD-12145,2023-06-04,CUST1489,Lance Simmons,lance.simmons15@yahoo.com,Central,Canada,Apparel,Denim Jacket,5.0,23.35,0.05,6.07,Paypal,Delivered,2023-10-21,True
ORD-11110,2023-04-17,CUST1388,Sandra Drake,sandra@gmail.com,South,United States,Home & Kitchen,Air Fryer,3.0,115.08,0.2,23.63,Paypal,Pending,2023-08-20,True
ORD-10008,2023-04-01,CUST1323,Brandy Chavez,brandy.chavez20@yahoo.com,East,United States,Electronics,Laptop Stand,5.0,90.13,0.0,9.68,Credit Card,Returned,2022-11-03,False
ORD-12879,2024-06-26,CUST1583,Denise Martinez,denise.martinez98@gmail.com,North,United States,Beauty,Shampoo Set,3.0,8.7,0.25,10.06,Paypal,Delivered,2021-08-05,False
ORD-11419,2023-09-04,CUST1520,Amy Martinez,amy@gmail.com,Central,Canada,Electronics,Laptop Stand,3.0,240.43,0.0,12.13,Debit Card,Cancelled,2022-02-20,False
ORD-13018,2024-11-13,CUST1783,Dennis Huffman,dennis.huffman79@outlook.com,West,United States,Sports & Outdoors,Yoga Mat,4.0,27.47,0.0,18.3,Credit Card,Pending,2023-01-20,False
ORD-11766,2024-06-09,CUST1444,Diane Reyes,,West,Canada,Electronics,Smartwatch,2.0,132.55,0.1,21.37,Credit Card,Shipped,2024-06-11,True
ORD-12923,2024-12-30,CUST1199,Nathan Freeman,nathan.freeman52@hotmail.com,West,Canada,Sports & Outdoors,Yoga Mat,5.0,59.2,0.05,13.41,Paypal,Returned,2021-08-10,False
ORD-11237,,CUST1442,Robert Harrison,robert.harrison21@outlook.com,West,United States,Sports & Outdoors,Yoga Mat,4.0,33.59,0.0,14.5,Paypal,Delivered,2024-02-21,False
ORD-12495,2023-10-13,CUST1133,Daniel Kennedy,daniel.kennedy35@yahoo.com,South,United States,Sports & Outdoors,Camping Tent,4.0,89.89,0.1,19.15,Debit Card,Returned,2021-05-27,False
ORD-12122,2024-10-24,CUST1546,Johnny Khan,,East,Canada,Electronics,Bluetooth Speaker,5.0,44.01,0.2,13.11,Debit Card,Cancelled,2023-09-06,False
ORD-11938,,CUST1441,Joann Ferguson,joann.ferguson44@gmail.com,South,Canada,Toys,Action Figure,1.0,41.36,0.05,3.58,Credit Card,Pending,2021-12-03,False
ORD-12658,2023-03-29,CUST1568,Lisa Randall,lisa.randall62@yahoo.com,South,United States,Beauty,Shampoo Set,5.0,27.29,0.05,19.05,Debit Card,Delivered,2021-07-18,False
ORD-12034,2024-11-06,CUST1067,Carol Tucker,carol.tucker34@gmail.com,West,United States,Apparel,Cotton T-Shirt,2.0,67.12,0.0,11.97,Gift Card,Cancelled,2021-08-11,False
ORD-10437,2023-10-04,CUST1410,Angela Lin,angela.lin44@hotmail.com,East,United States,Apparel,Baseball Cap,2.0,41.56,0.0,13.74,Paypal,Shipped,2022-10-31,False
ORD-11416,2024-12-25,CUST1755,Rachel Jones,rachel.jones44@gmail.com,North,Canada,Apparel,Running Shoes,6.0,37.87,0.1,4.17,Paypal,Shipped,2021-11-26,False
ORD-12094,2023-03-09,CUST1113,Crystal Johnson,crystal.johnson72@yahoo.com,West,United States,Toys,Building Blocks Set,5.0,63.99,0.25,15.85,Debit Card,Returned,2023-09-03,True
ORD-12091,2023-04-24,CUST1224,Matthew Moore,matthew.moore95@gmail.com,West,Canada,Beauty,Face Moisturizer,6.0,52.17,0.05,10.28,Debit Card,Cancelled,2023-06-13,True
ORD-13138,2024-03-26,CUST1438,Rhonda Martin,rhonda.martin11@gmail.com,East,United States,Toys,Puzzle 1000PC,2.0,12.17,0.0,22.03,Credit Card,Delivered,2021-10-18,False
ORD-13004,2023-10-18,CUST1421,Maria Jones,maria.jones10@outlook.com,West,Canada,Beauty,Hair Dryer,4.0,53.52,0.05,23.31,Debit Card,Shipped,2022-05-31,False
ORD-11085,2023-07-01,CUST1056,Timothy Duncan,timothy.duncan17@outlook.com,West,Canada,Toys,Board Game,5.0,53.19,0.0,4.22,Gift Card,Shipped,2021-11-27,False
ORD-10421,2023-10-10,CUST1234,Michael Lyons,michael@gmail.com,East,United States,Beauty,Sunscreen SPF50,1.0,56.78,0.05,9.05,Debit Card,Cancelled,2023-06-25,False
ORD-10874,2024-04-03,CUST1693,Jonathan Brooks,jonathan.brooks6@outlook.com,East,Canada,Apparel,Denim Jacket,5.0,53.28,0.0,12.69,Paypal,Returned,2024-08-27,True
ORD-10318,2024-05-26,CUST1849,Brittany Jenkins,brittany.jenkins69@hotmail.com,Central,Mexico,Beauty,Sunscreen SPF50,1.0,56.58,0.05,23.25,Paypal,Pending,2022-01-24,False
ORD-11856,2024-02-05,CUST1627,Laura Hernandez,laura.hernandez94@yahoo.com,North,Canada,Apparel,Cotton T-Shirt,6.0,53.34,0.0,24.29,Debit Card,Shipped,2022-03-09,False
ORD-11350,2024-09-04,CUST1100,Sandra Aguilar,sandra.aguilar60@outlook.com,Central,Canada,Sports & Outdoors,Yoga Mat,3.0,66.84,0.05,18.57,Debit Card,Pending,2023-01-26,False
ORD-12003,2024-01-27,CUST1376,Glen Wood,glen.wood76@yahoo.com,West,Canada,Home & Kitchen,Throw Blanket,2.0,61.3,0.0,21.63,Paypal,Cancelled,2024-07-06,True
ORD-11369,2024-03-05,CUST1162,Lindsey Walker,lindsey.walker88@outlook.com,North,United States,Home & Kitchen,Coffee Maker,2.0,121.68,0.2,12.19,Gift Card,Shipped,2022-04-11,False
ORD-11781,2022-06-18,CUST1728,Aaron Parker,aaron.parker82@outlook.com,Central,Canada,Toys,Action Figure,1.0,21.1,0.05,19.68,Debit Card,Pending,2022-06-24,True
ORD-10052,,CUST1682,Dean Donovan,dean.donovan10@yahoo.com,Central,Canada,Home & Kitchen,LED Desk Lamp,4.0,88.3,0.25,3.59,Paypal,Shipped,2021-12-22,False
ORD-12624,2024-07-06,CUST1057,Richard Aguirre,richard.aguirre72@gmail.com,South,Canada,Apparel,Denim Jacket,4.0,72.48,0.0,15.15,Debit Card,Pending,2021-08-18,False
ORD-13016,,CUST1465,Jeffrey Mendez,jeffrey.mendez66@gmail.com,North,United States,Apparel,Wool Sweater,5.0,62.38,0.15,1.72,Gift Card,Cancelled,2021-10-05,False
ORD-10931,2024-12-04,CUST1657,Connie Turner,connie.turner66@yahoo.com,West,United States,Beauty,Sunscreen SPF50,6.0,50.76,0.2,3.93,Paypal,Returned,2024-09-02,False
ORD-12695,2024-11-21,CUST1539,David Davis,david.davis36@gmail.com,East,Canada,Electronics,Smartwatch,5.0,41.03,0.0,17.51,Credit Card,Cancelled,2023-08-25,False
ORD-11204,2024-10-16,CUST1223,Theresa Clark,theresa.clark69@yahoo.com,East,Canada,Home & Kitchen,Air Fryer,2.0,164.87,0.2,1.9,Paypal,Pending,2023-10-22,False
ORD-12020,,CUST1224,Matthew Moore,matthew.moore95@gmail.com,West,Canada,Toys,Puzzle 1000PC,6.0,40.81,0.15,22.03,Credit Card,Returned,2023-06-13,False
ORD-13022,2023-12-08,CUST1068,James Brown,james.brown41@hotmail.com,North,United States,Electronics,Bluetooth Speaker,5.0,232.48,0.05,21.32,Paypal,Shipped,2024-05-26,True
ORD-10659,2023-09-27,CUST1187,Samantha Garcia,samantha.garcia63@hotmail.com,East,United States,Beauty,Face Moisturizer,3.0,44.71,0.15,9.98,Debit Card,Shipped,2022-07-27,False
ORD-11701,2024-06-27,CUST1110,Richard Rodriguez,,West,United States,Home & Kitchen,LED Desk Lamp,6.0,96.87,0.05,13.1,Gift Card,Pending,2022-10-28,False
ORD-12748,2024-03-29,CUST1704,Shannon Malone,shannon.malone29@yahoo.com,East,Mexico,Electronics,Webcam,2.0,230.13,0.2,3.25,Credit Card,Pending,2023-03-12,False
ORD-12619,2024-11-13,CUST1221,Jeremy Dalton,,South,United States,Beauty,Hair Dryer,3.0,50.45,0.0,22.2,Gift Card,Returned,2022-09-10,False
ORD-10980,2023-02-27,CUST1800,Jim Newton,jim.newton9@hotmail.com,North,United States,Apparel,Wool Sweater,6.0,48.83,0.1,2.62,Credit Card,Cancelled,2024-01-29,True
ORD-12799,2023-06-10,CUST1653,Amy Gordon,,West,United States,Apparel,Wool Sweater,2.0,51.0,0.0,1.99,Credit Card,Pending,2022-04-02,False
ORD-12356,2024-01-28,CUST1210,Christopher Smith,christopher.smith65@yahoo.com,West,United States,Home & Kitchen,LED Desk Lamp,3.0,16.7,0.05,16.78,Gift Card,Pending,2021-11-13,False
ORD-11889,2023-08-24,CUST1437,Christopher Guerra,christopher.guerra76@yahoo.com,West,Canada,Electronics,Smartwatch,5.0,104.59,0.0,22.9,Debit Card,Pending,2022-12-08,False
ORD-10110,2024-05-15,CUST1129,Megan Orr,megan.orr21@yahoo.com,North,United States,Electronics,Laptop Stand,5.0,109.27,0.2,14.53,Credit Card,Cancelled,2021-12-22,False
ORD-10068,2023-03-07,CUST1085,Daniel Baker,daniel.baker32@outlook.com,South,United States,Sports & Outdoors,Camping Tent,3.0,83.07,0.0,19.33,Paypal,Shipped,2023-12-04,True
ORD-11460,2024-02-10,CUST1568,Lisa Randall,lisa.randall62@yahoo.com,South,United States,Electronics,Bluetooth Speaker,5.0,79.5,0.05,17.88,Debit Card,Shipped,2021-07-18,False
ORD-12373,2024-01-25,CUST1118,Victor Baker,victor.baker98@yahoo.com,West,United States,Sports & Outdoors,Yoga Mat,4.0,86.74,0.0,21.52,Debit Card,Cancelled,2022-01-28,False
ORD-10581,2023-01-01,CUST1600,Casey Gillespie,casey.gillespie29@outlook.com,East,United States,Sports & Outdoors,Water Bottle,2.0,16.24,0.0,22.6,Paypal,Shipped,2024-05-30,True
ORD-11564,2023-08-20,CUST1804,Kimberly Fritz,kimberly.fritz60@outlook.com,South,Mexico,Home & Kitchen,Air Fryer,5.0,98.72,0.0,15.51,Debit Card,Delivered,2024-01-29,True
ORD-11317,2023-07-19,CUST1635,Zachary Michael,zachary.michael21@gmail.com,South,Mexico,Home & Kitchen,Non-Stick Pan Set,6.0,111.73,0.0,20.21,Credit Card,Pending,2024-01-28,True
ORD-12434,2024-07-16,CUST1663,Samuel Turner,samuel.turner51@yahoo.com,East,Canada,Apparel,Baseball Cap,3.0,23.88,0.2,4.98,Debit Card,Delivered,2023-07-26,False
ORD-11398,2024-08-05,CUST1182,Angela Vaughn,angela.vaughn14@yahoo.com,Central,Canada,Electronics,USB-C Cable,6.0,183.61,0.0,3.27,Paypal,Returned,2023-08-24,False
ORD-11305,2023-09-24,CUST1682,Dean Donovan,dean.donovan10@yahoo.com,Central,Canada,Beauty,Hair Dryer,4.0,50.89,0.0,10.58,Gift Card,Shipped,2021-12-22,False
ORD-10682,2023-01-18,CUST1246,Krista Gibson,krista.gibson83@outlook.com,Central,Canada,Toys,RC Car,6.0,55.18,0.2,7.2,Debit Card,Delivered,2021-09-19,False
ORD-11864,2023-11-05,CUST1028,Zachary Hicks,zachary.hicks86@outlook.com,West,Canada,Apparel,Cotton T-Shirt,4.0,71.01,0.25,2.19,Gift Card,Shipped,2023-06-17,False
ORD-12294,2023-09-27,CUST1748,Jenna Wilson,jenna.wilson91@gmail.com,North,Canada,Apparel,Running Shoes,5.0,73.6,0.2,10.71,Paypal,Shipped,2024-03-29,True
ORD-11546,,CUST1005,Connie Lawrence,connie.lawrence98@outlook.com,West,Canada,Home & Kitchen,LED Desk Lamp,1.0,154.93,0.1,19.56,Debit Card,Returned,2021-07-29,False
ORD-11414,2024-09-24,CUST1412,Julian Conner,julian.conner99@outlook.com,North,Canada,Apparel,Wool Sweater,2.0,35.76,0.15,24.77,Credit Card,Shipped,2022-05-20,False
ORD-10365,2023-05-17,CUST1047,Shane Henderson,shane.henderson34@yahoo.com,East,United States,Toys,Building Blocks Set,3.0,52.91,0.25,11.09,Debit Card,Cancelled,2022-10-06,False
ORD-11379,2024-04-11,CUST1291,Stephanie Byrd,stephanie.byrd9@outlook.com,South,United States,Beauty,Shampoo Set,3.0,17.0,0.05,0.75,Paypal,Returned,2022-09-07,False
ORD-11927,2024-05-31,CUST1491,Heather Bolton,heather.bolton70@yahoo.com,North,Canada,Apparel,Wool Sweater,5.0,88.01,0.0,1.15,Gift Card,Shipped,2023-08-23,False
ORD-11861,2024-03-06,CUST1295,John Young,john.young53@gmail.com,North,United States,Electronics,Wireless Earbuds,5.0,168.4,0.05,12.26,Paypal,Cancelled,2021-09-14,False
ORD-12537,2024-02-05,CUST1010,Monica Herrera,monica.herrera21@outlook.com,East,Mexico,Electronics,Laptop Stand,5.0,233.54,0.0,9.63,Debit Card,Pending,2022-12-29,False
ORD-10686,2023-10-16,CUST1821,Mark Beard,mark@gmail.com,South,United States,Apparel,Running Shoes,2.0,71.34,0.0,13.36,Paypal,Returned,2023-08-21,False
ORD-11472,2023-09-24,CUST1485,Jonathan Glass Md,jonathan.md76@hotmail.com,East,United States,Electronics,Smartwatch,4.0,46.33,0.2,4.52,Debit Card,Pending,2022-12-21,False
ORD-11478,2024-10-29,CUST1185,Hannah Patterson,dr..patterson15@gmail.com,South,United States,Electronics,USB-C Cable,6.0,41.16,0.1,1.38,Credit Card,Cancelled,2022-04-26,False
ORD-12072,2023-04-13,CUST1336,Daniel Kane,daniel.kane93@outlook.com,Central,Mexico,Home & Kitchen,Throw Blanket,6.0,78.04,0.2,19.98,Credit Card,Pending,2022-08-13,False
ORD-13040,2023-02-08,CUST1198,Adam Vaughan,adam.vaughan85@outlook.com,North,Canada,Beauty,Hair Dryer,3.0,14.95,0.15,7.9,Credit Card,Cancelled,2023-07-28,True
ORD-11817,2024-02-11,CUST1488,Bobby Guerrero,bobby.guerrero25@hotmail.com,North,United States,Toys,Action Figure,2.0,25.58,0.15,24.35,Credit Card,Pending,2022-08-29,False
ORD-11623,2023-07-20,CUST1207,Cathy Robinson,cathy.robinson48@yahoo.com,Central,Canada,Beauty,Hair Dryer,5.0,29.61,0.15,3.55,Paypal,Pending,2024-02-14,True
ORD-12675,2023-04-26,CUST1081,Mike Allen,mike.allen97@gmail.com,South,Mexico,Beauty,Face Moisturizer,5.0,46.86,0.25,13.35,Debit Card,Delivered,2023-05-21,True
ORD-13121,2024-03-19,CUST1801,Krista Wilson,krista.wilson11@gmail.com,South,Canada,Apparel,Denim Jacket,2.0,68.15,0.0,3.67,Debit Card,Shipped,2022-06-22,False
ORD-10891,2023-01-05,CUST1301,Heather Fields,heather@gmail.com,Central,Canada,Toys,Board Game,1.0,51.11,0.0,22.4,Credit Card,Cancelled,2024-08-05,True
ORD-10374,2023-05-19,CUST1665,Tracy Grant,tracy.grant64@gmail.com,North,Canada,Apparel,Cotton T-Shirt,3.0,58.55,0.1,12.19,Gift Card,Cancelled,2023-12-23,True
ORD-11561,2023-10-27,CUST1496,Austin Osborne,austin.osborne51@gmail.com,West,Mexico,Home & Kitchen,Non-Stick Pan Set,5.0,115.71,0.0,2.45,Gift Card,Shipped,2022-09-28,False
ORD-10914,2024-12-29,CUST1280,Amanda Jones,amanda.jones92@hotmail.com,West,United States,Apparel,Wool Sweater,3.0,46.59,0.0,18.73,Paypal,Delivered,2021-12-08,False
ORD-11970,2024-04-29,CUST1056,Timothy Duncan,timothy.duncan17@outlook.com,West,Canada,Apparel,Wool Sweater,6.0,15.61,0.0,3.82,Debit Card,Shipped,2021-11-27,False
ORD-10928,2023-08-21,CUST1794,Jerry Brown,jerry.brown58@gmail.com,East,United States,Toys,Puzzle 1000PC,5.0,20.41,0.0,8.95,Debit Card,Pending,2023-02-20,False
ORD-10445,2023-07-31,CUST1448,Ryan Rosales,ryan.rosales51@gmail.com,West,Canada,Sports & Outdoors,Yoga Mat,1.0,105.91,0.0,15.17,Gift Card,Delivered,2022-12-14,False
ORD-12571,2024-04-12,CUST1821,Mark Beard,mark@gmail.com,South,United States,Beauty,Shampoo Set,6.0,54.64,0.0,3.82,Credit Card,Returned,2023-08-21,False
ORD-11174,2023-05-03,CUST1381,Paul Wilson,paul.wilson11@hotmail.com,Central,Mexico,Toys,Board Game,3.0,32.71,0.0,23.21,Gift Card,Cancelled,2023-01-30,False
ORD-11443,2024-05-03,CUST1520,Amy Martinez,amy@gmail.com,Central,Canada,Electronics,USB-C Cable,4.0,21.03,0.0,18.83,Debit Card,Shipped,2022-02-20,False
ORD-13073,2023-05-30,CUST1637,Randy Cannon,randy.cannon86@hotmail.com,Central,Canada,Electronics,USB-C Cable,6.0,140.79,0.2,23.79,Gift Card,Pending,2021-11-02,False
ORD-13023,2024-06-13,CUST1534,Anthony Gonzales,anthony.gonzales32@outlook.com,Central,United States,Sports & Outdoors,Hiking Backpack,3.0,68.51,0.0,18.41,Gift Card,Delivered,2023-10-19,False
ORD-11319,2023-04-26,CUST1388,Sandra Drake,sandra@gmail.com,South,United States,Sports & Outdoors,Water Bottle,4.0,84.31,0.0,3.13,Paypal,Shipped,2023-08-20,True
ORD-10344,2023-09-09,CUST1474,Robin Thompson,robin@gmail.com,North,United States,Home & Kitchen,Non-Stick Pan Set,4.0,122.82,0.2,8.29,Paypal,Delivered,2023-07-31,False
ORD-10986,2023-12-28,CUST1344,Kayla Rodriguez,kayla.rodriguez8@gmail.com,South,Canada,Sports & Outdoors,Yoga Mat,6.0,40.06,0.2,14.01,Paypal,Returned,2024-08-28,True
ORD-11873,2023-11-17,CUST1656,Eric Thomas,eric.thomas5@gmail.com,Central,Mexico,Beauty,Hair Dryer,3.0,31.01,0.25,21.74,Debit Card,Delivered,2021-07-06,False
ORD-11301,2024-10-11,CUST1552,Diana Hays,diana.hays94@outlook.com,North,Mexico,Electronics,Webcam,5.0,26.8,0.1,13.28,Credit Card,Pending,2021-09-18,False
ORD-10816,2023-02-22,CUST1584,Jamie Baird,jamie.baird45@hotmail.com,West,Canada,Beauty,Lipstick,2.0,36.51,0.1,17.68,Credit Card,Delivered,2022-06-25,False
ORD-12859,2024-07-14,CUST1457,Brenda Thornton,brenda.thornton29@outlook.com,South,Canada,Beauty,Sunscreen SPF50,6.0,33.29,0.0,8.88,Paypal,Delivered,2021-08-03,False
ORD-10870,2024-10-14,CUST1625,Michael Miller,michael.miller67@outlook.com,South,United States,Beauty,Lipstick,5.0,35.16165,0.15,5.45,Paypal,Pending,2023-06-08,False
ORD-10699,2023-07-25,CUST1802,Reginald Morrow,reginald.morrow50@outlook.com,East,United States,Electronics,Webcam,2.0,175.45,0.2,16.89,Gift Card,Shipped,2022-04-15,False
ORD-10993,2024-06-17,CUST1423,Mary Escobar,mary.escobar80@hotmail.com,East,United States,Home & Kitchen,LED Desk Lamp,3.0,161.76,0.2,0.05,Paypal,Delivered,2022-11-06,False
ORD-10843,2024-09-21,CUST1234,Michael Lyons,michael@gmail.com,East,United States,Home & Kitchen,Air Fryer,6.0,42.69,0.0,9.91,Credit Card,Delivered,2023-06-25,False
ORD-11181,2024-08-11,CUST1646,Gregory Hill,gregory.hill46@gmail.com,West,Canada,Beauty,Lipstick,3.0,12.93,0.1,0.57,Debit Card,Shipped,2021-09-25,False
ORD-12602,2024-12-28,CUST1685,Michael Scott Phd,mr..phd42@gmail.com,East,United States,Toys,Action Figure,1.0,36.42,0.0,10.75,Credit Card,Returned,2024-07-04,False
ORD-10697,2023-03-16,CUST1701,James Watson,james.watson1@gmail.com,North,United States,Electronics,Bluetooth Speaker,6.0,201.11,0.0,12.32,Gift Card,Returned,2024-04-14,True
ORD-12238,,CUST1358,Christian Leblanc,christian.leblanc98@yahoo.com,Central,United States,Apparel,Cotton T-Shirt,6.0,79.95,0.05,9.63,Credit Card,Delivered,2024-05-05,False
ORD-10572,2024-11-18,CUST1385,Chad Scott,chad.scott25@gmail.com,Central,Mexico,Electronics,Smartwatch,2.0,200.96,0.0,11.52,Credit Card,Pending,2023-09-08,False
ORD-11805,2024-05-11,CUST1654,Robert Dennis,robert.dennis11@hotmail.com,West,Canada,Apparel,Cotton T-Shirt,6.0,17.08,0.0,8.75,Paypal,Pending,2023-06-29,False
ORD-11129,2023-07-25,CUST1527,Michelle Jacobs,michelle.jacobs8@yahoo.com,West,United States,Toys,Building Blocks Set,2.0,54.02,0.1,11.21,Paypal,Pending,2021-09-25,False
ORD-10495,2024-08-02,CUST1451,Courtney Hayes,courtney.hayes66@hotmail.com,South,Canada,Apparel,Denim Jacket,4.0,39.68,0.0,24.69,Paypal,Shipped,2023-05-07,False
ORD-12269,2023-01-23,CUST1495,Lawrence Harrington,lawrence.harrington11@outlook.com,South,United States,Apparel,Wool Sweater,6.0,50.485,0.1,10.16,Debit Card,Shipped,2021-06-11,False
ORD-11690,2023-09-04,CUST1707,Richard Knight Phd,mr..phd95@outlook.com,Central,United States,Electronics,Wireless Earbuds,6.0,84.53,0.05,1.06,Paypal,Returned,2022-03-10,False
ORD-11064,2024-03-05,CUST1523,Sarah King,sarah.king12@yahoo.com,Central,Canada,Toys,Building Blocks Set,2.0,33.9,0.2,18.46,Paypal,Pending,2022-09-16,False
ORD-10875,,CUST1340,Allison Smith,allison.smith95@yahoo.com,Central,United States,Beauty,Shampoo Set,4.0,36.71,0.1,9.43,Debit Card,Shipped,2022-05-12,False
ORD-12697,2023-11-11,CUST1251,Olivia Harris,olivia.harris24@yahoo.com,West,United States,Sports & Outdoors,Camping Tent,2.0,91.75,0.05,3.84,Gift Card,Delivered,2023-06-16,False
ORD-10916,2023-08-26,CUST1518,Penny Bowman,penny.bowman17@yahoo.com,East,United States,Apparel,Running Shoes,1.0,35.18,0.0,15.02,Gift Card,Cancelled,2022-08-21,False
ORD-12203,2023-03-04,CUST1367,Holly Farmer,holly.farmer88@yahoo.com,North,United States,Sports & Outdoors,Yoga Mat,3.0,138.44,0.25,12.19,Credit Card,Shipped,2024-08-31,True
ORD-10575,2024-12-11,CUST1621,Lisa Perry,,East,Canada,Beauty,Shampoo Set,5.0,5.33,0.25,2.1,Paypal,Pending,2023-12-30,False
ORD-13077,2023-01-30,CUST1837,Carol Sanders,carol.sanders59@gmail.com,West,Mexico,Home & Kitchen,Non-Stick Pan Set,5.0,44.35,0.0,17.83,Debit Card,Returned,2024-07-30,True
ORD-11975,2024-07-30,CUST1543,Kathleen Robertson,kathleen.robertson76@gmail.com,Central,United States,Home & Kitchen,Throw Blanket,1.0,56.34,0.1,4.34,Debit Card,Returned,2022-12-22,False
ORD-12738,2023-01-20,CUST1034,Debra Davidson,debra.davidson60@gmail.com,North,Canada,Apparel,Denim Jacket,5.0,70.31,0.1,23.8,Credit Card,Delivered,2024-08-31,True
ORD-12490,2023-10-06,CUST1174,Nicole Herring,nicole.herring30@outlook.com,South,Canada,Sports & Outdoors,Camping Tent,4.0,30.98,0.2,19.07,Credit Card,Delivered,2022-03-25,False
ORD-12553,2024-08-24,CUST1608,Rachel Bradley,rachel.bradley95@gmail.com,Central,United States,Apparel,Running Shoes,2.0,27.78,0.25,24.49,Gift Card,Delivered,2024-04-09,False
ORD-12946,,CUST1266,Kimberly Gibson,kimberly.gibson74@yahoo.com,West,Canada,Beauty,Shampoo Set,6.0,34.39,0.1,9.25,Gift Card,Returned,2021-10-22,False
ORD-12679,2024-09-12,CUST1737,Arthur Hamilton Md,arthur.md77@gmail.com,North,United States,Beauty,Shampoo Set,3.0,27.97,0.0,5.41,Credit Card,Delivered,2024-09-17,True
ORD-10508,2023-07-19,CUST1661,Emma Butler,emma.butler14@gmail.com,South,Mexico,Apparel,Running Shoes,3.0,80.18,0.1,12.225000000000001,Paypal,Shipped,2021-12-03,False
ORD-10112,2023-10-11,CUST1513,Robert Arnold,robert.arnold45@gmail.com,West,Mexico,Beauty,Lipstick,2.0,42.59,0.25,0.21,Paypal,Returned,2022-11-18,False
ORD-10382,2024-08-24,CUST1363,Nicole Parrish,nicole.parrish40@gmail.com,North,Mexico,Apparel,Cotton T-Shirt,2.0,57.99,0.0,12.31,Debit Card,Returned,2023-03-22,False
ORD-11100,2023-08-20,CUST1484,Jasmine Beltran,jasmine.beltran53@hotmail.com,North,United States,Toys,Building Blocks Set,1.0,24.23,0.15,24.62,Debit Card,Cancelled,2022-03-21,False
ORD-12794,2024-10-16,CUST1183,Ashley Barton,ashley.barton79@yahoo.com,West,Mexico,Sports & Outdoors,Hiking Backpack,1.0,75.11,0.2,4.25,Credit Card,Pending,2024-08-19,False
ORD-12745,2024-07-02,CUST1081,Mike Allen,mike.allen97@gmail.com,South,Mexico,Apparel,Cotton T-Shirt,5.0,21.22,0.15,4.03,Paypal,Cancelled,2023-05-21,False
ORD-12911,2024-06-20,CUST1603,Keith Rodriguez,keith.rodriguez48@outlook.com,North,United States,Sports & Outdoors,Yoga Mat,3.0,91.99,0.0,2.51,Credit Card,Shipped,2022-09-04,False
ORD-12747,2024-09-09,CUST1104,Richard Henson,richard.henson39@gmail.com,East,Canada,Beauty,Hair Dryer,6.0,50.45,0.2,3.17,Paypal,Cancelled,2024-03-05,False
ORD-11836,2023-04-09,CUST1383,Andrew Foster,,Central,Mexico,Beauty,Lipstick,1.0,35.35,0.2,18.36,Debit Card,Cancelled,2021-05-30,False
ORD-11751,2024-05-27,CUST1240,Andrew Avila,andrew.avila6@yahoo.com,Central,Canada,Beauty,Face Moisturizer,2.0,42.93,0.2,16.51,Gift Card,Returned,2023-06-16,False
ORD-12387,2023-01-30,CUST1026,Justin Baker,justin.baker69@yahoo.com,West,Canada,Home & Kitchen,Non-Stick Pan Set,1.0,120.35,0.0,13.84,Paypal,Shipped,2021-09-20,False
ORD-11912,2024-12-31,CUST1160,Paul Castaneda,paul@gmail.com,Central,United States,Apparel,Denim Jacket,3.0,10.43,0.1,6.31,Paypal,Returned,2022-11-04,False
ORD-10233,2024-04-29,CUST1622,Kaitlin Medina,kaitlin.medina97@yahoo.com,North,Mexico,Electronics,Wireless Earbuds,1.0,139.12,0.05,21.45,Paypal,Shipped,2021-02-06,False
ORD-11286,2023-07-20,CUST1372,Ellen Morgan,ellen.morgan58@gmail.com,North,United States,Toys,Action Figure,6.0,58.12,0.2,21.18,Credit Card,Cancelled,2022-05-17,False
ORD-11453,2024-10-20,CUST1810,Carol Taylor,carol.taylor38@yahoo.com,East,United States,Toys,Puzzle 1000PC,3.0,47.43,0.0,16.12,Gift Card,Shipped,2021-01-15,False
ORD-12278,2023-11-13,CUST1591,Kiara Little,kiara.little8@yahoo.com,Central,United States,Sports & Outdoors,Camping Tent,2.0,128.54,0.2,8.96,Paypal,Pending,2021-05-15,False
ORD-11102,2024-02-10,CUST1567,Lauren Jackson,lauren.jackson47@gmail.com,East,Mexico,Electronics,Laptop Stand,4.0,45.59,0.0,24.77,Debit Card,Pending,2023-05-26,False
ORD-11672,2024-07-17,CUST1629,Kevin Davis,kevin.davis69@gmail.com,North,Mexico,Apparel,Wool Sweater,1.0,55.33,0.2,24.37,Credit Card,Shipped,2024-05-01,False
ORD-12883,2024-11-24,CUST1711,Stephanie Elliott,stephanie.elliott46@yahoo.com,North,United States,Apparel,Cotton T-Shirt,2.0,54.61,0.0,23.69,Gift Card,Pending,2024-09-04,False
ORD-10543,2023-01-24,CUST1524,Krista Martinez,krista.martinez42@yahoo.com,South,United States,Home & Kitchen,Air Fryer,3.0,154.82,0.05,6.99,Credit Card,Pending,2021-07-06,False
ORD-11148,2023-03-29,CUST1542,Kenneth Edwards,kenneth.edwards23@yahoo.com,East,Mexico,Home & Kitchen,Coffee Maker,5.0,41.15,0.25,13.67,Gift Card,Pending,2022-04-30,False
ORD-10478,2024-07-27,CUST1699,Brent Hernandez,brent@gmail.com,West,United States,Sports & Outdoors,Water Bottle,3.0,44.37,0.0,21.21,Gift Card,Delivered,2022-12-04,False
ORD-10676,2023-03-23,CUST1073,Lauren Daniels,lauren.daniels54@hotmail.com,Central,United States,Toys,Building Blocks Set,3.0,25.61,0.1,10.27,Gift Card,Cancelled,2021-12-23,False
ORD-10195,2024-09-21,CUST1785,Laurie Bailey,laurie.bailey17@yahoo.com,East,United States,Apparel,Cotton T-Shirt,1.0,41.4127,0.0,2.68,Credit Card,Shipped,2021-07-24,False
ORD-11676,2023-07-06,CUST1007,Gina Moore,gina.moore49@gmail.com,Central,United States,Home & Kitchen,Non-Stick Pan Set,1.0,98.98,0.0,24.34,Paypal,Shipped,2024-05-02,True
ORD-11039,2024-08-02,CUST1385,Chad Scott,chad.scott25@gmail.com,Central,Mexico,Beauty,Shampoo Set,5.0,59.04,0.25,6.53,Debit Card,Pending,2023-09-08,False
ORD-10023,2024-12-07,CUST1721,Raymond Johnson,raymond.johnson47@hotmail.com,East,United States,Apparel,Wool Sweater,4.0,17.43,0.1,15.42,Paypal,Cancelled,2022-04-03,False
ORD-12722,2024-05-06,CUST1667,Tammy Boone,tammy.boone17@gmail.com,Central,Canada,Home & Kitchen,LED Desk Lamp,5.0,32.22,0.1,10.87,Paypal,Cancelled,2023-03-05,False
ORD-11897,2024-10-21,CUST1026,Justin Baker,justin.baker69@yahoo.com,West,Canada,Home & Kitchen,LED Desk Lamp,3.0,133.62,0.25,23.8,Debit Card,Pending,2021-09-20,False
ORD-12167,2024-08-07,CUST1498,Meghan Rush,meghan.rush78@gmail.com,South,Canada,Sports & Outdoors,Hiking Backpack,6.0,129.81,0.0,14.61,Gift Card,Returned,2022-09-26,False
ORD-11990,2023-10-22,CUST1017,Derek Zuniga,derek.zuniga18@hotmail.com,North,United States,Electronics,Webcam,1.0,129.68,0.0,5.77,Gift Card,Pending,2021-07-06,False
ORD-12625,2023-04-27,CUST1442,Robert Harrison,robert.harrison21@outlook.com,West,United States,Toys,Puzzle 1000PC,3.0,41.88,0.0,17.66,Debit Card,Cancelled,2024-02-21,True
ORD-10755,2023-12-01,CUST1619,Elizabeth Mendez,elizabeth.mendez27@yahoo.com,West,Canada,Sports & Outdoors,Yoga Mat,3.0,38.2,0.2,6.87,Paypal,Pending,2024-03-26,True
ORD-10969,2024-05-19,CUST1391,Laura Mckinney,laura.mckinney73@yahoo.com,East,United States,Beauty,Lipstick,4.0,39.05,0.0,20.23,Debit Card,Pending,2023-10-20,False
ORD-11104,2023-05-24,CUST1078,Steve Sanchez,steve.sanchez19@gmail.com,West,Canada,Toys,Action Figure,1.0,10.94,0.05,18.41,Gift Card,Delivered,2021-04-05,False
ORD-11723,2024-09-04,CUST1479,Kaylee Hays,kaylee.hays10@yahoo.com,Central,Mexico,Toys,Puzzle 1000PC,1.0,31.8218,0.25,14.43,Credit Card,Pending,2024-04-30,False
ORD-12106,2024-09-13,CUST1768,Jason Nixon,jason.nixon97@outlook.com,West,Canada,Sports & Outdoors,Resistance Bands,3.0,106.35,0.05,3.98,Paypal,Returned,2023-07-29,False
ORD-12488,2024-02-02,CUST1307,Carlos Ryan,,West,United States,Toys,Puzzle 1000PC,2.0,17.65,0.15,14.48,Gift Card,Delivered,2023-06-20,False
ORD-10075,2024-07-26,CUST1687,Robert Jackson,robert.jackson24@gmail.com,West,Canada,Home & Kitchen,Coffee Maker,3.0,86.43,0.15,6.58,Paypal,Pending,2023-11-01,False
ORD-10497,2023-06-25,CUST1692,Crystal Mann,crystal.mann37@gmail.com,Central,Canada,Apparel,Denim Jacket,2.0,63.52,0.25,1.53,Debit Card,Pending,2023-11-25,True
ORD-10021,2023-04-11,CUST1794,Jerry Brown,jerry.brown58@gmail.com,East,United States,Sports & Outdoors,Hiking Backpack,1.0,128.74,0.15,12.69,Paypal,Returned,2023-02-20,False
ORD-12897,2024-09-22,CUST1822,Jose Ramirez,jose.ramirez2@gmail.com,West,United States,Sports & Outdoors,Hiking Backpack,3.0,146.77,0.25,7.06,Credit Card,Cancelled,2022-05-25,False
ORD-11917,2023-07-18,CUST1396,Jennifer Collins,jennifer.collins59@outlook.com,Central,United States,Home & Kitchen,Coffee Maker,3.0,73.55,0.05,14.53,Debit Card,Cancelled,2021-05-04,False
ORD-10938,2023-02-28,CUST1552,Diana Hays,diana.hays94@outlook.com,North,Mexico,Apparel,Running Shoes,4.0,37.58,0.0,13.49,Debit Card,Returned,2021-09-18,False
ORD-11491,2024-07-20,CUST1014,Dylan Miller,dylan.miller28@outlook.com,West,United States,Electronics,Wireless Earbuds,6.0,20.54,0.0,23.13,Credit Card,Returned,2022-03-12,False
ORD-12384,2023-04-30,CUST1076,Angela Lopez,angela.lopez95@yahoo.com,East,Canada,Beauty,Lipstick,2.0,22.86,0.15,23.2,Credit Card,Delivered,2024-09-11,True
ORD-10809,2024-09-03,CUST1444,Diane Reyes,,West,Canada,Electronics,Laptop Stand,4.0,50.41,0.0,11.97,Debit Card,Shipped,2024-06-11,False
ORD-10999,2024-03-07,CUST1464,Jose Allen,jose.allen69@yahoo.com,East,United States,Sports & Outdoors,Yoga Mat,6.0,11.08,0.05,0.07,Gift Card,Delivered,2022-10-25,False
ORD-10732,2024-11-20,CUST1150,David Wright,david.wright19@hotmail.com,Central,Mexico,Electronics,Bluetooth Speaker,4.0,217.16,0.1,13.75,Gift Card,Delivered,2022-01-26,False
ORD-13020,2023-06-03,CUST1660,William David Dds,william.dds44@outlook.com,Central,Canada,Home & Kitchen,Air Fryer,1.0,102.7,0.0,2.46,Gift Card,Returned,2024-07-21,True
ORD-11459,,CUST1095,Anna Henderson,anna.henderson24@gmail.com,East,United States,Apparel,Running Shoes,2.0,25.93,0.05,6.19,Gift Card,Cancelled,2022-06-17,False
ORD-10909,2023-06-12,CUST1030,Rebecca Henderson,rebecca.henderson1@gmail.com,South,Canada,Home & Kitchen,Throw Blanket,4.0,57.26,0.1,21.49,Gift Card,Cancelled,2024-07-16,True
ORD-10024,2023-04-26,CUST1464,Jose Allen,jose.allen69@yahoo.com,East,United States,Home & Kitchen,LED Desk Lamp,4.0,146.47,0.0,3.98,Gift Card,Delivered,2022-10-25,False
ORD-12712,2024-04-30,CUST1461,Eric Williams,eric.williams45@gmail.com,South,United States,Home & Kitchen,Non-Stick Pan Set,2.0,29.09,0.25,8.19,Debit Card,Delivered,2023-06-19,False
ORD-12723,2024-02-03,CUST1306,Edward Burgess,edward.burgess88@hotmail.com,North,Mexico,Toys,Board Game,4.0,45.82,0.1,0.11,Debit Card,Returned,2022-09-02,False
ORD-12526,2023-09-14,CUST1700,Joseph Ochoa,joseph.ochoa52@hotmail.com,West,Mexico,Beauty,Shampoo Set,6.0,48.41,0.0,22.8,Gift Card,Shipped,2022-10-10,False
ORD-12812,2023-01-01,CUST1737,Arthur Hamilton Md,arthur.md77@gmail.com,North,United States,Electronics,Wireless Earbuds,2.0,45.61,0.0,16.56,Gift Card,Pending,2024-09-17,True
ORD-13089,2024-04-23,CUST1609,Casey Chase,casey.chase92@yahoo.com,West,Mexico,Beauty,Shampoo Set,4.0,7.53,0.0,22.73,Credit Card,Returned,2023-12-31,False
ORD-11711,2023-04-06,CUST1558,Larry Robertson,larry.robertson94@hotmail.com,West,United States,Home & Kitchen,LED Desk Lamp,1.0,136.35,0.15,16.57,Gift Card,Pending,2021-12-07,False
ORD-10799,2024-03-29,CUST1061,Gerald Hensley,gerald.hensley31@yahoo.com,North,United States,Apparel,Baseball Cap,3.0,72.22,0.05,5.93,Gift Card,Cancelled,2021-12-29,False
ORD-12929,2023-07-23,CUST1182,Angela Vaughn,angela.vaughn14@yahoo.com,Central,Canada,Electronics,Laptop Stand,2.0,56.19,0.0,20.08,Debit Card,Pending,2023-08-24,True
ORD-10055,2024-10-16,CUST1364,Tracy Burke,tracy.burke10@gmail.com,North,Canada,Electronics,Bluetooth Speaker,1.0,145.05,0.0,3.42,Paypal,Pending,2023-05-18,False
ORD-10416,2023-02-15,CUST1055,Michael Lewis,michael@gmail.com,North,Canada,Beauty,Lipstick,5.0,41.7,0.0,18.77,Credit Card,Delivered,2023-05-18,True
ORD-11445,2024-04-01,CUST1073,Lauren Daniels,lauren.daniels54@hotmail.com,Central,United States,Electronics,Laptop Stand,3.0,112.53,0.1,12.13,Paypal,Cancelled,2021-12-23,False
ORD-12856,2024-05-25,CUST1467,William Jones,william.jones87@hotmail.com,Central,Mexico,Home & Kitchen,Throw Blanket,4.0,53.77,0.0,16.24,Paypal,Cancelled,2023-09-30,False
ORD-11698,2024-03-20,CUST1459,Ruben Dunn,ruben.dunn70@outlook.com,West,Canada,Electronics,Wireless Earbuds,4.0,123.73,0.2,17.56,Credit Card,Cancelled,2024-01-16,False
ORD-12442,2023-11-05,CUST1022,Ethan Adams,ethan.adams81@outlook.com,Central,United States,Sports & Outdoors,Hiking Backpack,6.0,66.25,0.15,2.59,Debit Card,Pending,2024-08-01,True
ORD-11128,2023-07-24,CUST1142,Patricia Rodriguez,,East,United States,Electronics,Laptop Stand,4.0,195.28,0.25,4.38,Credit Card,Cancelled,2021-06-30,False
ORD-12861,2024-11-13,CUST1042,Sherry Decker,sherry.decker8@outlook.com,Central,United States,Home & Kitchen,Coffee Maker,3.0,148.99,0.2,12.0,Gift Card,Shipped,2021-04-28,False
ORD-12475,2021-07-11,CUST1569,Michael Johnson,michael.johnson11@hotmail.com,West,United States,Electronics,USB-C Cable,5.0,87.37,0.0,15.77,Credit Card,Pending,2021-08-25,True
ORD-10015,2023-08-11,CUST1005,Connie Lawrence,connie.lawrence98@outlook.com,West,Canada,Electronics,Laptop Stand,1.0,21.51,0.0,16.67,Paypal,Delivered,2021-07-29,False
ORD-12139,2024-07-15,CUST1606,Brian Martin,brian.martin77@hotmail.com,South,Mexico,Sports & Outdoors,Yoga Mat,5.0,144.29,0.0,22.71,Debit Card,Delivered,2024-09-14,True
ORD-10941,2024-08-11,CUST1045,Philip Cannon,philip.cannon73@yahoo.com,North,Canada,Beauty,Hair Dryer,3.0,7.44,0.0,3.28,Gift Card,Pending,2024-03-31,False
ORD-11393,2024-01-27,CUST1376,Glen Wood,glen.wood76@yahoo.com,West,Canada,Home & Kitchen,Non-Stick Pan Set,3.0,129.09,0.0,1.99,Paypal,Shipped,2024-07-06,True
ORD-12306,2024-03-01,CUST1503,Zachary Mitchell,,East,United States,Toys,Action Figure,3.0,22.42,0.0,18.81,Debit Card,Delivered,2024-03-06,True
ORD-10359,2024-08-10,CUST1706,Adam Jackson,adam.jackson1@hotmail.com,North,United States,Electronics,USB-C Cable,2.0,68.84,0.2,11.45,Paypal,Cancelled,2024-01-06,False
ORD-10924,2023-02-01,CUST1768,Jason Nixon,jason.nixon97@outlook.com,West,Canada,Sports & Outdoors,Hiking Backpack,5.0,30.78,0.15,10.25,Gift Card,Shipped,2023-07-29,True
ORD-12846,2024-02-10,CUST1539,David Davis,david.davis36@gmail.com,East,Canada,Beauty,Lipstick,3.0,36.53,0.0,11.32,Gift Card,Cancelled,2023-08-25,False
ORD-12053,2023-07-02,CUST1329,Ariana Jennings,ariana.jennings90@gmail.com,West,United States,Electronics,Smartwatch,1.0,169.2,0.25,11.98,Debit Card,Delivered,2022-01-26,False
ORD-11833,2024-05-09,CUST1478,Curtis Williams,curtis.williams30@hotmail.com,North,Canada,Home & Kitchen,LED Desk Lamp,5.0,86.13,0.0,22.01,Gift Card,Delivered,2024-09-04,True
ORD-11072,2023-08-06,CUST1222,Elizabeth Oliver Dds,elizabeth.dds16@gmail.com,West,United States,Apparel,Wool Sweater,3.0,29.25,0.0,7.1,Paypal,Delivered,2023-10-16,True
ORD-12764,2024-06-17,CUST1239,Yvonne Chambers,yvonne.chambers8@hotmail.com,North,Canada,Beauty,Lipstick,6.0,18.65,0.1,5.85,Credit Card,Pending,2021-07-31,False
ORD-10125,2024-03-29,CUST1517,Michael Cooper,michael.cooper51@gmail.com,North,United States,Home & Kitchen,LED Desk Lamp,2.0,91.5,0.0,0.1,Paypal,Pending,2024-04-27,True
ORD-13144,2024-07-16,CUST1220,Courtney Mills,courtney.mills40@gmail.com,Central,Canada,Toys,Action Figure,5.0,13.97,0.0,15.0,Debit Card,Pending,2022-03-28,False
ORD-12360,2024-09-24,CUST1401,Craig Morrison,craig.morrison52@hotmail.com,South,United States,Home & Kitchen,Non-Stick Pan Set,4.0,140.66,0.0,12.36,Paypal,Delivered,2024-03-03,False
ORD-12097,2024-12-29,CUST1836,Danielle Watson,danielle@gmail.com,East,United States,Electronics,Wireless Earbuds,1.0,201.62,0.15,24.79,Debit Card,Returned,2021-11-14,False
ORD-12702,2023-10-15,CUST1421,Maria Jones,maria.jones10@outlook.com,West,Canada,Beauty,Hair Dryer,5.0,44.2,0.15,2.46,Gift Card,Returned,2022-05-31,False
ORD-11558,2023-06-09,CUST1048,Joshua Blair,joshua.blair83@outlook.com,North,Canada,Sports & Outdoors,Water Bottle,1.0,73.24,0.15,12.19,Gift Card,Returned,2023-07-26,True
ORD-10130,2024-11-12,CUST1322,Johnathan Davis,johnathan.davis6@gmail.com,East,United States,Home & Kitchen,Air Fryer,3.0,134.66,0.1,15.46,Gift Card,Pending,2021-10-08,False
ORD-10770,2024-09-27,CUST1113,Crystal Johnson,crystal.johnson72@yahoo.com,West,United States,Beauty,Lipstick,5.0,30.325,0.0,6.48,Debit Card,Cancelled,2023-09-03,False
ORD-10461,2023-08-22,CUST1560,Nancy Evans Md,nancy.md5@outlook.com,East,Canada,Sports & Outdoors,Hiking Backpack,5.0,72.21,0.0,3.99,Debit Card,Delivered,2021-11-02,False
ORD-11451,2022-07-04,CUST1036,Sherri Baker,sherri.baker55@yahoo.com,South,Canada,Apparel,Running Shoes,2.0,77.95,0.0,7.65,Debit Card,Delivered,2022-07-25,True
ORD-10872,2023-05-22,CUST1229,Lori Guerrero,lori.guerrero22@gmail.com,North,Canada,Sports & Outdoors,Water Bottle,2.0,49.86,0.0,12.18,Paypal,Shipped,2023-11-12,True
ORD-12828,2024-07-23,CUST1498,Meghan Rush,meghan.rush78@gmail.com,South,Canada,Toys,RC Car,4.0,62.47,0.0,8.98,Debit Card,Pending,2022-09-26,False
ORD-12416,2023-04-06,CUST1004,Cristian Santos,cristian.santos1@yahoo.com,East,United States,Apparel,Baseball Cap,4.0,86.86,0.0,21.63,Credit Card,Pending,2023-05-16,True
ORD-10511,2024-07-18,CUST1638,Maria Fisher,maria.fisher13@outlook.com,West,United States,Apparel,Cotton T-Shirt,2.0,52.7546,0.05,7.4,Credit Card,Shipped,2024-08-12,True
ORD-13097,2024-10-25,CUST1594,Tanya Russell,tanya.russell60@hotmail.com,North,United States,Home & Kitchen,Throw Blanket,5.0,114.9,0.25,24.96,Paypal,Pending,2024-07-25,False
ORD-10691,2024-03-27,CUST1077,Megan Young,megan.young80@outlook.com,East,United States,Toys,Action Figure,4.0,65.04,0.2,8.62,Gift Card,Pending,2021-07-11,False
ORD-12487,2023-06-24,CUST1599,Susan Thompson,susan.thompson99@gmail.com,South,Canada,Electronics,Laptop Stand,5.0,68.34,0.25,4.24,Debit Card,Cancelled,2023-08-29,True
ORD-11272,2023-10-13,CUST1442,Robert Harrison,robert.harrison21@outlook.com,West,United States,Toys,Action Figure,3.0,43.49,0.0,3.89,Gift Card,Delivered,2024-02-21,True
ORD-10257,2023-04-11,CUST1599,Susan Thompson,susan.thompson99@gmail.com,South,Canada,Apparel,Cotton T-Shirt,3.0,48.08,0.0,19.43,Debit Card,Shipped,2023-08-29,True
ORD-12013,2024-08-26,CUST1241,Matthew Moon,matthew.moon47@outlook.com,West,United States,Home & Kitchen,Air Fryer,6.0,114.63,0.1,5.72,Paypal,Delivered,2022-08-03,False
ORD-10283,2024-01-15,CUST1372,Ellen Morgan,ellen.morgan58@gmail.com,North,United States,Beauty,Face Moisturizer,5.0,18.58,0.05,15.1,Paypal,Pending,2022-05-17,False
ORD-10997,2023-04-26,CUST1359,Ronald Davis,ronald.davis47@gmail.com,North,Canada,Apparel,Running Shoes,4.0,53.57,0.0,22.24,Debit Card,Pending,2024-03-01,True
ORD-10503,2023-11-19,CUST1794,Jerry Brown,jerry.brown58@gmail.com,East,United States,Toys,RC Car,2.0,55.71,0.0,23.77,Debit Card,Cancelled,2023-02-20,False
ORD-10119,2023-06-24,CUST1482,Evelyn Martinez,evelyn.martinez39@yahoo.com,South,Canada,Beauty,Shampoo Set,3.0,24.69,0.05,20.29,Credit Card,Returned,2023-02-23,False
ORD-12015,,CUST1210,Christopher Smith,christopher.smith65@yahoo.com,West,United States,Toys,Board Game,1.0,42.76,0.05,7.24,Paypal,Delivered,2021-11-13,False
ORD-11254,2023-07-03,CUST1797,Michael Perry Phd,michael.phd84@outlook.com,West,United States,Electronics,Webcam,6.0,229.46,0.15,7.37,Paypal,Cancelled,2022-07-02,False
ORD-12100,2024-08-26,CUST1517,Michael Cooper,michael.cooper51@gmail.com,North,United States,Apparel,Wool Sweater,2.0,14.56,0.0,12.19,Credit Card,Pending,2024-04-27,False
ORD-10006,2024-09-23,CUST1788,Cesar Wilson,cesar.wilson63@outlook.com,Central,Canada,Apparel,Denim Jacket,3.0,78.22,0.05,11.78,Paypal,Shipped,2022-05-29,False
ORD-10921,2024-10-14,CUST1295,John Young,john.young53@gmail.com,North,United States,Beauty,Shampoo Set,5.0,52.27,0.0,10.36,Paypal,Returned,2021-09-14,False
ORD-10893,2023-11-03,CUST1723,Todd Reynolds,todd.reynolds79@yahoo.com,West,United States,Toys,Board Game,1.0,62.21,0.0,5.24,Credit Card,Shipped,2023-11-19,True
ORD-11508,2023-04-16,CUST1256,Susan Murray Md,susan.md14@gmail.com,South,United States,Electronics,Laptop Stand,1.0,106.32,0.0,11.66,Credit Card,Pending,2022-08-07,False
ORD-10076,2024-11-04,CUST1782,Chelsea Nguyen,chelsea.nguyen79@outlook.com,East,United States,Electronics,Bluetooth Speaker,2.0,28.25,0.0,2.81,Debit Card,Returned,2022-01-19,False
ORD-11998,2023-06-27,CUST1121,Kenneth Scott,kenneth.scott71@outlook.com,West,Canada,Home & Kitchen,Coffee Maker,1.0,113.81,0.05,22.44,Debit Card,Cancelled,2021-09-16,False
ORD-10072,2023-02-12,CUST1136,Robert Potter,robert@gmail.com,East,Canada,Sports & Outdoors,Hiking Backpack,2.0,100.59,0.05,10.72,Paypal,Delivered,2021-03-23,False
ORD-11094,2023-01-25,CUST1572,Reginald Knapp,reginald.knapp34@yahoo.com,North,United States,Electronics,Laptop Stand,5.0,73.43,0.0,13.71,Credit Card,Shipped,2022-07-05,False
ORD-10109,2023-06-25,CUST1245,Donna Landry,donna.landry90@hotmail.com,North,United States,Toys,Building Blocks Set,6.0,31.2,0.0,4.73,Paypal,Returned,2021-09-22,False
ORD-11208,2024-09-16,CUST1480,Dawn Mullins,dawn.mullins2@outlook.com,South,United States,Sports & Outdoors,Camping Tent,5.0,109.92,0.0,20.26,Debit Card,Delivered,2021-09-04,False
ORD-12698,2024-07-25,CUST1431,Jack White,jack@gmail.com,Central,United States,Home & Kitchen,Throw Blanket,4.0,152.74,0.0,3.63,Gift Card,Cancelled,2024-05-09,False
ORD-10731,2023-04-23,CUST1477,Judith Carter,judith.carter84@yahoo.com,East,Mexico,Toys,RC Car,1.0,62.74,0.1,14.63,Gift Card,Delivered,2021-04-17,False
ORD-12321,2023-09-27,CUST1783,Dennis Huffman,dennis.huffman79@outlook.com,West,United States,Apparel,Wool Sweater,5.0,71.58,0.05,7.43,Debit Card,Delivered,2023-01-20,False
ORD-11758,2024-03-21,CUST1087,Christopher Bass,christopher.bass11@yahoo.com,West,Mexico,Home & Kitchen,LED Desk Lamp,6.0,178.44,0.1,2.02,Gift Card,Cancelled,2021-11-05,False
ORD-10504,2023-01-17,CUST1818,Michael Poole,,North,United States,Toys,Puzzle 1000PC,5.0,59.54,0.05,11.91,Gift Card,Returned,2021-07-04,False
ORD-10378,2024-09-20,CUST1212,Melissa Martinez,melissa.martinez72@gmail.com,East,Canada,Beauty,Shampoo Set,5.0,26.54,0.15,6.47,Debit Card,Pending,2024-06-01,False
ORD-12026,2023-08-23,CUST1645,Kim Morrow,kim.morrow76@hotmail.com,West,United States,Toys,RC Car,6.0,47.09,0.25,12.66,Debit Card,Delivered,2024-03-11,True
ORD-11015,2023-02-04,CUST1514,Angelica Parker,angelica.parker14@yahoo.com,West,United States,Home & Kitchen,Non-Stick Pan Set,4.0,158.66,0.15,7.1,Debit Card,Cancelled,2023-12-22,True
ORD-11179,2023-07-08,CUST1821,Mark Beard,mark@gmail.com,South,United States,Sports & Outdoors,Hiking Backpack,4.0,99.09,0.15,2.87,Paypal,Pending,2023-08-21,True
ORD-12581,2023-09-18,CUST1807,Robert Gonzales,robert.gonzales57@outlook.com,East,United States,Beauty,Lipstick,2.0,5.78,0.1,19.36,Credit Card,Delivered,2023-01-20,False
ORD-10165,2024-01-01,CUST1095,Anna Henderson,anna.henderson24@gmail.com,East,United States,Sports & Outdoors,Camping Tent,5.0,113.8,0.05,3.79,Gift Card,Delivered,2022-06-17,False
ORD-10937,2023-03-01,CUST1286,Joseph Knight,joseph.knight98@gmail.com,Central,United States,Electronics,Smartwatch,4.0,230.52,0.2,14.37,Paypal,Pending,2024-03-21,True
ORD-12591,2024-03-21,CUST1443,Holly Valentine,holly.valentine81@yahoo.com,West,United States,Apparel,Wool Sweater,3.0,75.37,0.0,0.62,Debit Card,Pending,2022-01-17,False
ORD-10500,2024-02-22,CUST1209,Brian Lee,,East,United States,Apparel,Running Shoes,5.0,24.65,0.2,13.51,Credit Card,Shipped,2022-08-13,False
ORD-11376,2024-02-07,CUST1340,Allison Smith,allison.smith95@yahoo.com,Central,United States,Sports & Outdoors,Water Bottle,5.0,123.8,0.25,21.37,Credit Card,Pending,2022-05-12,False
ORD-11316,2024-12-31,CUST1454,Alfred Galvan,,West,United States,Apparel,Running Shoes,3.0,10.27,0.1,23.12,Gift Card,Returned,2023-01-06,False
ORD-11474,2023-03-11,CUST1785,Laurie Bailey,laurie.bailey17@yahoo.com,East,United States,Sports & Outdoors,Water Bottle,3.0,111.18,0.15,16.22,Paypal,Delivered,2021-07-24,False
ORD-11863,2024-05-22,CUST1612,Franklin Wright,franklin.wright98@yahoo.com,North,United States,Electronics,Bluetooth Speaker,5.0,154.26,0.0,18.47,Gift Card,Cancelled,2022-11-19,False
ORD-12965,2024-08-22,CUST1571,Christian Vaughn,christian.vaughn49@outlook.com,North,United States,Home & Kitchen,Air Fryer,3.0,162.32,0.0,22.15,Credit Card,Delivered,2022-01-18,False
ORD-10364,2024-06-24,CUST1627,Laura Hernandez,laura.hernandez94@yahoo.com,North,Canada,Sports & Outdoors,Water Bottle,4.0,68.83,0.1,20.36,Credit Card,Cancelled,2022-03-09,False
ORD-12741,2024-08-12,CUST1483,Steve Paul,steve.paul2@yahoo.com,South,Mexico,Home & Kitchen,Air Fryer,6.0,87.9,0.0,12.02,Credit Card,Shipped,2023-06-21,False
ORD-11118,2023-09-08,CUST1430,Maria Henderson,maria.henderson31@outlook.com,West,United States,Toys,RC Car,6.0,64.93,0.0,23.94,Debit Card,Pending,2024-09-10,True
ORD-12242,2024-06-16,CUST1582,Gregory Peck,gregory.peck54@gmail.com,South,Canada,Toys,Building Blocks Set,3.0,65.73,0.15,24.22,Gift Card,Pending,2023-04-29,False
ORD-10710,2024-11-16,CUST1357,Jeffery Ortega,jeffery.ortega48@hotmail.com,Central,Mexico,Beauty,Shampoo Set,5.0,54.19,0.0,9.61,Gift Card,Pending,2024-01-30,False
ORD-11368,2024-09-10,CUST1794,Jerry Brown,jerry.brown58@gmail.com,East,United States,Home & Kitchen,Coffee Maker,4.0,129.68,0.0,1.94,Debit Card,Delivered,2023-02-20,False
ORD-10863,2024-12-14,CUST1339,David Thompson,david.thompson26@outlook.com,East,United States,Home & Kitchen,Throw Blanket,3.0,53.78,0.15,16.91,Paypal,Delivered,2024-02-26,False
ORD-12437,2023-12-26,CUST1479,Kaylee Hays,kaylee.hays10@yahoo.com,Central,Mexico,Beauty,Shampoo Set,2.0,42.37,0.0,12.13,Paypal,Cancelled,2024-04-30,True
ORD-12197,2023-12-10,CUST1704,Shannon Malone,shannon.malone29@yahoo.com,East,Mexico,Beauty,Face Moisturizer,1.0,8.58,0.15,13.12,Gift Card,Returned,2023-03-12,False
ORD-11804,2023-06-12,CUST1297,William Barrett,william.barrett17@hotmail.com,North,Canada,Sports & Outdoors,Resistance Bands,1.0,93.58,0.0,17.57,Debit Card,Shipped,2023-10-27,True
ORD-12986,2024-12-25,CUST1572,Reginald Knapp,reginald.knapp34@yahoo.com,North,United States,Home & Kitchen,Non-Stick Pan Set,3.0,171.64,0.15,12.19,Paypal,Shipped,2022-07-05,False
ORD-10009,2024-06-17,CUST1672,Felicia Krueger,felicia.krueger23@outlook.com,Central,United States,Sports & Outdoors,Hiking Backpack,5.0,56.1,0.0,17.21,Debit Card,Cancelled,2021-08-25,False
ORD-10586,2023-06-03,CUST1062,Connor West,connor.west43@hotmail.com,South,Mexico,Electronics,Wireless Earbuds,5.0,82.31,0.25,3.49,Gift Card,Cancelled,2022-05-24,False
ORD-12208,2023-05-12,CUST1366,Courtney Rodriguez,courtney.rodriguez99@hotmail.com,West,United States,Toys,Building Blocks Set,2.0,10.08,0.2,15.61,Gift Card,Shipped,2023-02-06,False
ORD-12342,2024-06-11,CUST1839,Michele Smith,michele@gmail.com,South,Canada,Sports & Outdoors,Hiking Backpack,3.0,75.41,0.15,1.4,Paypal,Pending,2024-01-09,False
ORD-11218,2023-08-15,CUST1099,Stephen Mckee,stephen.mckee31@yahoo.com,North,Canada,Toys,Puzzle 1000PC,5.0,32.89,0.0,12.19,Paypal,Shipped,2023-08-28,True
ORD-12210,2023-12-09,CUST1836,Danielle Watson,danielle@gmail.com,East,United States,Beauty,Shampoo Set,5.0,27.12,0.1,18.04,Gift Card,Cancelled,2021-11-14,False
ORD-11619,2023-01-11,CUST1297,William Barrett,william.barrett17@hotmail.com,North,Canada,Sports & Outdoors,Resistance Bands,5.0,113.29,0.15,12.78,Paypal,Cancelled,2023-10-27,True
ORD-10733,2023-01-28,CUST1445,Tracy Montoya,tracy.montoya1@yahoo.com,North,Canada,Sports & Outdoors,Resistance Bands,3.0,96.63,0.0,4.44,Debit Card,Pending,2022-02-26,False
ORD-12945,2023-02-04,CUST1585,Tina Ballard,tina.ballard5@yahoo.com,South,Canada,Toys,RC Car,5.0,30.86,0.25,5.2,Debit Card,Shipped,2022-07-19,False
ORD-12155,2023-12-11,CUST1237,David Davis,david.davis50@hotmail.com,North,United States,Toys,RC Car,2.0,15.54,0.0,9.76,Paypal,Pending,2024-04-03,True
ORD-11142,2023-09-01,CUST1515,Kelly Hammond Dvm,dr..dvm19@outlook.com,South,Canada,Sports & Outdoors,Resistance Bands,4.0,33.76,0.2,23.09,Paypal,Pending,2021-07-10,False
ORD-12017,2024-02-29,CUST1565,John Coffey,john.coffey71@outlook.com,East,United States,Home & Kitchen,Non-Stick Pan Set,5.0,54.58,0.2,24.83,Paypal,Pending,2024-09-14,True
ORD-12352,,CUST1408,Anthony Romero,anthony.romero50@outlook.com,South,Mexico,Beauty,Face Moisturizer,6.0,17.53,0.25,15.73,Credit Card,Pending,2023-02-26,False
ORD-12327,2023-07-23,CUST1151,Pamela Boyd,pamela.boyd9@outlook.com,Central,United States,Home & Kitchen,LED Desk Lamp,3.0,16.37,0.15,8.66,Credit Card,Returned,2023-04-30,False
ORD-10523,2024-01-15,CUST1014,Dylan Miller,dylan.miller28@outlook.com,West,United States,Toys,Board Game,4.0,64.49,0.0,4.79,Gift Card,Returned,2022-03-12,False
ORD-10064,,CUST1086,Shirley Suarez,shirley.suarez92@outlook.com,East,United States,Sports & Outdoors,Hiking Backpack,3.0,75.76,0.05,5.15,Gift Card,Returned,2022-04-26,False
ORD-10774,2024-05-26,CUST1128,Cameron Fisher,cameron.fisher95@gmail.com,South,United States,Beauty,Shampoo Set,3.0,56.28,0.0,15.83,Paypal,Cancelled,2022-03-02,False
ORD-11949,2024-06-11,CUST1307,Carlos Ryan,,West,United States,Electronics,Webcam,2.0,173.77,0.0,10.7,Paypal,Cancelled,2023-06-20,False
ORD-10302,2023-11-23,CUST1532,Donna Frye,,East,United States,Home & Kitchen,Throw Blanket,3.0,179.19,0.0,4.99,Gift Card,Pending,2023-05-24,False
ORD-11228,2024-09-03,CUST1550,Kelly Lee,kelly.lee21@hotmail.com,East,United States,Apparel,Cotton T-Shirt,2.0,71.99,0.0,20.09,Credit Card,Pending,2024-08-02,False
ORD-11296,2023-04-21,CUST1390,Thomas Atkins,thomas.atkins75@hotmail.com,South,United States,Sports & Outdoors,Camping Tent,2.0,11.1,0.1,14.25,Credit Card,Returned,2022-08-28,False
ORD-12507,2023-11-10,CUST1508,Joshua Vance,joshua.vance87@gmail.com,Central,Canada,Apparel,Cotton T-Shirt,6.0,29.12,0.0,20.35,Debit Card,Pending,2022-01-03,False
ORD-11245,2024-05-29,CUST1489,Lance Simmons,lance.simmons15@yahoo.com,Central,Canada,Electronics,Smartwatch,3.0,31.22,0.0,6.72,Credit Card,Returned,2023-10-21,False
ORD-11136,2023-05-20,CUST1164,Michael Powell,,East,United States,Apparel,Running Shoes,1.0,72.19,0.0,15.21,Gift Card,Delivered,2021-04-25,False
ORD-10528,2023-02-26,CUST1377,Paula Bradley,paula.bradley45@hotmail.com,West,United States,Home & Kitchen,LED Desk Lamp,2.0,65.7,0.15,19.74,Gift Card,Returned,2023-11-12,True
ORD-11874,2023-11-05,CUST1444,Diane Reyes,,West,Canada,Electronics,Webcam,6.0,73.48,0.1,21.46,Debit Card,Returned,2024-06-11,True
ORD-11169,2024-04-15,CUST1815,Anna Estes,anna.estes58@outlook.com,South,United States,Electronics,USB-C Cable,1.0,86.58,0.0,10.23,Gift Card,Pending,2024-06-29,True
ORD-12068,2024-05-31,CUST1356,Jesse Perry,jesse.perry29@yahoo.com,West,Mexico,Apparel,Cotton T-Shirt,2.0,81.43,0.15,20.31,Debit Card,Shipped,2023-09-07,False
ORD-11596,2023-08-14,CUST1347,Victor Brown,victor.brown43@outlook.com,Central,Canada,Sports & Outdoors,Camping Tent,1.0,58.8,0.15,19.28,Debit Card,Pending,2023-07-20,False
ORD-11641,2024-09-27,CUST1508,Joshua Vance,joshua.vance87@gmail.com,Central,Canada,Home & Kitchen,Coffee Maker,3.0,31.88,0.0,2.42,Gift Card,Shipped,2022-01-03,False
ORD-12807,2024-01-07,CUST1307,Carlos Ryan,,West,United States,Apparel,Denim Jacket,6.0,14.44,0.0,11.97,Credit Card,Pending,2023-06-20,False
ORD-12876,2023-02-10,CUST1411,Lisa Hunter,lisa.hunter46@hotmail.com,Central,Mexico,Sports & Outdoors,Camping Tent,3.0,17.29,0.15,14.03,Debit Card,Shipped,2023-06-04,True
ORD-11362,2023-08-23,CUST1209,Brian Lee,,East,United States,Home & Kitchen,Non-Stick Pan Set,2.0,47.01,0.0,0.47,Paypal,Shipped,2022-08-13,False
ORD-12102,2023-08-31,CUST1456,Dustin Gallegos,dustin.gallegos57@hotmail.com,Central,Canada,Electronics,Bluetooth Speaker,5.0,110.57,0.0,5.85,Debit Card,Delivered,2021-12-09,False
ORD-10724,2024-07-02,CUST1440,Jeremy Mitchell,jeremy.mitchell58@outlook.com,North,Mexico,Home & Kitchen,Non-Stick Pan Set,3.0,43.85,0.0,15.09,Debit Card,Delivered,2021-05-18,False
ORD-12009,2023-06-27,CUST1374,Charles Schultz,charles.schultz94@outlook.com,East,United States,Beauty,Lipstick,5.0,48.27,0.0,7.86,Paypal,Cancelled,2024-03-28,True
ORD-12536,2024-02-08,CUST1397,Gary Jackson,gary.jackson3@gmail.com,West,Canada,Beauty,Sunscreen SPF50,3.0,22.58,0.05,8.0,Gift Card,Cancelled,2023-12-26,False
ORD-10115,2023-11-08,CUST1583,Denise Martinez,denise.martinez98@gmail.com,North,United States,Electronics,USB-C Cable,4.0,145.05,0.1,22.75,Gift Card,Delivered,2021-08-05,False
ORD-11497,2023-11-16,CUST1249,Kimberly Gutierrez,kimberly@gmail.com,Central,Mexico,Apparel,Running Shoes,3.0,70.96,0.0,12.13,Credit Card,Delivered,2021-07-27,False
ORD-12933,2024-11-28,CUST1508,Joshua Vance,joshua.vance87@gmail.com,Central,Canada,Home & Kitchen,LED Desk Lamp,2.0,98.09,0.1,4.49,Credit Card,Delivered,2022-01-03,False
ORD-10709,2021-07-05,CUST1077,Megan Young,megan.young80@outlook.com,East,United States,Sports & Outdoors,Resistance Bands,6.0,99.68,0.0,20.72,Debit Card,Delivered,2021-07-11,True
ORD-11302,2023-09-04,CUST1794,Jerry Brown,jerry.brown58@gmail.com,East,United States,Electronics,Wireless Earbuds,6.0,139.12,0.05,16.72,Gift Card,Returned,2023-02-20,False
ORD-12012,2023-01-21,CUST1341,Cynthia Morris,cynthia.morris7@gmail.com,West,Canada,Home & Kitchen,Coffee Maker,1.0,92.4,0.05,11.97,Paypal,Shipped,2023-04-27,True
ORD-10100,2024-10-26,CUST1780,Christine Goodwin,christine.goodwin51@yahoo.com,Central,United States,Toys,Puzzle 1000PC,1.0,58.34,0.2,12.13,Credit Card,Returned,2023-07-26,False
ORD-12962,2024-11-10,CUST1719,Jeffrey Roberson,,West,Canada,Sports & Outdoors,Hiking Backpack,4.0,57.37,0.2,10.71,Paypal,Pending,2024-04-06,False
ORD-12605,,CUST1165,John Anderson,john.anderson32@hotmail.com,South,United States,Apparel,Cotton T-Shirt,4.0,53.78,0.0,24.06,Debit Card,Delivered,2024-03-05,False
ORD-13056,2023-09-21,CUST1748,Jenna Wilson,jenna.wilson91@gmail.com,North,Canada,Beauty,Lipstick,5.0,52.256,0.15,4.11,Debit Card,Shipped,2024-03-29,True
ORD-11193,2023-12-09,CUST1840,Casey Perez,casey.perez99@yahoo.com,East,United States,Toys,Building Blocks Set,6.0,64.57,0.05,10.32,Credit Card,Returned,2024-09-06,True
ORD-10639,2023-02-23,CUST1481,Howard Norman,howard@gmail.com,North,Canada,Beauty,Lipstick,3.0,22.88,0.25,23.32,Credit Card,Cancelled,2023-02-24,True
ORD-12891,2024-10-06,CUST1507,Emma Reed,emma.reed54@outlook.com,Central,United States,Home & Kitchen,Coffee Maker,2.0,53.65,0.0,16.36,Credit Card,Cancelled,2022-07-10,False
ORD-11346,2023-06-23,CUST1065,Amber Kidd,amber.kidd9@outlook.com,Central,United States,Apparel,Cotton T-Shirt,1.0,78.05,0.2,2.06,Debit Card,Delivered,2022-12-21,False
ORD-12275,2023-02-25,CUST1203,Joseph Coleman,joseph.coleman99@yahoo.com,South,United States,Toys,Board Game,3.0,54.09,0.15,20.45,Debit Card,Delivered,2023-05-31,True
ORD-10354,2023-09-03,CUST1342,Anthony Harmon,anthony.harmon18@gmail.com,West,Mexico,Toys,Board Game,5.0,28.91,0.0,21.44,Paypal,Shipped,2024-02-02,True
ORD-10821,2024-03-04,CUST1128,Cameron Fisher,cameron.fisher95@gmail.com,South,United States,Electronics,Wireless Earbuds,6.0,116.36,0.0,3.84,Credit Card,Pending,2022-03-02,False
ORD-12523,2023-11-09,CUST1351,Kimberly Nguyen,kimberly.nguyen12@hotmail.com,South,United States,Home & Kitchen,Throw Blanket,5.0,161.6,0.25,11.94,Credit Card,Cancelled,2021-07-15,False
ORD-10856,2024-02-11,CUST1119,Jeffrey Chandler,jeffrey.chandler98@outlook.com,East,United States,Home & Kitchen,Air Fryer,2.0,117.71,0.25,20.76,Gift Card,Returned,2021-07-25,False
ORD-12528,2023-07-01,CUST1779,Kevin Price,,Central,Canada,Home & Kitchen,Throw Blanket,4.0,137.44,0.0,9.2,Debit Card,Shipped,2023-05-17,False
ORD-13045,2023-08-04,CUST1347,Victor Brown,victor.brown43@outlook.com,Central,Canada,Electronics,Bluetooth Speaker,6.0,56.26,0.0,12.13,Debit Card,Pending,2023-07-20,False
ORD-10226,2023-03-27,CUST1318,Stephen Hoffman,,East,Canada,Beauty,Face Moisturizer,3.0,36.17,0.1,12.69,Gift Card,Returned,2024-02-25,True
ORD-12485,2024-06-05,CUST1430,Maria Henderson,maria.henderson31@outlook.com,West,United States,Home & Kitchen,Throw Blanket,5.0,84.61,0.25,15.66,Paypal,Delivered,2024-09-10,True
ORD-12083,2024-12-14,CUST1695,Aaron Arnold,,South,Mexico,Apparel,Denim Jacket,1.0,28.24,0.05,0.72,Paypal,Delivered,2021-05-15,False
ORD-12065,2024-10-20,CUST1515,Kelly Hammond Dvm,dr..dvm19@outlook.com,South,Canada,Apparel,Running Shoes,4.0,52.97,0.25,23.58,Paypal,Returned,2021-07-10,False
ORD-11718,2024-12-29,CUST1406,Lori Hernandez,lori.hernandez70@gmail.com,North,United States,Home & Kitchen,LED Desk Lamp,4.0,169.2,0.15,2.44,Gift Card,Shipped,2022-03-01,False
ORD-10281,2024-12-18,CUST1194,John Bishop,john.bishop23@gmail.com,South,Canada,Sports & Outdoors,Camping Tent,3.0,102.85,0.05,18.41,Paypal,Returned,2024-09-15,False
ORD-12843,2023-01-25,CUST1239,Yvonne Chambers,yvonne.chambers8@hotmail.com,North,Canada,Apparel,Denim Jacket,2.0,30.75,0.2,0.49,Credit Card,Returned,2021-07-31,False
ORD-11642,2024-01-19,CUST1343,Nichole Alvarez,nichole.alvarez61@hotmail.com,East,United States,Toys,Building Blocks Set,5.0,63.6,0.0,24.45,Debit Card,Cancelled,2024-08-25,True
ORD-13110,2024-11-09,CUST1233,Laura Roberts,laura.roberts73@outlook.com,South,United States,Beauty,Hair Dryer,5.0,30.83,0.0,12.24,Debit Card,Shipped,2024-08-07,False
ORD-11473,2023-09-22,CUST1378,Anthony Moore,anthony.moore49@yahoo.com,South,United States,Beauty,Lipstick,3.0,56.65,0.0,6.5,Gift Card,Shipped,2024-01-07,True
ORD-11773,2024-08-23,CUST1644,Edwin Nunez,edwin.nunez22@gmail.com,North,United States,Sports & Outdoors,Camping Tent,4.0,136.49,0.1,8.79,Paypal,Cancelled,2021-09-29,False
ORD-12534,,CUST1026,Justin Baker,justin.baker69@yahoo.com,West,Canada,Beauty,Lipstick,3.0,30.325,0.0,20.25,Credit Card,Returned,2021-09-20,False
ORD-10394,2024-05-22,CUST1225,Benjamin Smith,benjamin.smith74@hotmail.com,West,United States,Electronics,Bluetooth Speaker,6.0,186.98,0.2,23.08,Debit Card,Shipped,2024-03-20,False
ORD-11195,2023-01-11,CUST1388,Sandra Drake,sandra@gmail.com,South,United States,Toys,RC Car,6.0,24.62,0.1,2.2,Debit Card,Pending,2023-08-20,True
ORD-12054,2023-08-15,CUST1152,Denise Jones,denise.jones37@outlook.com,West,United States,Apparel,Denim Jacket,6.0,62.75,0.0,7.41,Credit Card,Pending,2024-04-17,True
ORD-11801,2024-07-04,CUST1664,Renee Melendez,renee.melendez6@gmail.com,Central,Canada,Home & Kitchen,LED Desk Lamp,2.0,28.51,0.1,12.13,Credit Card,Delivered,2023-07-12,False
ORD-10443,2024-03-11,CUST1269,Patrick Thornton,patrick.thornton48@outlook.com,North,United States,Electronics,Laptop Stand,5.0,77.78,0.0,15.89,Paypal,Shipped,2021-03-02,False
ORD-12109,2023-03-04,CUST1279,Nathan Malone,nathan.malone42@gmail.com,East,United States,Sports & Outdoors,Resistance Bands,5.0,148.4,0.0,22.16,Gift Card,Returned,2021-06-13,False
ORD-10237,2023-01-08,CUST1661,Emma Butler,emma.butler14@gmail.com,South,Mexico,Electronics,Bluetooth Speaker,5.0,79.39,0.0,22.53,Paypal,Returned,2021-12-03,False
ORD-10703,2024-12-19,CUST1572,Reginald Knapp,reginald.knapp34@yahoo.com,North,United States,Sports & Outdoors,Hiking Backpack,6.0,75.8,0.1,11.91,Credit Card,Delivered,2022-07-05,False
ORD-12873,2021-09-04,CUST1260,Katie Suarez,katie.suarez84@outlook.com,North,United States,Beauty,Sunscreen SPF50,5.0,30.42,0.0,0.76,Credit Card,Shipped,2021-10-27,True
ORD-11361,2023-09-14,CUST1243,Brandon Bailey Md,brandon.md37@outlook.com,South,United States,Electronics,Wireless Earbuds,4.0,140.87,0.0,2.72,Paypal,Pending,2024-09-06,True
ORD-11163,2023-12-11,CUST1373,Sergio Knight,sergio.knight70@yahoo.com,Central,United States,Electronics,Webcam,6.0,66.13,0.25,0.5,Credit Card,Returned,2021-04-26,False
ORD-12662,2024-04-08,CUST1535,Lawrence Edwards,mr.@gmail.com,South,United States,Sports & Outdoors,Resistance Bands,5.0,114.78,0.1,18.28,Paypal,Shipped,2022-07-27,False
ORD-11190,2023-07-21,CUST1584,Jamie Baird,jamie.baird45@hotmail.com,West,Canada,Home & Kitchen,Throw Blanket,3.0,106.4,0.0,2.44,Paypal,Shipped,2022-06-25,False
ORD-10190,2023-12-10,CUST1096,Aaron Wise,aaron.wise44@hotmail.com,East,Canada,Toys,Puzzle 1000PC,5.0,56.02,0.0,16.0,Debit Card,Cancelled,2022-07-24,False
ORD-12146,2024-11-01,CUST1142,Patricia Rodriguez,,East,United States,Apparel,Denim Jacket,5.0,71.97,0.2,18.75,Credit Card,Shipped,2021-06-30,False
ORD-11139,2024-11-30,CUST1756,Karen Morales Dds,karen.dds61@hotmail.com,East,United States,Toys,Board Game,3.0,53.13,0.1,20.79,Credit Card,Shipped,2021-06-30,False
ORD-11155,2023-06-24,CUST1365,Kenneth Lewis,kenneth.lewis9@hotmail.com,West,United States,Home & Kitchen,Coffee Maker,1.0,98.76,0.15,21.12,Gift Card,Delivered,2021-06-03,False
ORD-10371,2023-10-12,CUST1515,Kelly Hammond Dvm,dr..dvm19@outlook.com,South,Canada,Sports & Outdoors,Yoga Mat,1.0,103.42,0.0,3.32,Gift Card,Pending,2021-07-10,False
ORD-12949,2024-06-19,CUST1115,Diana May,diana.may48@hotmail.com,East,United States,Electronics,USB-C Cable,6.0,183.75,0.1,3.37,Paypal,Returned,2024-02-08,False
ORD-12110,2024-11-03,CUST1318,Stephen Hoffman,,East,Canada,Home & Kitchen,Non-Stick Pan Set,5.0,84.47,0.0,11.55,Credit Card,Shipped,2024-02-25,False
ORD-10514,2024-04-02,CUST1114,Garrett Lin,garrett.lin12@outlook.com,South,United States,Beauty,Shampoo Set,6.0,17.06,0.0,12.225000000000001,Credit Card,Cancelled,2022-03-30,False
ORD-12860,2024-08-09,CUST1574,Daniel Nguyen,daniel.nguyen97@yahoo.com,West,Canada,Electronics,Wireless Earbuds,6.0,84.69,0.0,15.97,Paypal,Returned,2024-02-08,False
ORD-12577,2024-09-08,CUST1225,Benjamin Smith,benjamin.smith74@hotmail.com,West,United States,Electronics,Smartwatch,5.0,247.09,0.0,16.81,Paypal,Pending,2024-03-20,False
ORD-10681,2024-12-22,CUST1233,Laura Roberts,laura.roberts73@outlook.com,South,United States,Home & Kitchen,Non-Stick Pan Set,1.0,168.06,0.05,23.4,Paypal,Shipped,2024-08-07,False
ORD-12178,2024-11-05,CUST1393,Robert Montgomery,robert.montgomery70@hotmail.com,North,Canada,Toys,RC Car,6.0,66.43,0.0,9.0,Credit Card,Shipped,2022-01-12,False
ORD-10679,2024-01-23,CUST1281,Tammie Bright,tammie.bright94@outlook.com,East,Mexico,Home & Kitchen,LED Desk Lamp,5.0,100.97,0.0,18.99,Gift Card,Shipped,2024-06-13,True
ORD-12792,2023-12-25,CUST1135,Jose Schultz,jose.schultz52@outlook.com,West,United States,Sports & Outdoors,Yoga Mat,4.0,84.31,0.15,22.38,Debit Card,Pending,2023-10-22,False
ORD-13120,2024-06-22,CUST1607,David Lopez,,East,United States,Apparel,Denim Jacket,6.0,39.17,0.1,2.4,Paypal,Cancelled,2023-10-16,False
ORD-10398,2023-08-28,CUST1803,Rodney Williams,rodney.williams17@yahoo.com,East,United States,Electronics,Bluetooth Speaker,4.0,145.01,0.0,10.72,Credit Card,Pending,2021-02-28,False
ORD-11562,2024-05-11,CUST1539,David Davis,david.davis36@gmail.com,East,Canada,Toys,Puzzle 1000PC,6.0,55.28,0.1,2.45,Paypal,Cancelled,2023-08-25,False
ORD-12787,2023-08-24,CUST1680,Suzanne Wood,suzanne.wood80@hotmail.com,East,Canada,Beauty,Lipstick,6.0,6.73,0.0,8.25,Credit Card,Pending,2022-04-07,False
ORD-11337,2024-06-02,CUST1161,Jennifer Adkins,jennifer.adkins81@hotmail.com,Central,Canada,Home & Kitchen,LED Desk Lamp,4.0,83.98,0.0,4.95,Debit Card,Pending,2024-01-14,False
ORD-10433,2023-12-29,CUST1571,Christian Vaughn,christian.vaughn49@outlook.com,North,United States,Apparel,Cotton T-Shirt,3.0,84.1,0.15,7.81,Credit Card,Delivered,2022-01-18,False
ORD-12659,2023-09-19,CUST1660,William David Dds,william.dds44@outlook.com,Central,Canada,Toys,RC Car,1.0,25.11,0.0,10.47,Paypal,Cancelled,2024-07-21,True
ORD-12332,2023-09-27,CUST1689,Maria Brown,maria.brown28@hotmail.com,North,Canada,Electronics,Webcam,6.0,185.82,0.2,7.62,Debit Card,Returned,2024-02-24,True
ORD-10041,2024-07-06,CUST1097,Deborah Figueroa,deborah.figueroa96@gmail.com,North,Mexico,Home & Kitchen,Coffee Maker,1.0,154.22,0.0,8.36,Gift Card,Delivered,2022-12-18,False
ORD-12951,2024-08-10,CUST1498,Meghan Rush,meghan.rush78@gmail.com,South,Canada,Beauty,Sunscreen SPF50,5.0,13.36,0.25,12.225000000000001,Paypal,Shipped,2022-09-26,False
ORD-11570,2023-05-18,CUST1198,Adam Vaughan,adam.vaughan85@outlook.com,North,Canada,Toys,RC Car,2.0,9.53,0.0,16.91,Debit Card,Shipped,2023-07-28,True
ORD-10243,2024-03-10,CUST1373,Sergio Knight,sergio.knight70@yahoo.com,Central,United States,Apparel,Running Shoes,4.0,66.61,0.0,9.18,Paypal,Pending,2021-04-26,False
ORD-10454,2023-05-10,CUST1386,Adam Burgess,adam.burgess31@outlook.com,West,Canada,Sports & Outdoors,Resistance Bands,2.0,10.82,0.15,7.86,Credit Card,Pending,2022-08-03,False
ORD-11506,2024-10-27,CUST1363,Nicole Parrish,nicole.parrish40@gmail.com,North,Mexico,Apparel,Running Shoes,3.0,69.55,0.2,8.51,Credit Card,Returned,2023-03-22,False
ORD-12472,2024-10-22,CUST1796,Tracey Wagner,tracey.wagner52@gmail.com,East,United States,Beauty,Shampoo Set,6.0,15.94,0.0,22.57,Paypal,Pending,2021-06-12,False
ORD-12705,2023-11-07,CUST1310,Paul Morgan,dr..morgan31@hotmail.com,West,United States,Toys,Puzzle 1000PC,2.0,32.7,0.0,22.56,Paypal,Pending,2021-08-09,False
ORD-10430,2024-07-12,CUST1265,Joshua Reed,joshua@gmail.com,Central,Canada,Apparel,Cotton T-Shirt,5.0,87.0,0.05,23.2,Paypal,Shipped,2023-10-21,False
ORD-12560,2024-02-08,CUST1051,Danny Morgan,danny.morgan70@outlook.com,Central,Canada,Sports & Outdoors,Resistance Bands,6.0,86.74,0.05,15.45,Debit Card,Pending,2024-06-06,True
ORD-12754,2023-01-04,CUST1424,Felicia Aguilar,felicia.aguilar84@yahoo.com,Central,Mexico,Beauty,Sunscreen SPF50,3.0,41.79,0.15,20.14,Gift Card,Returned,2022-08-09,False
ORD-12132,2024-03-29,CUST1593,Randy Smith,randy.smith59@gmail.com,South,United States,Home & Kitchen,Throw Blanket,4.0,150.86,0.0,11.85,Debit Card,Cancelled,2023-01-09,False
ORD-12940,2023-05-24,CUST1324,Natalie Bautista,natalie.bautista79@outlook.com,Central,Canada,Electronics,Laptop Stand,3.0,108.09,0.0,7.25,Gift Card,Shipped,2024-04-30,True
ORD-12850,2024-12-25,CUST1399,Hannah Luna,hannah.luna90@hotmail.com,North,Canada,Beauty,Sunscreen SPF50,3.0,7.24,0.0,16.22,Credit Card,Returned,2022-01-03,False
ORD-11055,2024-07-13,CUST1024,Matthew Foster,matthew.foster3@gmail.com,South,Canada,Home & Kitchen,LED Desk Lamp,4.0,111.97,0.0,7.28,Gift Card,Pending,2023-01-14,False
ORD-11684,2024-04-07,CUST1778,Allen Mendez,allen.mendez98@outlook.com,Central,United States,Apparel,Running Shoes,4.0,30.67,0.05,9.68,Credit Card,Pending,2023-03-26,False
ORD-12547,2023-08-09,CUST1586,Dwayne Klein,dwayne.klein89@hotmail.com,East,Mexico,Toys,Building Blocks Set,4.0,27.83,0.0,13.91,Debit Card,Returned,2021-03-21,False
ORD-12140,2023-02-26,CUST1284,Stephanie Williams,stephanie.williams5@yahoo.com,East,United States,Apparel,Denim Jacket,4.0,27.89,0.0,3.64,Gift Card,Cancelled,2021-05-18,False
ORD-12654,2023-10-09,CUST1292,Jeremy Reed,jeremy.reed16@yahoo.com,West,Canada,Apparel,Wool Sweater,5.0,33.7,0.0,21.84,Credit Card,Shipped,2021-10-12,False
ORD-12005,2024-01-30,CUST1555,Nicole Gonzalez,nicole@gmail.com,South,Mexico,Beauty,Shampoo Set,4.0,33.58,0.15,23.79,Credit Card,Shipped,2022-12-12,False
ORD-11334,2024-09-23,CUST1169,Daniel Murphy,daniel@gmail.com,East,Mexico,Apparel,Running Shoes,4.0,24.55,0.0,24.14,Credit Card,Shipped,2022-12-09,False
ORD-12225,2024-12-01,CUST1588,Dale Ryan,dale.ryan39@outlook.com,North,United States,Apparel,Running Shoes,1.0,21.65,0.0,12.19,Debit Card,Cancelled,2022-07-29,False
ORD-13068,2023-05-24,CUST1368,Renee Bruce,renee.bruce51@yahoo.com,North,United States,Sports & Outdoors,Hiking Backpack,2.0,48.57,0.25,10.32,Paypal,Delivered,2022-04-02,False
ORD-11647,2024-12-08,CUST1596,Victor Morris,victor.morris21@outlook.com,North,United States,Beauty,Shampoo Set,5.0,26.67,0.0,12.96,Credit Card,Shipped,2021-05-07,False
ORD-11660,2023-04-08,CUST1222,Elizabeth Oliver Dds,elizabeth.dds16@gmail.com,West,United States,Electronics,Laptop Stand,3.0,198.29,0.15,2.22,Debit Card,Delivered,2023-10-16,True
ORD-10299,2023-05-14,CUST1421,Maria Jones,maria.jones10@outlook.com,West,Canada,Toys,Building Blocks Set,2.0,27.42,0.15,9.07,Paypal,Pending,2022-05-31,False
ORD-11214,2024-02-28,CUST1548,Jessica Khan,jessica.khan91@yahoo.com,East,Canada,Home & Kitchen,Throw Blanket,6.0,139.31,0.1,0.3,Credit Card,Returned,2021-08-16,False
ORD-10707,2021-06-13,CUST1516,William Day,william.day48@hotmail.com,North,Canada,Apparel,Denim Jacket,6.0,64.01,0.05,20.86,Gift Card,Shipped,2021-06-23,True
ORD-12465,2024-01-03,CUST1095,Anna Henderson,anna.henderson24@gmail.com,East,United States,Toys,Puzzle 1000PC,1.0,68.25,0.25,17.32,Paypal,Shipped,2022-06-17,False
ORD-11869,2023-08-27,CUST1666,David Harris,david.harris75@hotmail.com,Central,United States,Apparel,Running Shoes,3.0,16.51,0.0,13.38,Credit Card,Shipped,2023-11-08,True
ORD-11344,2024-04-28,CUST1067,Carol Tucker,carol.tucker34@gmail.com,West,United States,Electronics,Bluetooth Speaker,1.0,241.84,0.05,18.78,Paypal,Cancelled,2021-08-11,False
ORD-12166,2023-07-13,CUST1546,Johnny Khan,,East,Canada,Home & Kitchen,LED Desk Lamp,5.0,175.65,0.0,15.31,Paypal,Pending,2023-09-06,True
ORD-10880,2024-04-14,CUST1279,Nathan Malone,nathan.malone42@gmail.com,East,United States,Apparel,Denim Jacket,1.0,14.9,0.15,0.67,Paypal,Pending,2021-06-13,False
ORD-10853,2024-09-14,CUST1782,Chelsea Nguyen,chelsea.nguyen79@outlook.com,East,United States,Sports & Outdoors,Resistance Bands,6.0,119.42,0.0,13.34,Gift Card,Delivered,2022-01-19,False
ORD-12522,2024-08-22,CUST1067,Carol Tucker,carol.tucker34@gmail.com,West,United States,Electronics,Smartwatch,3.0,107.83,0.25,4.46,Gift Card,Pending,2021-08-11,False
ORD-10951,2023-06-03,CUST1841,Alexandra Dominguez,alexandra.dominguez15@gmail.com,North,Canada,Apparel,Denim Jacket,1.0,31.88,0.25,7.72,Gift Card,Pending,2023-12-08,True
ORD-12682,2024-02-28,CUST1631,Joyce Brown,joyce.brown61@yahoo.com,North,United States,Sports & Outdoors,Hiking Backpack,2.0,113.06,0.0,10.8,Debit Card,Cancelled,2022-02-25,False
ORD-11521,2023-03-06,CUST1520,Amy Martinez,amy@gmail.com,Central,Canada,Toys,Puzzle 1000PC,4.0,69.89,0.1,6.87,Paypal,Delivered,2022-02-20,False
ORD-11891,2024-02-24,CUST1847,Joseph Smith,joseph.smith8@outlook.com,North,United States,Electronics,Bluetooth Speaker,3.0,145.23,0.0,19.36,Credit Card,Pending,2023-12-20,False
ORD-12153,2023-05-11,CUST1387,James Padilla,james.padilla40@outlook.com,West,United States,Home & Kitchen,LED Desk Lamp,2.0,167.23,0.0,9.96,Gift Card,Shipped,2023-01-07,False
ORD-12198,2023-12-04,CUST1648,Jennifer Miranda,jennifer.miranda87@yahoo.com,Central,Mexico,Electronics,Smartwatch,3.0,133.13,0.0,4.15,Paypal,Returned,2022-11-24,False
ORD-13061,2023-03-09,CUST1835,Timothy Hill,timothy.hill94@hotmail.com,Central,United States,Sports & Outdoors,Camping Tent,3.0,149.07,0.0,6.42,Debit Card,Delivered,2022-07-18,False
ORD-11371,2023-05-22,CUST1507,Emma Reed,emma.reed54@outlook.com,Central,United States,Sports & Outdoors,Hiking Backpack,2.0,107.7,0.2,12.13,Debit Card,Returned,2022-07-10,False
ORD-11106,2024-05-07,CUST1260,Katie Suarez,katie.suarez84@outlook.com,North,United States,Sports & Outdoors,Camping Tent,2.0,134.4,0.25,9.52,Gift Card,Returned,2021-10-27,False
ORD-12263,2023-09-07,CUST1146,Victoria Larson,,South,Mexico,Home & Kitchen,Coffee Maker,5.0,73.79,0.0,17.37,Paypal,Cancelled,2024-07-14,True
ORD-11524,2024-03-26,CUST1301,Heather Fields,heather@gmail.com,Central,Canada,Sports & Outdoors,Camping Tent,6.0,108.22,0.1,2.69,Gift Card,Shipped,2024-08-05,True
ORD-12473,2023-01-26,CUST1542,Kenneth Edwards,kenneth.edwards23@yahoo.com,East,Mexico,Toys,RC Car,6.0,68.58,0.0,3.94,Gift Card,Pending,2022-04-30,False
ORD-11531,2023-08-06,CUST1118,Victor Baker,victor.baker98@yahoo.com,West,United States,Apparel,Running Shoes,5.0,44.0,0.05,18.28,Debit Card,Returned,2022-01-28,False
ORD-11588,2024-01-03,CUST1135,Jose Schultz,jose.schultz52@outlook.com,West,United States,Beauty,Face Moisturizer,4.0,5.04,0.0,22.5,Gift Card,Delivered,2023-10-22,False
ORD-11466,2023-09-14,CUST1590,Laurie Sanchez,laurie.sanchez25@hotmail.com,West,Canada,Toys,Puzzle 1000PC,4.0,64.12,0.25,13.08,Paypal,Shipped,2022-03-09,False
ORD-12573,2023-05-26,CUST1358,Christian Leblanc,christian.leblanc98@yahoo.com,Central,United States,Electronics,Smartwatch,4.0,41.501599999999996,0.1,10.06,Paypal,Delivered,2024-05-05,True
ORD-12779,2023-12-15,CUST1776,Tina Hall,tina.hall85@hotmail.com,Central,Canada,Home & Kitchen,Air Fryer,1.0,91.25,0.0,14.89,Debit Card,Shipped,2024-06-11,True
ORD-10224,2024-01-22,CUST1253,Barbara Dudley,barbara.dudley40@hotmail.com,Central,United States,Electronics,Wireless Earbuds,1.0,136.04,0.1,21.48,Paypal,Shipped,2022-02-02,False
ORD-13025,2024-06-11,CUST1152,Denise Jones,denise.jones37@outlook.com,West,United States,Electronics,Webcam,1.0,234.25,0.15,16.27,Credit Card,Shipped,2024-04-17,False
ORD-10396,2024-06-09,CUST1115,Diana May,diana.may48@hotmail.com,East,United States,Sports & Outdoors,Camping Tent,5.0,51.54,0.0,12.76,Credit Card,Returned,2024-02-08,False
ORD-11958,2023-09-03,CUST1486,Monica Miller,monica.miller83@gmail.com,Central,Canada,Apparel,Wool Sweater,5.0,26.96,0.15,4.08,Paypal,Returned,2022-05-24,False
ORD-11399,2024-04-10,CUST1049,Eric Carney,eric.carney73@gmail.com,South,Canada,Electronics,Wireless Earbuds,5.0,144.98,0.05,18.37,Gift Card,Pending,2021-05-31,False
ORD-10120,2023-09-13,CUST1790,Jennifer Taylor,jennifer.taylor13@hotmail.com,East,United States,Sports & Outdoors,Yoga Mat,2.0,40.88,0.0,20.39,Paypal,Shipped,2022-11-17,False
ORD-13037,2024-02-10,CUST1478,Curtis Williams,curtis.williams30@hotmail.com,North,Canada,Sports & Outdoors,Camping Tent,3.0,121.91,0.25,9.41,Paypal,Shipped,2024-09-04,True
ORD-12185,2024-04-13,CUST1623,Colleen Wright,colleen.wright29@outlook.com,North,United States,Apparel,Running Shoes,6.0,41.14,0.1,14.65,Debit Card,Shipped,2022-10-02,False
ORD-10913,2023-08-08,CUST1589,Melissa Taylor,melissa.taylor96@hotmail.com,West,Canada,Sports & Outdoors,Hiking Backpack,2.0,37.36,0.0,10.28,Gift Card,Shipped,2022-10-20,False
ORD-10170,2024-12-01,CUST1216,Rodney Morales,rodney.morales93@outlook.com,North,Canada,Apparel,Running Shoes,1.0,33.8669,0.15,7.42,Debit Card,Pending,2024-03-08,False
ORD-11358,2024-02-16,CUST1441,Joann Ferguson,joann.ferguson44@gmail.com,South,Canada,Beauty,Face Moisturizer,3.0,6.93,0.05,14.78,Credit Card,Cancelled,2021-12-03,False
ORD-12802,2023-06-05,CUST1550,Kelly Lee,kelly.lee21@hotmail.com,East,United States,Apparel,Denim Jacket,1.0,85.34,0.1,15.75,Paypal,Cancelled,2024-08-02,True
ORD-11042,2023-05-12,CUST1208,William Warren,dr..warren86@gmail.com,West,Mexico,Apparel,Wool Sweater,4.0,85.7,0.05,7.82,Paypal,Cancelled,2023-04-22,False
ORD-12921,2024-08-01,CUST1241,Matthew Moon,matthew.moon47@outlook.com,West,United States,Home & Kitchen,Coffee Maker,2.0,139.95,0.0,5.97,Paypal,Cancelled,2022-08-03,False
ORD-10819,2024-04-15,CUST1806,Zachary Cole,zachary.cole82@outlook.com,Central,United States,Apparel,Baseball Cap,5.0,76.14,0.0,14.38,Gift Card,Pending,2022-12-13,False
ORD-10058,2023-06-14,CUST1284,Stephanie Williams,stephanie.williams5@yahoo.com,East,United States,Electronics,Wireless Earbuds,2.0,141.63,0.2,14.73,Gift Card,Delivered,2021-05-18,False
ORD-12681,2024-03-04,CUST1471,Richard Cooper,richard.cooper46@gmail.com,South,United States,Electronics,Laptop Stand,3.0,87.75,0.2,3.79,Gift Card,Cancelled,2023-12-31,False
ORD-10865,2024-09-15,CUST1316,Lauren Carson,lauren.carson84@hotmail.com,North,Canada,Toys,Action Figure,5.0,27.91,0.0,19.63,Debit Card,Returned,2022-08-09,False
ORD-11024,2024-06-28,CUST1066,Tracy House,tracy.house69@outlook.com,East,United States,Sports & Outdoors,Hiking Backpack,5.0,102.06,0.0,16.77,Debit Card,Shipped,2021-02-26,False
ORD-13142,2023-04-19,CUST1017,Derek Zuniga,derek.zuniga18@hotmail.com,North,United States,Electronics,Laptop Stand,2.0,84.12,0.15,9.37,Debit Card,Delivered,2021-07-06,False
ORD-11207,2023-08-15,CUST1606,Brian Martin,brian.martin77@hotmail.com,South,Mexico,Toys,Building Blocks Set,3.0,31.55,0.05,6.93,Debit Card,Pending,2024-09-14,True
ORD-10888,2023-11-26,CUST1523,Sarah King,sarah.king12@yahoo.com,Central,Canada,Home & Kitchen,Air Fryer,5.0,150.09,0.1,21.46,Paypal,Returned,2022-09-16,False
ORD-11871,2023-10-14,CUST1066,Tracy House,tracy.house69@outlook.com,East,United States,Beauty,Lipstick,2.0,7.23,0.0,19.71,Gift Card,Delivered,2021-02-26,False
ORD-10823,2023-11-10,CUST1540,James Gilbert,james.gilbert21@gmail.com,South,United States,Toys,Action Figure,5.0,13.11,0.0,22.82,Paypal,Cancelled,2022-05-23,False
ORD-10569,2023-04-29,CUST1145,Joyce Solis,joyce.solis71@yahoo.com,West,Canada,Electronics,USB-C Cable,2.0,233.38,0.0,2.81,Debit Card,Cancelled,2022-08-13,False
ORD-12814,2024-09-25,CUST1313,Tracy Ballard,tracy.ballard64@hotmail.com,West,Canada,Home & Kitchen,Throw Blanket,6.0,107.67,0.1,6.34,Debit Card,Returned,2023-10-19,False
ORD-11241,2024-08-06,CUST1432,Travis Tucker,travis.tucker89@hotmail.com,East,Mexico,Home & Kitchen,Throw Blanket,4.0,159.07,0.0,4.31,Credit Card,Returned,2024-01-19,False
ORD-12540,2024-08-06,CUST1755,Rachel Jones,rachel.jones44@gmail.com,North,Canada,Sports & Outdoors,Yoga Mat,6.0,77.84,0.2,24.2,Paypal,Shipped,2021-11-26,False
ORD-10117,2024-02-05,CUST1717,Brenda Hinton,brenda.hinton11@outlook.com,South,United States,Apparel,Baseball Cap,2.0,46.63,0.0,13.44,Credit Card,Pending,2021-10-14,False
ORD-12424,2023-09-24,CUST1754,Dana Hopkins,dana.hopkins30@hotmail.com,South,Canada,Toys,Board Game,5.0,63.98,0.0,14.0,Credit Card,Returned,2021-11-28,False
ORD-10896,2023-05-10,CUST1390,Thomas Atkins,thomas.atkins75@hotmail.com,South,United States,Apparel,Baseball Cap,1.0,72.22,0.2,5.66,Paypal,Delivered,2022-08-28,False
ORD-11987,2023-11-07,CUST1260,Katie Suarez,katie.suarez84@outlook.com,North,United States,Home & Kitchen,Throw Blanket,1.0,104.9,0.0,12.19,Credit Card,Delivered,2021-10-27,False
ORD-12370,2023-01-22,CUST1522,Hannah Everett,hannah.everett99@yahoo.com,West,United States,Sports & Outdoors,Camping Tent,6.0,141.21,0.25,11.97,Debit Card,Shipped,2023-07-15,True
ORD-12665,2023-04-22,CUST1676,Kristen Rowe,kristen.rowe27@gmail.com,North,Canada,Sports & Outdoors,Resistance Bands,6.0,58.76,0.25,20.7,Paypal,Cancelled,2023-01-05,False
ORD-10172,2023-07-12,CUST1592,Jason Love,jason.love68@gmail.com,South,Canada,Apparel,Denim Jacket,5.0,87.74,0.0,24.98,Gift Card,Returned,2021-12-22,False
ORD-12867,2024-08-28,CUST1589,Melissa Taylor,melissa.taylor96@hotmail.com,West,Canada,Toys,Action Figure,1.0,58.82,0.0,4.21,Paypal,Cancelled,2022-10-20,False
ORD-11444,2024-01-07,CUST1375,Paul Lewis,paul.lewis19@yahoo.com,East,Canada,Toys,Board Game,6.0,16.07,0.0,19.9,Credit Card,Returned,2023-04-27,False
ORD-11886,2024-02-01,CUST1229,Lori Guerrero,lori.guerrero22@gmail.com,North,Canada,Toys,RC Car,2.0,64.14,0.25,23.71,Debit Card,Cancelled,2023-11-12,False
ORD-11895,2023-11-28,CUST1431,Jack White,jack@gmail.com,Central,United States,Sports & Outdoors,Hiking Backpack,2.0,146.18,0.0,21.38,Gift Card,Returned,2024-05-09,True
ORD-10367,2024-05-03,CUST1205,David Martinez,david.martinez86@outlook.com,West,Canada,Apparel,Denim Jacket,3.0,40.77,0.15,12.91,Paypal,Delivered,2023-02-06,False
ORD-10808,2024-06-01,CUST1484,Jasmine Beltran,jasmine.beltran53@hotmail.com,North,United States,Sports & Outdoors,Hiking Backpack,6.0,105.64,0.0,12.19,Paypal,Shipped,2022-03-21,False
ORD-13102,2023-06-10,CUST1436,Ralph Anderson,ralph.anderson74@yahoo.com,West,United States,Apparel,Cotton T-Shirt,4.0,45.1,0.0,7.77,Credit Card,Pending,2023-02-07,False
ORD-10381,,CUST1297,William Barrett,william.barrett17@hotmail.com,North,Canada,Home & Kitchen,LED Desk Lamp,6.0,97.36,0.05,15.98,Paypal,Cancelled,2023-10-27,False
ORD-10026,2024-11-07,CUST1651,Amber Yang,,West,United States,Apparel,Running Shoes,1.0,73.55,0.25,3.19,Paypal,Returned,2021-11-18,False
ORD-12396,2024-11-18,CUST1623,Colleen Wright,colleen.wright29@outlook.com,North,United States,Toys,Puzzle 1000PC,2.0,40.11,0.15,11.19,Gift Card,Returned,2022-10-02,False
ORD-12763,2023-08-29,CUST1043,Anthony Humphrey,anthony.humphrey68@yahoo.com,North,United States,Sports & Outdoors,Camping Tent,1.0,70.99,0.0,0.72,Gift Card,Cancelled,2021-04-27,False
ORD-11565,2023-01-03,CUST1240,Andrew Avila,andrew.avila6@yahoo.com,Central,Canada,Home & Kitchen,Non-Stick Pan Set,3.0,97.36,0.25,5.39,Paypal,Returned,2023-06-16,True
ORD-12593,2023-12-21,CUST1712,Timothy Edwards,timothy.edwards25@outlook.com,East,Canada,Apparel,Wool Sweater,5.0,71.67,0.0,12.69,Debit Card,Returned,2023-09-23,False
ORD-11351,2024-10-25,CUST1287,Carolyn Miller,carolyn.miller84@outlook.com,North,Mexico,Toys,RC Car,6.0,47.46,0.05,0.09,Gift Card,Delivered,2022-05-27,False
ORD-11264,2023-04-05,CUST1766,Raymond Chapman,raymond.chapman14@gmail.com,East,Canada,Beauty,Face Moisturizer,2.0,46.84,0.1,7.23,Gift Card,Delivered,2023-10-28,True
ORD-11909,2023-11-07,CUST1691,Pamela Gutierrez,pamela.gutierrez88@outlook.com,West,United States,Sports & Outdoors,Water Bottle,1.0,125.38,0.2,10.62,Gift Card,Returned,2023-02-21,False
ORD-13002,2023-06-19,CUST1051,Danny Morgan,danny.morgan70@outlook.com,Central,Canada,Electronics,USB-C Cable,1.0,126.23,0.0,5.99,Credit Card,Pending,2024-06-06,True
ORD-12239,2024-02-04,CUST1806,Zachary Cole,zachary.cole82@outlook.com,Central,United States,Sports & Outdoors,Camping Tent,3.0,121.85,0.0,14.41,Paypal,Returned,2022-12-13,False
ORD-11946,2023-10-31,CUST1731,Alexander Gomez,alexander.gomez1@yahoo.com,South,Canada,Beauty,Lipstick,5.0,44.92,0.15,24.39,Credit Card,Cancelled,2023-06-20,False
ORD-11553,2024-07-30,CUST1672,Felicia Krueger,felicia.krueger23@outlook.com,Central,United States,Sports & Outdoors,Hiking Backpack,2.0,11.51,0.15,14.66,Gift Card,Delivered,2021-08-25,False
ORD-10449,2024-06-17,CUST1664,Renee Melendez,renee.melendez6@gmail.com,Central,Canada,Electronics,USB-C Cable,1.0,26.92,0.0,3.64,Credit Card,Delivered,2023-07-12,False
ORD-11590,2024-01-15,CUST1804,Kimberly Fritz,kimberly.fritz60@outlook.com,South,Mexico,Electronics,Webcam,6.0,153.0,0.0,11.16,Gift Card,Cancelled,2024-01-29,True
ORD-10815,,CUST1183,Ashley Barton,ashley.barton79@yahoo.com,West,Mexico,Electronics,Smartwatch,1.0,131.21,0.2,21.86,Paypal,Delivered,2024-08-19,False
ORD-10050,2023-12-19,CUST1724,Mary Miller,mary.miller73@yahoo.com,North,United States,Beauty,Face Moisturizer,3.0,30.19,0.0,24.24,Debit Card,Pending,2023-09-18,False
ORD-12000,2023-10-31,CUST1435,Sophia Johnson,sophia@gmail.com,Central,Canada,Home & Kitchen,Coffee Maker,1.0,85.72,0.15,13.38,Paypal,Returned,2022-03-31,False
ORD-13063,2024-10-06,CUST1529,Angel May,,West,United States,Apparel,Running Shoes,5.0,46.68,0.05,2.27,Debit Card,Pending,2021-05-13,False
ORD-11038,2023-10-27,CUST1279,Nathan Malone,nathan.malone42@gmail.com,East,United States,Toys,Action Figure,2.0,36.72,0.0,17.32,Paypal,Delivered,2021-06-13,False
ORD-12257,2023-08-14,CUST1582,Gregory Peck,gregory.peck54@gmail.com,South,Canada,Toys,Building Blocks Set,1.0,30.91,0.05,12.225000000000001,Gift Card,Cancelled,2023-04-29,False
ORD-10057,2024-12-08,CUST1214,Julie Alexander,julie.alexander73@hotmail.com,North,Canada,Electronics,Wireless Earbuds,1.0,27.54,0.25,22.53,Debit Card,Returned,2021-05-23,False
ORD-11794,2023-02-02,CUST1628,Joseph Wilson,joseph.wilson16@outlook.com,West,Mexico,Toys,Action Figure,1.0,11.12,0.0,13.77,Credit Card,Pending,2024-08-25,True
ORD-12839,2024-04-12,CUST1691,Pamela Gutierrez,pamela.gutierrez88@outlook.com,West,United States,Electronics,Smartwatch,5.0,123.73,0.0,14.17,Debit Card,Shipped,2023-02-21,False
ORD-11045,2023-10-08,CUST1500,Jennifer Banks,jennifer.banks45@outlook.com,South,Mexico,Electronics,USB-C Cable,3.0,84.93,0.0,11.44,Paypal,Pending,2021-08-12,False
ORD-10917,2024-08-24,CUST1225,Benjamin Smith,benjamin.smith74@hotmail.com,West,United States,Toys,RC Car,6.0,66.42,0.0,4.84,Credit Card,Shipped,2024-03-20,False
ORD-12735,2023-07-11,CUST1661,Emma Butler,emma.butler14@gmail.com,South,Mexico,Sports & Outdoors,Camping Tent,4.0,48.04,0.0,10.83,Credit Card,Shipped,2021-12-03,False
ORD-11229,2023-10-24,CUST1241,Matthew Moon,matthew.moon47@outlook.com,West,United States,Apparel,Wool Sweater,6.0,58.41,0.2,2.48,Debit Card,Delivered,2022-08-03,False
ORD-11584,2024-04-18,CUST1435,Sophia Johnson,sophia@gmail.com,Central,Canada,Beauty,Hair Dryer,1.0,50.87,0.2,11.23,Gift Card,Shipped,2022-03-31,False
ORD-10096,2023-04-28,CUST1540,James Gilbert,james.gilbert21@gmail.com,South,United States,Home & Kitchen,Coffee Maker,4.0,42.9165,0.0,6.45,Credit Card,Cancelled,2022-05-23,False
ORD-11760,2024-11-05,CUST1815,Anna Estes,anna.estes58@outlook.com,South,United States,Sports & Outdoors,Resistance Bands,3.0,59.0088,0.0,21.34,Credit Card,Returned,2024-06-29,False
ORD-10947,2023-04-27,CUST1091,Brian Rodriguez,brian.rodriguez39@hotmail.com,Central,Canada,Electronics,Wireless Earbuds,4.0,78.23,0.0,13.8,Debit Card,Pending,2023-05-09,True
ORD-12739,2024-03-13,CUST1061,Gerald Hensley,gerald.hensley31@yahoo.com,North,United States,Home & Kitchen,Throw Blanket,2.0,149.27,0.0,12.06,Debit Card,Shipped,2021-12-29,False
ORD-11349,2023-01-12,CUST1327,Trevor Johnson,trevor.johnson84@yahoo.com,West,United States,Apparel,Wool Sweater,1.0,17.4,0.0,24.63,Paypal,Pending,2021-04-16,False
ORD-10270,,CUST1425,Gregory Ponce,gregory.ponce41@yahoo.com,East,Mexico,Home & Kitchen,Non-Stick Pan Set,2.0,116.25,0.1,2.05,Credit Card,Returned,2023-03-27,False
ORD-12481,2024-03-15,CUST1366,Courtney Rodriguez,courtney.rodriguez99@hotmail.com,West,United States,Apparel,Denim Jacket,2.0,52.1,0.0,13.85,Debit Card,Returned,2023-02-06,False
ORD-11795,2024-03-06,CUST1390,Thomas Atkins,thomas.atkins75@hotmail.com,South,United States,Electronics,USB-C Cable,1.0,213.31,0.25,7.28,Credit Card,Pending,2022-08-28,False
ORD-13124,2024-10-14,CUST1815,Anna Estes,anna.estes58@outlook.com,South,United States,Toys,Board Game,1.0,50.97,0.0,2.14,Debit Card,Returned,2024-06-29,False
ORD-10442,2024-05-30,CUST1094,John Whitehead,john.whitehead51@gmail.com,West,United States,Electronics,Laptop Stand,1.0,23.45,0.0,11.1,Credit Card,Pending,2021-06-21,False
ORD-11216,2024-11-27,CUST1014,Dylan Miller,dylan.miller28@outlook.com,West,United States,Sports & Outdoors,Camping Tent,3.0,102.9,0.0,13.84,Debit Card,Pending,2022-03-12,False
ORD-11275,2024-05-14,CUST1571,Christian Vaughn,christian.vaughn49@outlook.com,North,United States,Beauty,Hair Dryer,5.0,14.12,0.05,11.08,Debit Card,Pending,2022-01-18,False
ORD-10849,2023-05-02,CUST1844,Ashley Edwards,ashley.edwards33@gmail.com,Central,Mexico,Sports & Outdoors,Water Bottle,3.0,124.75,0.15,0.12,Debit Card,Cancelled,2023-01-21,False
ORD-12213,2024-09-23,CUST1507,Emma Reed,emma.reed54@outlook.com,Central,United States,Electronics,Webcam,1.0,215.35,0.0,21.7,Gift Card,Returned,2022-07-10,False
ORD-11490,2023-08-08,CUST1557,Gary Wells,gary.wells9@outlook.com,North,Canada,Electronics,Laptop Stand,5.0,201.73,0.0,6.41,Credit Card,Returned,2022-06-10,False
ORD-11308,2024-04-13,CUST1681,Justin Walker,justin.walker78@yahoo.com,West,United States,Apparel,Cotton T-Shirt,1.0,41.75,0.2,1.64,Credit Card,Delivered,2022-01-02,False
ORD-11835,2024-06-17,CUST1609,Casey Chase,casey.chase92@yahoo.com,West,Mexico,Electronics,Smartwatch,1.0,147.61,0.2,16.04,Paypal,Cancelled,2023-12-31,False
ORD-12474,2023-08-15,CUST1731,Alexander Gomez,alexander.gomez1@yahoo.com,South,Canada,Electronics,Webcam,3.0,29.07,0.0,23.36,Debit Card,Shipped,2023-06-20,False
ORD-10456,2023-05-10,CUST1046,John Pierce,john@gmail.com,Central,Canada,Sports & Outdoors,Hiking Backpack,1.0,65.9,0.0,21.19,Gift Card,Shipped,2024-09-08,True
ORD-12030,2023-03-05,CUST1713,Laurie Goodwin,laurie.goodwin89@yahoo.com,East,United States,Beauty,Hair Dryer,5.0,26.39,0.0,17.99,Paypal,Pending,2024-03-04,True
ORD-10341,2024-01-13,CUST1127,Jason Powell,jason.powell76@hotmail.com,Central,Canada,Apparel,Running Shoes,1.0,71.31,0.1,20.86,Paypal,Cancelled,2022-09-18,False
ORD-12386,2023-03-27,CUST1621,Lisa Perry,,East,Canada,Sports & Outdoors,Yoga Mat,4.0,107.73,0.1,14.01,Debit Card,Cancelled,2023-12-30,True
ORD-10465,2023-08-08,CUST1356,Jesse Perry,jesse.perry29@yahoo.com,West,Mexico,Electronics,Laptop Stand,2.0,88.98,0.0,6.09,Paypal,Cancelled,2023-09-07,True
ORD-11177,2024-08-19,CUST1276,Wayne Morgan,wayne.morgan16@outlook.com,West,United States,Electronics,Laptop Stand,6.0,222.34,0.05,22.36,Credit Card,Shipped,2023-06-14,False
ORD-11654,2023-07-25,CUST1633,Robert Reese,robert.reese14@gmail.com,North,United States,Home & Kitchen,Air Fryer,1.0,71.36,0.15,10.5,Credit Card,Shipped,2022-08-02,False
ORD-12182,2023-06-30,CUST1279,Nathan Malone,nathan.malone42@gmail.com,East,United States,Home & Kitchen,LED Desk Lamp,5.0,60.47,0.2,21.42,Debit Card,Cancelled,2021-06-13,False
ORD-12192,2024-04-26,CUST1524,Krista Martinez,krista.martinez42@yahoo.com,South,United States,Sports & Outdoors,Water Bottle,5.0,127.97,0.1,14.9,Debit Card,Shipped,2021-07-06,False
ORD-11550,2024-11-19,CUST1055,Michael Lewis,michael@gmail.com,North,Canada,Beauty,Lipstick,3.0,47.71,0.1,17.9,Debit Card,Shipped,2023-05-18,False
ORD-10869,2023-04-23,CUST1258,Denise Davenport,denise.davenport4@hotmail.com,Central,United States,Toys,RC Car,5.0,36.02,0.0,18.34,Debit Card,Shipped,2021-04-20,False
ORD-10129,2024-01-22,CUST1651,Amber Yang,,West,United States,Sports & Outdoors,Yoga Mat,1.0,103.15,0.15,11.83,Paypal,Returned,2021-11-18,False
ORD-11605,2024-04-16,CUST1211,Denise Mccann,denise.mccann45@outlook.com,Central,United States,Apparel,Wool Sweater,1.0,72.67,0.15,21.94,Paypal,Pending,2021-08-24,False
ORD-12874,2023-09-26,CUST1817,Beth Cline,beth.cline37@outlook.com,West,Mexico,Electronics,Webcam,4.0,140.36,0.0,4.7,Credit Card,Pending,2021-09-14,False
ORD-10830,2023-01-25,CUST1702,Karl Branch,karl.branch14@outlook.com,North,United States,Electronics,Wireless Earbuds,5.0,230.79,0.0,5.18,Paypal,Delivered,2022-09-10,False
ORD-12177,2023-02-20,CUST1119,Jeffrey Chandler,jeffrey.chandler98@outlook.com,East,United States,Electronics,Bluetooth Speaker,5.0,121.91,0.2,1.07,Paypal,Cancelled,2021-07-25,False
ORD-11950,2024-03-15,CUST1417,Carrie Wright,carrie.wright42@hotmail.com,West,United States,Toys,Puzzle 1000PC,1.0,67.86,0.0,12.35,Gift Card,Returned,2021-01-26,False
ORD-11667,2024-01-03,CUST1344,Kayla Rodriguez,kayla.rodriguez8@gmail.com,South,Canada,Apparel,Cotton T-Shirt,6.0,38.54,0.0,4.94,Paypal,Cancelled,2024-08-28,True
ORD-10847,2024-08-22,CUST1775,Christopher Moore,christopher.moore80@outlook.com,North,Canada,Apparel,Cotton T-Shirt,3.0,59.07,0.1,12.38,Debit Card,Shipped,2021-11-16,False
ORD-10688,2023-06-11,CUST1706,Adam Jackson,adam.jackson1@hotmail.com,North,United States,Apparel,Cotton T-Shirt,2.0,42.58,0.0,21.46,Credit Card,Cancelled,2024-01-06,True
ORD-11882,2024-08-18,CUST1281,Tammie Bright,tammie.bright94@outlook.com,East,Mexico,Electronics,USB-C Cable,3.0,220.26,0.0,2.45,Gift Card,Delivered,2024-06-13,False
ORD-12363,2024-10-08,CUST1007,Gina Moore,gina.moore49@gmail.com,Central,United States,Toys,RC Car,3.0,52.13,0.0,1.89,Debit Card,Pending,2024-05-02,False
ORD-11552,2024-03-09,CUST1698,Renee Browning,renee@gmail.com,East,Canada,Electronics,Laptop Stand,3.0,80.39,0.0,1.54,Gift Card,Shipped,2021-04-22,False
ORD-12320,2024-04-21,CUST1739,Linda Gonzalez,linda.gonzalez75@yahoo.com,Central,United States,Toys,Building Blocks Set,4.0,40.81,0.15,13.93,Gift Card,Pending,2024-06-30,True
ORD-11023,2024-04-04,CUST1498,Meghan Rush,meghan.rush78@gmail.com,South,Canada,Electronics,Bluetooth Speaker,6.0,180.76,0.1,11.55,Debit Card,Returned,2022-09-26,False
ORD-12483,2023-01-10,CUST1662,James Webster,james.webster53@gmail.com,South,United States,Electronics,Bluetooth Speaker,1.0,34.31,0.25,7.7,Debit Card,Pending,2022-06-05,False
ORD-12449,2024-06-09,CUST1751,Michael Gonzales,michael.gonzales55@outlook.com,West,United States,Apparel,Wool Sweater,1.0,77.28,0.0,19.45,Gift Card,Returned,2024-07-06,True
ORD-11367,2024-03-30,CUST1177,Michael Wang,michael.wang23@yahoo.com,East,Canada,Toys,Building Blocks Set,3.0,48.07,0.0,6.13,Gift Card,Shipped,2021-09-28,False
ORD-10032,2024-02-04,CUST1545,Cindy Gomez,,Central,United States,Electronics,USB-C Cable,4.0,107.86,0.15,6.68,Credit Card,Shipped,2021-04-26,False
ORD-10458,2024-11-03,CUST1474,Robin Thompson,robin@gmail.com,North,United States,Toys,RC Car,4.0,10.72,0.05,6.41,Credit Card,Shipped,2023-07-31,False
ORD-10643,2023-02-11,CUST1479,Kaylee Hays,kaylee.hays10@yahoo.com,Central,Mexico,Sports & Outdoors,Hiking Backpack,6.0,142.81,0.25,5.04,Debit Card,Returned,2024-04-30,True
ORD-13116,2024-07-25,CUST1813,Michael Roberts,michael.roberts67@outlook.com,Central,United States,Toys,RC Car,3.0,34.06,0.2,18.57,Paypal,Shipped,2022-08-07,False
ORD-12790,2024-11-04,CUST1666,David Harris,david.harris75@hotmail.com,Central,United States,Sports & Outdoors,Resistance Bands,2.0,115.67,0.1,1.0,Debit Card,Cancelled,2023-11-08,False
ORD-12161,2024-01-26,CUST1055,Michael Lewis,michael@gmail.com,North,Canada,Toys,Board Game,2.0,61.84,0.0,1.62,Paypal,Returned,2023-05-18,False
ORD-13003,2024-03-16,CUST1143,Christopher Rubio,christopher.rubio99@hotmail.com,Central,United States,Home & Kitchen,Air Fryer,5.0,89.23,0.15,21.22,Credit Card,Pending,2023-11-20,False
ORD-10991,2023-10-11,CUST1397,Gary Jackson,gary.jackson3@gmail.com,West,Canada,Apparel,Running Shoes,4.0,44.97,0.0,11.97,Gift Card,Shipped,2023-12-26,True
ORD-11230,2024-05-06,CUST1296,Laura Haney,laura.haney67@outlook.com,Central,United States,Sports & Outdoors,Hiking Backpack,5.0,95.65,0.05,5.36,Credit Card,Shipped,2021-09-20,False
ORD-11355,2024-09-17,CUST1628,Joseph Wilson,joseph.wilson16@outlook.com,West,Mexico,Electronics,Bluetooth Speaker,4.0,204.31,0.0,23.56,Gift Card,Returned,2024-08-25,False
ORD-10971,2024-09-13,CUST1412,Julian Conner,julian.conner99@outlook.com,North,Canada,Toys,Puzzle 1000PC,1.0,62.28,0.0,24.74,Paypal,Returned,2022-05-20,False
ORD-11115,2024-03-16,CUST1665,Tracy Grant,tracy.grant64@gmail.com,North,Canada,Apparel,Denim Jacket,4.0,54.27,0.2,11.44,Gift Card,Cancelled,2023-12-23,False
