OrderID,OrderDate,CustomerID,CustomerName,Email,Region,Country,ProductCategory,ProductName,Quantity,UnitPrice,Discount,ShippingCost,PaymentMethod,OrderStatus,SignupDate
11575,11/07/2023,CUST1647,molly rodriguez,molly.rodriguez57@gmail.com,Est,Canada,Home&Kitchen,LED Desk Lamp,5,161.22,0.2,19.07,Debit Card,Shipped,10-05-2021
ORD-11937,01/22/24,CUST1725,Rebecca Marquez,rebecca.marquez30@gmail.com,south,Canada,ELECTRONICS,Webcam,2,28.8,0.15,4.91,paypal,DELIVERED,26-06-2022
ORD-12847,,CUST1491,Heather Bolton,heather.bolton70@yahoo.com,NORTH,canada,BEAUTY,Hair Dryer,-3,47.02,0,18.56,Gift Card,shipped,2023-08-23
10139,2024-11-05,CUST1667,Tammy Boone,tammy.boone17@gmail.com,central,canada,ELECTRONICS,USB-C Cable,1,20411.8,0,24.16,debit card,delivered,03/05/23
13107,"May 01, 2024",CUST1002,Angie Henderson,angie.at.gmail.com,central,Canada,Home and Kitchen,LED Desk Lamp,4,49.28,0,14.22,Debit Card,Pending,"April 22, 2022"
10292,03/08/24,CUST1636,Timothy Johnson,timothy.johnson43@yahoo.com,NORTH,Canada,Appare,Wool Sweater,5,$43.27,0.05,11.23,Debit Card,Delivered,2021-01-06
ORD-10566,17-08-2023,CUST1078,Steve Sanchez,steve.sanchez19@gmail.com,West,canada,Sports and Outdoors,Hiking Backpack,1,114.25,20%,0.69,CC,Pending,04/05/2021
ORD-11868,03/26/23,CUST1447,Shelly Spencer,shelly.spencer86@hotmail.com,Est,canada,ELECTRONICS,Laptop Stand,3,66.39,0.25,17.88,debit card,RETURNED,12/17/23
ORD-11303,24-Apr-2023,CUST1739,Linda Gonzalez,linda.gonzalez75@yahoo.com,central,USA,Toys,Puzzle 1000pc,4,59.14,0.2,0.34,CREDIT CARD,pending,06/30/24
ORD-12147,09/01/24,CUST1552,Diana Hays,diana.hays94@outlook.com,NORTH,Mexico,Sports & Outdoors,Hiking Backpack,5,119.39,0.25,8.0,Debit Card,pending,09/18/2021
10373,03/11/2024,CUST1676,Kristen Rowe,kristen.rowe27@gmail.com,NORTH,canada,home & kitchen,LED Desk Lamp,1,142.35,0,22.52,Debit,Shipped,05-Jan-2023
ORD-11850,unknown,CUST1233,  LAURA ROBERTS  ,laura.roberts73@outlook.com,South,US,Beauty,Hair Dryer,1,43.4,0.15,2.0,Debit Card,pending,08-07-2024
ORD-12099,12/17/23,CUST1541,Sean Moore,sean.moore95@gmail.com,west,USA,Sports & Outdoors,Yoga Mat,6,106.41,0,17.99,CC,shipped,"March 26, 2022"
ORD-11312,27-Sep-2024,CUST1782,Chelsea Nguyen,chelsea.nguyen79@outlook.com,east,United States,TOYS,Building Blocks Set,-3,12.62,0,15.34,Debit,Shipped,"January 19, 2022"
ORD-13071,"July 01, 2024",CUST1131,Dustin Jordan,dustin.jordan30@outlook.com, West ,Canada,beauty,Face Moisturizer,5,$41.23,0.2,9.36,PAYPAL,shipped,08/03/22
ORD-12459,12/06/23,CUST1804,Kimberly Fritz,kimberly.fritz60@outlook.com,Sth,Mexico,Electronic,Wireless Earbuds,5,74.54,0,17.44,PayPal,pending,29-Jan-2024
ORD-12535,03/28/24,CUST1115,Diana May,diana.may48@hotmail.com,East,US,Home and Kitchen,Throw Blanket,4,119.86,0.2,16.21,CC,Deliverd,"February 08, 2024"
ORD-12038,"April 17, 2023",CUST1155,Michelle Brown,michelle.brown53@gmail.com,west,Mexico,Toys,Action Figure,6,59.03,0.25,24.8,Gift Card,Cancelled,10/14/22
10932,08-Sep-2024,CUST1461,Eric Williams,eric.williams45@gmail.com,south,United States,Home and Kitchen,LED Desk Lamp,6,147.46,0.1,9.31,Debit Card,DELIVERED,2023-06-19
ORD-10105,20-Apr-2024,CUST1675,Larry Harris,larry.harris21@outlook.com,NORTH,Mexico,Toys,Board Game,5,44.76,15%,18.12,Gift Card,cancelled,05/29/2022
ORD-11482,03/05/24,CUST1235,Kathryn Snyder,kathryn.snyder46@gmail.com,WEST,Canada,TOYS,Action Figure,4,16.2,,9.43,CREDIT CARD,Canceled,28-Sep-2022
12323,2023-02-07,CUST1217,Mark Brown,mark.brown97@gmail.com, West ,Mexico,Electronic,Wireless Earbuds,2,39.06,0.15,15.3,debit card,DELIVERED,17-06-2021
ORD-10879,"January 14, 2023",CUST1758,Heather Woodard,heather.woodard92@gmail.com,West,US,Toy,Puzzle 1000pc,5,30.43,0,22.65,PayPal,Pending,12/25/21
ORD-10802,"February 11, 2024",CUST1382,Douglas Gregory,douglas.gregory7@outlook.com,Central,canada,sports & outdoors,Camping Tent,3,93.77,5%,2.83,CC,shipped,02/12/23
ORD-12297,"June 24, 2024",CUST1666,David Harris,david.harris75@hotmail.com,Central,United States,Sports and Outdoors,Resistance Bands,2,47.6,15%,7.79,Credit Card,PENDING,11/08/2023
ORD-12809,2023-01-20,CUST1154,Brenda Hall,brenda.hall42@yahoo.com,West,United States,Apparel,Running Shoes,1,11.25,0.25,4.46,Credit_Card,Pending,"May 05, 2022"
11866,2024-06-10,CUST1155,Michelle Brown,michelle.brown53@gmail.com, West ,Mexico,Electronic,Smartwatch,1,116.35,0.15,1.24,PAYPAL,Cancelled,10/14/22
ORD-13129,2023-07-25,CUST1705,James Tran,james.tran87@outlook.com,Centrl,United States,beauty,Sunscreen SPF50,-1,,0.2,,Credit_Card,delivered,"January 23, 2021"
11577,26-Jul-2024,CUST1195,Allen Rosales,allen.rosales31@outlook.com,east,Canada,Apparel,Baseball Cap,1,40.1,25%,16.41,Credit Card,CANCELLED,02/02/2021
ORD-12422,"February 07, 2024",CUST1464,Jose Allen,jose.allen69@yahoo.com,east,USA,Apparel,Baseball Cap,1,60.48,0,19.25,GiftCard,Pending,10/25/22
ORD-10833,21-Mar-2024,CUST1492,William Gould,william.at.gmail.com, North,Canada,Home & Kitchen,LED Desk Lamp,3,31.66,0,23.15,CC,Deliverd,06/21/2022
ORD-11674,01/16/2023,CUST1815,Anna Estes,anna.estes58@outlook.com,south,USA,Home&Kitchen,Air Fryer,5,92.34,0.25,17.56,credit card,SHIPPED,29-Jun-2024
ORD-11285,2024-03-23,CUST1290,David Smith,david.smith58@yahoo.com,Est,Mexico,Sports & Outdoors,Resistance Bands,3,111.66,0,23.77,Debit Card,Returned,2023-07-01
ORD-11262,09-Oct-2024,CUST1072,Brittney Phillips,brittney.phillips53@outlook.com,Est,canada,Toy,RC Car,6,22.18,,1.45,Pay Pal,Pending,04/05/23
11133,"January 09, 2024",CUST1577,Raymond Le,raymond.le87@yahoo.com,South,United States,ELECTRONICS,Smartwatch,1,40.0,5%,10.96,credit card,delivered,04-Sep-2021
12042,10/29/2024,CUST1580,William Evans,william.evans9@gmail.com,WEST,canada,Home&Kitchen,Air Fryer,1,167.04,0,9.72,PayPal,SHIPPED,"March 06, 2023"
ORD-11942,11/19/24,CUST1642,Joshua Rice,joshua.rice94@gmail.com,SOUTH,Canada,home & kitchen,Coffee Maker,3,57.16,0,3.81,Credit_Card,Delivered,03-02-2023
11752,08/03/24,CUST1188,Madison Poole,madison.poole31@outlook.com,EAST,canada,Sports & Outdoors,Hiking Backpack,6,17.23,0.05,4.72,Gift Card,RETURNED,07/23/21
ORD-11021,"March 05, 2023",CUST1026,  JUSTIN BAKER  ,justin.baker69@yahoo.com,West,canada,Home&Kitchen,LED Desk Lamp,two,53.91,0.15,23.57,Gift Card,cancelled,09/20/21
ORD-11697,05/09/24,CUST1413,Joanna Pacheco,joanna.pacheco49@yahoo.com,East,Canada,Apparel,Running Shoes,3,83.23,0,21.07,GiftCard,Cancelled,09-03-2023
11940,2024-11-24,CUST1820,Debra Perry,debra.perry43@gmail.com,east,US,Apparel,Wool Sweater,4,16.37,0,24.33,CREDIT CARD,cancelled,2021-10-27
11311,09/10/23,CUST1746,Michael Henry,michael.henry95@gmail.com,Est,US,sports & outdoors,Water Bottle,4,110.46,0.2,18.29,CREDIT CARD,pending,05/22/2023
ORD-10081,2024-05-30,CUST1259,  MRS. KRISTEN REYES  ,mrs..reyes11@outlook.com,east,Canada,Clothing,Cotton T-Shirt,3,80.14,0.1,1.96,PayPal,PENDING,2022-04-05
10164,24-Oct-2024,CUST1389,  SCOTT WILLIAMS  ,scott.williams6@yahoo.com,East,canada,home & kitchen,Air Fryer,2,32.57,0,24.42,CC,Pending,2021-10-26
12280,"June 05, 2024",CUST1744,Travis Harris,travis.harris17@gmail.com,CENTRAL,US,ELECTRONICS,USB-C Cable,1,52.27,10%,16.57,CC,Canceled,22-Aug-2024
ORD-10065,"March 19, 2023",CUST1446,Brenda Wright,brenda.wright69@yahoo.com,SOUTH,US,Beuty,Shampoo Set,5,37.55,0,16.29,Pay Pal,PENDING,20-01-2023
ORD-11002,18-Jul-2023,CUST1725,Rebecca Marquez,rebecca.marquez30@gmail.com,SOUTH,Canada,Electronis,Smartwatch,6,73.66,0,8.53,Debit,cancelled,26-06-2022
11707,2024-09-08,CUST1554,Robert Morgan,robert.morgan73@gmail.com,East,Mexico,BEAUTY,Sunscreen SPF50,3,51.45,25%,12.49,Pay Pal,returned,10/14/2023
ORD-11681,2024-01-29,CUST1846,Brandi Haney,brandi.haney82@gmail.com,WEST,USA,Appare,Baseball Cap,2,50.75,0,2.04,gift card,Pending,"January 10, 2023"
ORD-10245,2024-10-15,CUST1381,Paul Wilson,paul.wilson11@hotmail.com,Central,Mexico,home & kitchen,Throw Blanket,1,138.22,,15.39,Debit,DELIVERED,2023-01-30
13024,14-Nov-2024,CUST1340,Allison Smith,allison.smith95@yahoo.com,central,United States,Toy,Board Game,5,30.34,0,,Debit,CANCELLED,2022-05-12
ORD-10767,2023-06-09,CUST1638,Maria Fisher,maria.fisher13@outlook.com,west,USA,ELECTRONICS,USB-C Cable,4,106.5,10%,7.48,paypal,delivered,08/12/2024
ORD-10069,04/20/2023,CUST1241,Matthew Moon,matthew.moon47@outlook.com, West ,USA,Home & Kitchen,Throw Blanket,2,33.64,0.15,,Credit Card,Canceled,03-Aug-2022
12671,21-Mar-2023,CUST1155,Michelle Brown,michelle.brown53@gmail.com, West ,Mexico,Beuty,Hair Dryer,5,39.81,0.2,2.82,Debit Card,Cancelled,10/14/22
ORD-11332,2024-11-25,CUST1352,Kerry Chavez DDS,kerry.dds32@gmail.com,Sth,US,TOYS,Board Game,4,1199.9,0,10.88,Debit,RETURNED,19-Jun-2022
ORD-11233,16-02-2024,CUST1240,Andrew Avila,andrew.avila6@yahoo.com,Central,canada,Electronis,Webcam,5,211.17,0.15,16.24,CREDIT CARD,RETURNED,16-Jun-2023
ORD-12291,12/13/23,CUST1734,Steven Stein,steven.stein62@yahoo.com, West ,Canada,Toys,Board Game,5,69.7,0.05,23.01,Debit Card,PENDING,04/24/2024
11435,2024-01-15,CUST1311,victor taylor,victor.taylor7@outlook.com,West,United States,Home&Kitchen,Throw Blanket,5,113.22,0.2,18.72,Debit Card,cancelled,"February 26, 2023"
ORD-11597,11/20/2024,CUST1625,Michael Miller,michael.miller67@outlook.com,south,USA,ELECTRONICS,Laptop Stand,6,52.48,0,9.93,Gift Card,Deliverd,06/08/23
12677,05/29/23,CUST1534,Anthony Gonzales,anthony.gonzales32@outlook.com,Central,US,TOYS,RC Car,2,46.84,5%,11.82,gift card,returned,19-Oct-2023
11930,-,CUST1084,Zachary Ferrell,zachary.ferrell71@hotmail.com, West ,US,Apparel,Wool Sweater,6,76.77,,15.26,Debit Card,Deliverd,11/22/21
ORD-12870,"May 18, 2024",CUST1270,  JASMIN ALVARADO  ,jasmin.alvarado85@gmail.com,East,United States,Electronic,USB-C Cable,1,163.17,0.1,14.02,CC,Cancelled,04/06/24
ORD-12201,2024-09-09,CUST1578,Melissa Bishop,melissa.bishop25@yahoo.com,Nort,Mexico,Sports and Outdoors,Hiking Backpack,1,108.08,0.25,4.57,credit card,RETURNED,29-Mar-2021
11343,"August 06, 2023",CUST1506,Brandon Fleming,brandon.fleming20@yahoo.com,West,United States,Toys,Action Figure,5,55.81,0,12.82,paypal,Delivered,"March 14, 2021"
ORD-10003,20-09-2023,CUST1375,Paul Lewis,paul.lewis19@yahoo.com,east,Canada,Toys,Puzzle 1000pc,3,$64.27,0.2,1.4,Pay Pal,pending,27-04-2023
10488,08/02/2024,CUST1573,Nancy Brown,nancy.brown86@gmail.com,east,canada,Appare,Wool Sweater,-2,24.64,0.2,6.12,CC,DELIVERED,06/25/21
ORD-10264,"April 26, 2023",CUST1578,Melissa Bishop,melissa.bishop25@yahoo.com,North,Mexico,Beuty,Hair Dryer,6,49.98,0,14.38,GiftCard,Pending,29-Mar-2021
ORD-12563,2024-07-20,CUST1125,Erin Edwards,erin.at.gmail.com,CENTRAL,US,Appare,Denim Jacket,3,81.64,0,1.97,Debit,PENDING,2022-05-24
ORD-12088,2024-10-07,CUST1420,George Harper,george.at.gmail.com, West ,USA,Beauty,Lipstick,6,49.19,0,3.28,debit card,Shipped,10-06-2023
12353,28-08-2023,CUST1711,Stephanie Elliott,stephanie.elliott46@yahoo.com,North,USA,apparel,Cotton T-Shirt,4,21.31,10%,14.28,CREDIT CARD,shipped,09/04/2024
11894,12/11/23,CUST1318,Stephen Hoffman,,East,canada,Apparel,Denim Jacket,4,89.99,0,7.83,gift card,returned,02/25/2024
ORD-11063,"September 10, 2024",CUST1239,Yvonne Chambers,yvonne.chambers8@hotmail.com,north,canada,TOYS,Action Figure,2,44.28,,,GiftCard,delivered,31-07-2021
12221,31-12-2023,CUST1551,Angel Gordon,angel.gordon72@outlook.com,central,United States,Beauty,Face Moisturizer,2,41.06,0,21.9,Debit,CANCELLED,04/03/22
ORD-12606,04/03/2024,CUST1791,Cody Reid,cody.reid33@outlook.com,Nort,USA,TOYS,Puzzle 1000pc,6,42.26,0.25,4.07,gift card,shipped,10-Feb-2021
11689,09/01/2023,CUST1028,Zachary Hicks,zachary.hicks86@outlook.com,WEST,Canada,Beauty,Hair Dryer,1,39.96,0,4.03,GiftCard,Returned,"June 17, 2023"
10554,unknown,CUST1560,Nancy Evans MD,nancy.md5@outlook.com,east,Canada,Clothing,Cotton T-Shirt,1,67.84,,6.48,Debit,Returned,11-02-2021
ORD-11485,07/20/2023,CUST1000,Allison Hill,allison.hill4@outlook.com,South,Mexico,home & kitchen,LED Desk Lamp,6,123.18,,24.82,CC,delivered,05/17/2022
ORD-12626,"August 26, 2023",CUST1663,  SAMUEL TURNER  ,samuel.turner51@yahoo.com,EAST,Canada,Home&Kitchen,Non-stick Pan Set,4,169.86,0.15,7.97,Debit Card,PENDING,07/26/2023
11382,"September 09, 2023",CUST1325,Patrick Moore,patrick.moore91@outlook.com,East,USA,Clothing,Baseball Cap,1,54.71,0,9.3,gift card,Pending,2023-08-31
ORD-11250,"April 16, 2024",CUST1687,Robert Jackson,robert.jackson24@gmail.com,West,canada,Sports & Outdoors,Camping Tent,1,-24.28,10%,19.12,credit card,returned,11/01/2023
ORD-12667,28-Oct-2023,CUST1537,Bianca Wood,bianca.wood46@hotmail.com,East,canada,Electronic,Smartwatch,3,-156.79,0,17.28,Debit,SHIPPED,21-Jan-2024
ORD-10922,07/27/2024,CUST1098,Jessica Smith,,South,Canada,Beuty,Face Moisturizer,1,-44.68,5%,10.03,PAYPAL,Delivered,03/05/2021
ORD-12207,12/07/2024,CUST1805,Ronald Potter,ronald.potter76@hotmail.com,Centrl,US,Home&Kitchen,LED Desk Lamp,6,70.63,,18.16,CC,RETURNED,07/16/24
12486,11-Apr-2023,CUST1708,Joseph Williams,joseph.williams29@outlook.com,south,Mexico,Toy,Action Figure,-1,28.36,0,0.3,Credit Card,Pending,2022-02-02
ORD-11420,2023-07-09,CUST1022,Ethan Adams,ethan.adams81@outlook.com,Central,United States,Home&Kitchen,Air Fryer,3,62.06,0.25,8.6,PAYPAL,Shipped,"August 01, 2024"
ORD-12610,03/10/23,CUST1144,Amber Wright,amber.wright25@outlook.com, West ,Canada,Sports & Outdoors,Yoga Mat,5,135.89,0.05,11.63,Credit Card,RETURNED,29-Jun-2024
ORD-10067,10/21/23,CUST1649,Alexis Harris,alexis.harris13@hotmail.com,south,US,Sports and Outdoors,Yoga Mat,1,53.48,0,,paypal,Deliverd,09/17/24
ORD-10607,06/09/2023,CUST1417,Carrie Wright,carrie.wright42@hotmail.com,west,US,BEAUTY,Hair Dryer,2,38.55,0,3.32,PayPal,returned,26-01-2021
ORD-12241,12/22/2023,CUST1524,Krista Martinez,krista.martinez42@yahoo.com,South,USA,Electronics,Webcam,1,140.01,0,23.64,gift card,Cancelled,07/06/21
ORD-10687,16-06-2023,CUST1510,Rebecca Hicks,rebecca.hicks2@outlook.com,central,USA,apparel,Denim Jacket,5,37.03,0,1.15,credit card,shipped,15-02-2022
11470,06-Apr-2023,CUST1086,Shirley Suarez,shirley.suarez92@outlook.com,EAST,USA,Sports,Yoga Mat,4,121.36,0,4.05,GiftCard,RETURNED,26-04-2022
ORD-12138,2024-01-17,CUST1701,  JAMES WATSON  ,james.watson1@gmail.com,North,USA,Sports and Outdoors,Water Bottle,-1,81.03,0.15,24.59,Credit_Card,returned,2024-04-14
ORD-12863,"July 05, 2024",CUST1691,Pamela Gutierrez,pamela.gutierrez88@outlook.com,west,USA,ELECTRONICS,Bluetooth Speaker,3,136.27,0.25,0.37,Debit Card,delivered,2023-02-21
ORD-10131,02/16/23,CUST1832,Scott Alexander,scott.alexander97@outlook.com,Sth,Canada,Sports & Outdoors,Water Bottle,3,148.16,0.25,19.62,credit card,Pending,06/18/23
11944,2023-04-25,CUST1536,Morgan Valencia,morgan.valencia68@yahoo.com,North,US,Sports and Outdoors,Yoga Mat,2,7724.73,,24.22,PayPal,pending,"July 15, 2024"
10392,04-05-2023,CUST1321,Charles Shah,charles.shah97@yahoo.com,Centrl,US,beauty,Shampoo Set,2,54.44,0,,GiftCard,pending,"February 12, 2022"
11222,11/29/24,CUST1440,Jeremy Mitchell,jeremy.mitchell58@outlook.com,Nort,Mexico,sports & outdoors,Water Bottle,4,121.74,0,20.71,Debit Card,Shipped,18-05-2021
ORD-12973,06/01/23,CUST1766,Raymond Chapman,raymond.chapman14@gmail.com,EAST,Canada,Electronic,Webcam,2,40.79,10%,7.71,Credit Card,CANCELLED,28-10-2023
ORD-11764,05/16/23,CUST1564,Molly Watts,molly.watts21@gmail.com,south,United States,Home and Kitchen,Air Fryer,6,134.28,0,1.94,gift card,Shipped,27-07-2021
ORD-11300,"April 12, 2024",CUST1292,Jeremy Reed,jeremy.reed16@yahoo.com,West,Canada,Beauty,Hair Dryer,5,51.76,,,paypal,Canceled,10/12/2021
11196,27-03-2024,CUST1586,Dwayne Klein,dwayne.klein89@hotmail.com,east,Mexico,Beauty,Hair Dryer,,59.57,0,19.81,CREDIT CARD,Deliverd,21-Mar-2021
ORD-11512,05-02-2023,CUST1390,Thomas Atkins,thomas.atkins75@hotmail.com,South,USA,Clothing,Running Shoes,2,16.6,5%,5.14,Gift Card,CANCELLED,08/28/2022
12228,09/13/2023,CUST1057,Richard Aguirre,richard.aguirre72@gmail.com,SOUTH,canada,beauty,Sunscreen SPF50,4,50.34,0,0.56,Debit Card,Pending,2021-08-18
ORD-12411,11/28/23,CUST1295,John Young,john.young53@gmail.com,NORTH,US,beauty,Sunscreen SPF50,3,26.89,0.05,6.25,Credit Card,pending,14-09-2021
ORD-10638,2023-05-03,CUST1455,Marie Moody,marie.moody50@hotmail.com,west,US,Sports & Outdoors,Resistance Bands,3,59.89,0.25,8.06,PAYPAL,Returned,04/18/23
ORD-11320,03-01-2023,CUST1431,Jack White,jack.at.gmail.com,Centrl,US,beauty,Shampoo Set,3,14.23,0.1,22.77,gift card,Cancelled,09-May-2024
ORD-11041,30-Nov-2024,CUST1158,Melissa Gates,melissa.gates2@yahoo.com,SOUTH,Canada,Clothing,Denim Jacket,1,-80.03,0.05,0.69,Credit_Card,delivered,04/20/23
ORD-12436,"September 20, 2024",CUST1808,Patricia Young PhD,patricia.phd1@yahoo.com,west,canada,ELECTRONICS,Webcam,-3,26.94,0,0.58,Gift Card,DELIVERED,06-12-2022
ORD-11725,"August 04, 2024",CUST1173,Matthew Harrington,,WEST,USA,beauty,Face Moisturizer,4,43.66,0.15,15.43,CC,shipped,"April 11, 2021"
ORD-10361,05/21/23,CUST1109,Sharon Cochran,sharon.cochran32@hotmail.com,west,USA,home & kitchen,Throw Blanket,-2,75.02,0.1,15.07,CREDIT CARD,Delivered,"March 13, 2024"
ORD-10298,11/11/2023,CUST1782,Chelsea Nguyen,chelsea.nguyen79@outlook.com,Est,United States,Home&Kitchen,Air Fryer,1,161.84,0,6.83,Debit,PENDING,"January 19, 2022"
ORD-12556,2024-07-15,CUST1727,Nancy Stewart,,Nort,Mexico,Electronics,Wireless Earbuds,1,206.42,0.05,4.68,Credit_Card,DELIVERED,21-08-2024
ORD-10175,2022-08-25,CUST1424,Felicia Aguilar,felicia.aguilar84@yahoo.com,CENTRAL,Mexico,Home and Kitchen,LED Desk Lamp,5,175.63,0.2,4.34,paypal,Pending,08-09-2022
12419,"February 17, 2024",CUST1685,Mr. Michael Scott PhD,mr..phd42@gmail.com,east,US,Toy,Action Figure,5,39.0,0.15,3.21,Debit,DELIVERED,"July 04, 2024"
10210,12-Aug-2023,CUST1367,Holly Farmer,holly.farmer88@yahoo.com,NORTH,United States,BEAUTY,Face Moisturizer,5,32.22,0,4.61,GiftCard,Returned,31-08-2024
ORD-11544,29-09-2024,CUST1734,Steven Stein,steven.stein62@yahoo.com, West ,Canada,Apparel,Baseball Cap,3,,0,5.2,gift card,CANCELLED,04/24/2024
10340,23-Aug-2023,CUST1446,Brenda Wright,brenda.wright69@yahoo.com,south,US,ELECTRONICS,Wireless Earbuds,4,151.7,0,4.88,Credit Card,DELIVERED,20-01-2023
ORD-10473,"January 04, 2024",CUST1765,Laura Griffin,laura.griffin59@hotmail.com,East,United States,toys,Building Blocks Set,2,17.25,10%,2.58,paypal,delivered,2024-03-23
ORD-10636,03/16/2023,CUST1233,Laura Roberts,laura.roberts73@outlook.com,south,US,apparel,Baseball Cap,3,66.26,25%,1.61,Debit Card,CANCELLED,08-07-2024
ORD-11006,2024-08-08,CUST1664,Renee Melendez,renee.melendez6@gmail.com,Centrl,canada,Electronics,Bluetooth Speaker,6,248.77,20%,19.62,CREDIT CARD,shipped,12-Jul-2023
ORD-11991,"August 16, 2023",CUST1010,Monica Herrera,monica.herrera21@outlook.com,east,Mexico,TOYS,RC Car,3,16.29,0.05,22.09,Credit Card,RETURNED,12/29/2022
ORD-12778,"December 05, 2024",CUST1112,Julia Torres,,SOUTH,Mexico,Home&Kitchen,Throw Blanket,6,75.45,0.15,7.01,Credit_Card,Pending,2022-01-27
ORD-12302,04/25/24,CUST1531,Mark Jimenez,,West,US,Apparel,Running Shoes,1,43.46,0.25,6.66,debit card,Canceled,21-Mar-2024
ORD-10311,"June 01, 2023",CUST1523,Sarah King,sarah.king12@yahoo.com,Centrl,Canada,BEAUTY,Face Moisturizer,2,12.87,0,15.52,debit card,returned,09/16/22
ORD-12074,18-Mar-2024,CUST1076,Angela Lopez,angela.lopez95@yahoo.com,Est,canada,Toys,Board Game,2,53.94,0.15,8.48,Gift Card,RETURNED,2024-09-11
10723,10-Aug-2023,CUST1163,Jeffrey Johnson,jeffrey.johnson98@gmail.com,EAST,Canada,apparel,Cotton T-Shirt,2,74.91,0.2,15.25,Debit,returned,06/28/2023
ORD-10623,10-Feb-2024,CUST1832,scott alexander,scott.alexander97@outlook.com,SOUTH,Canada,electronics,Webcam,1,142.11,,24.71,credit card,delivered,06/18/23
ORD-10726,09/29/23,CUST1066,Tracy House,tracy.house69@outlook.com,east,United States,sports & outdoors,Camping Tent,-1,25.63,0,6.6,GiftCard,Pending,2021-02-26
ORD-12093,03/12/2024,CUST1761,Amanda Terrell,amanda.terrell22@gmail.com,Nort,United States,Toy,Building Blocks Set,2,-36.87,0,13.09,Gift Card,PENDING,01/07/2023
ORD-10246,10-07-2023,CUST1447,Shelly Spencer,shelly.spencer86@hotmail.com,Est,canada,Appare,Running Shoes,6,26.57,0,,paypal,DELIVERED,12/17/23
12456,10/18/24,CUST1072,Brittney Phillips,brittney.phillips53@outlook.com,EAST,canada,Toy,Action Figure,4,38.3,5%,11.8,Credit Card,SHIPPED,04/05/23
ORD-10073,04/09/24,CUST1014,Dylan Miller,dylan.miller28@outlook.com,west,US,Appare,Running Shoes,2,40.57,10%,,paypal,shipped,03/12/22
ORD-11090,"December 07, 2024",CUST1476,Robin Brown,robin.brown36@gmail.com,east,Canada,beauty,Face Moisturizer,5,45.3,0,14.2,credit card,cancelled,02-09-2024
ORD-10448,"March 11, 2024",CUST1395,Dana Chapman,dana.chapman81@yahoo.com,South,Canada,home & kitchen,Throw Blanket,1,94.09,0.25,24.09,paypal,Returned,05/20/21
ORD-11733,01/16/2023,CUST1818,Michael Poole,,north,US,BEAUTY,Lipstick,4,16.99,0,14.55,CC,Deliverd,07/04/2021
13070,03/26/2023,CUST1022,Ethan Adams,ethan.adams81@outlook.com,Central,United States,Clothing,Cotton T-Shirt,1,29.42,0.1,12.43,Gift Card,PENDING,"August 01, 2024"
ORD-10846,01-01-2024,CUST1095,anna henderson,anna.henderson24@gmail.com,EAST,United States,apparel,Denim Jacket,2,51.52,0.2,0.66,Debit,Canceled,17-Jun-2022
ORD-12412,04/24/24,CUST1026,Justin Baker,justin.baker69@yahoo.com,West,canada,Sports & Outdoors,Water Bottle,5,25.09,0,20.31,Pay Pal,DELIVERED,09/20/21
ORD-12576,02-11-2023,CUST1414,Erica Alvarez,erica.at.gmail.com,Est,USA,Toys,Puzzle 1000pc,4,58.52,0,21.4,PAYPAL,returned,24-Sep-2022
ORD-12256,01/03/2024,CUST1504,Katherine Martinez,katherine.martinez14@gmail.com,Central,Canada,Appare,Wool Sweater,6,52.82,0,9.87,Pay Pal,Returned,04/13/22
10194,09/14/2023,CUST1592,jason love,jason.love68@gmail.com,SOUTH,Canada,Electronic,Laptop Stand,6,233.24,0.15,10.69,gift card,Pending,12/22/2021
12993,01/06/24,CUST1645,Kim Morrow,kim.morrow76@hotmail.com,WEST,United States,home & kitchen,Coffee Maker,3,-19.01,0,24.5,Pay Pal,Shipped,03/11/24
ORD-12461,04-Mar-2023,CUST1519,vincent reynolds,vincent.reynolds95@outlook.com,EAST,United States,sports & outdoors,Yoga Mat,4,106.89,0.2,17.36,Credit Card,Deliverd,14-Oct-2022
ORD-11669,11/25/23,CUST1221,Jeremy Dalton,,Sth,USA,beauty,Lipstick,2,-35.24,0.05,9.69,Credit_Card,Returned,09/10/2022
ORD-11670,2023-10-15,CUST1805,Ronald Potter,ronald.potter76@hotmail.com,Centrl,US,beauty,Face Moisturizer,-1,15.83,,21.64,paypal,PENDING,07/16/24
ORD-10363,05-Jan-2024,CUST1109,Sharon Cochran,sharon.cochran32@hotmail.com,west,USA,Electronic,Bluetooth Speaker,2,62.58,0.25,10.2,paypal,PENDING,"March 13, 2024"
ORD-12516,2024-11-30,CUST1812,Douglas Ryan,douglas.ryan50@hotmail.com, North,US,Sports and Outdoors,Water Bottle,6,131.12,0,6.58,Credit_Card,RETURNED,28-03-2022
10654,"March 12, 2023",CUST1384,Aimee Turner,aimee.turner28@hotmail.com,east,Canada,Beuty,Sunscreen SPF50,2,26.14,0,8.92,PayPal,pending,04-03-2022
ORD-12757,06-Mar-2024,CUST1664,Renee Melendez,renee.melendez6@gmail.com,Central,canada,apparel,Running Shoes,4,83.33,0,17.76,CREDIT CARD,Deliverd,12-Jul-2023
ORD-12530,10/25/23,CUST1810,Carol Taylor,carol.taylor38@yahoo.com,east,United States,Apparel,Denim Jacket,2,79.57,0.05,12.23,debit card,Cancelled,"January 15, 2021"
10092,"September 28, 2023",CUST1602,Tammy Mcdowell,tammy.mcdowell80@hotmail.com, North,canada,Toy,Board Game,1,51.68,5%,23.6,PayPal,shipped,2024-04-12
ORD-12500,29-Sep-2023,CUST1369,  SABRINA AUSTIN  ,sabrina.austin93@hotmail.com,South,United States,TOYS,Board Game,5,48.57,0.1,4.25,GiftCard,RETURNED,26-Dec-2023
ORD-11012,"May 09, 2024",CUST1493,  MARK COX  ,mark.cox51@outlook.com,Central,US,Appare,Denim Jacket,3,$35.54,,11.49,CC,RETURNED,07/11/24
ORD-12164,"March 08, 2023",CUST1343,Nichole Alvarez,nichole.alvarez61@hotmail.com,east,USA,home & kitchen,LED Desk Lamp,5,122.39,0.2,3.48,Pay Pal,returned,08/25/2024
ORD-11161,"October 25, 2024",CUST1071,Whitney Peters,whitney.peters80@outlook.com,Est,canada,sports & outdoors,Camping Tent,3,115.82,0,22.06,Gift Card,SHIPPED,2024-09-20
ORD-11808,21-Nov-2023,CUST1753,Jennifer Porter,jennifer.porter40@outlook.com,SOUTH,Mexico,Home and Kitchen,Throw Blanket,2,45.29,0.05,,Debit Card,Delivered,03/27/23
10825,29-03-2024,CUST1722,Willie Henry,willie.henry66@gmail.com,central,Canada,beauty,Lipstick,5,22.57,0.15,11.72,debit card,Pending,24-03-2023
ORD-12226,30-Apr-2024,CUST1316,Lauren Carson,lauren.carson84@hotmail.com,NORTH,Canada,BEAUTY,Face Moisturizer,5,34.8,0.25,4.15,GiftCard,pending,"August 09, 2022"
12592,08/26/23,CUST1414,Erica Alvarez,erica.at.gmail.com,east,USA,Toys,Building Blocks Set,5,53.63,0.2,5.74,Pay Pal,Delivered,24-Sep-2022
ORD-12756,06/25/2024,CUST1615,Matthew Schwartz,matthew.schwartz10@hotmail.com,north,Mexico,BEAUTY,Lipstick,3,37.27,,12.97,Debit,returned,"February 03, 2022"
ORD-10661,2023-07-18,CUST1666,David Harris,david.harris75@hotmail.com,Central,United States,Electronics,Webcam,3,180.24,20%,2.6,Credit_Card,Shipped,11/08/2023
10794,01/12/24,CUST1809,Heather Page,,Est,Canada,Electronis,Wireless Earbuds,1,124.52,0.05,1.18,gift card,CANCELLED,05-Oct-2023
ORD-10935,09-Jun-2024,CUST1376,Glen Wood,glen.wood76@yahoo.com,West,canada,electronics,Webcam,6,205.53,0.1,20.67,Debit,Canceled,07/06/24
ORD-10126,2024-08-25,CUST1382,Douglas Gregory,douglas.gregory7@outlook.com,Central,canada,Sports and Outdoors,Camping Tent,3,115.22,0.2,6.06,CREDIT CARD,delivered,02/12/23
ORD-12835,08-Aug-2024,CUST1435,Sophia Johnson,sophia.at.gmail.com,Centrl,canada,beauty,Hair Dryer,1,$50.60,0,20.49,GiftCard,DELIVERED,"March 31, 2022"
ORD-11263,17-10-2023,CUST1299,Amber Obrien,amber.obrien67@outlook.com,south,Mexico,home & kitchen,Air Fryer,2,45.56,0.15,17.07,PAYPAL,SHIPPED,11-06-2021
10420,"January 09, 2023",CUST1640,Michael Stanley,michael.stanley41@hotmail.com,north,Canada,BEAUTY,Sunscreen SPF50,1,25.17,0.05,5.37,paypal,shipped,2021-08-26
ORD-11899,"May 12, 2024",CUST1194,John Bishop,john.bishop23@gmail.com,south,Canada,Electronics,Smartwatch,6,120.73,0,1.75,Debit Card,Canceled,2024-09-15
10289,11/06/24,CUST1060,Victoria Garcia,victoria.garcia86@gmail.com,West,canada,TOYS,Action Figure,2,25.52,0.2,2.06,Credit_Card,DELIVERED,"December 26, 2022"
11918,"November 20, 2024",CUST1031,james ferrell,james.ferrell43@gmail.com,EAST,Mexico,Sports and Outdoors,Camping Tent,5,140.36,0.1,8.85,paypal,Returned,11/19/2023
ORD-13054,03-09-2023,CUST1387,James Padilla,james.padilla40@outlook.com,west,US,Beauty,Lipstick,3,50.46,5%,2.55,CREDIT CARD,returned,"January 07, 2023"
ORD-11003,"October 19, 2024",CUST1578,Melissa Bishop,melissa.bishop25@yahoo.com, North,Mexico,Sports,Water Bottle,6,,0,9.08,Credit_Card,SHIPPED,29-Mar-2021
ORD-12058,08/14/24,CUST1771,  MR. JEFFREY HORTON  ,mr..horton90@outlook.com,Nort,US,Home & Kitchen,Non-stick Pan Set,5,6729.59,0.05,2.11,paypal,Cancelled,24-05-2022
ORD-11710,10/13/2024,CUST1544,Mr. Alexander Landry MD,mr..md25@hotmail.com,south,US,apparel,Denim Jacket,2,,0,4.35,GiftCard,returned,16-01-2024
10485,06/30/23,CUST1726,Christian Dawson,christian.dawson67@outlook.com, West ,Canada,Appare,Denim Jacket,2,87.31,0.2,15.4,Debit Card,returned,06-Mar-2023
ORD-12057,2023-10-14,CUST1325,Patrick Moore,patrick.moore91@outlook.com,East,USA,sports & outdoors,Yoga Mat,6,81.3,0.25,1.95,Debit Card,cancelled,2023-08-31
ORD-11643,2024-01-25,CUST1825,Monica Ellis,monica.ellis94@gmail.com, North,USA,beauty,Shampoo Set,1,57.12,0.15,17.02,PayPal,shipped,"January 31, 2024"
11785,2023-10-12,CUST1389,Scott Williams,scott.williams6@yahoo.com,Est,canada,Home&Kitchen,Throw Blanket,4,,0.05,10.12,Pay Pal,Canceled,2021-10-26
ORD-11924,"February 06, 2024",CUST1231,Susan Serrano,susan.serrano26@yahoo.com,NORTH,United States,sports & outdoors,Water Bottle,4,121.28,,11.72,Debit,DELIVERED,05/18/2024
ORD-12453,"August 27, 2023",CUST1616,Bryan Parker,bryan.parker39@hotmail.com,south,United States,Home & Kitchen,Coffee Maker,4,15.14,0.2,,Pay Pal,DELIVERED,04/21/2021
ORD-11739,02-12-2024,CUST1443,  HOLLY VALENTINE  ,holly.valentine81@yahoo.com,West,US,TOYS,RC Car,5,63.01,0.2,19.49,Debit Card,Pending,01/17/22
11345,29-06-2024,CUST1557,Gary Wells,gary.wells9@outlook.com, North,Canada,Apparel,Running Shoes,1,37.53,0,0.47,Credit_Card,SHIPPED,2022-06-10
ORD-10306,07-Sep-2024,CUST1404,Joann Glass,joann.glass43@gmail.com,Sth,United States,home & kitchen,Coffee Maker,3,174.74,0,10.75,Gift Card,DELIVERED,2023-12-18
12262,2024-07-22,CUST1209,Brian Lee,,east,USA,Beuty,Face Moisturizer,2,35.27,0,5.77,paypal,SHIPPED,"August 13, 2022"
ORD-12287,"August 04, 2023",CUST1134,Rebecca Jackson,rebecca.jackson73@outlook.com,west,Mexico,Apparel,Cotton T-Shirt,1,27.8,0.1,1.66,Debit,CANCELLED,2023-06-19
ORD-11867,10-May-2023,CUST1572,Reginald Knapp,reginald.knapp34@yahoo.com,Nort,United States,home & kitchen,Air Fryer,2,68.06,5%,20.63,paypal,Canceled,"July 05, 2022"
13076,"January 24, 2024",CUST1375,Paul Lewis,paul.lewis19@yahoo.com,East,Canada,TOYS,Board Game,1,57.93,25%,1.81,Credit Card,delivered,27-04-2023
ORD-11199,08/08/2024,CUST1217,Mark Brown,mark.brown97@gmail.com,West,Mexico,Apparel,Denim Jacket,5,53.6,10%,16.15,CC,returned,17-06-2021
11167,2023-05-06,CUST1046,John Pierce,john.at.gmail.com,Central,canada,Sports,Camping Tent,3,112.62,0.15,14.72,GiftCard,Shipped,"September 08, 2024"
ORD-12533,"September 18, 2023",CUST1542,Kenneth Edwards,kenneth.edwards23@yahoo.com,east,Mexico,Home&Kitchen,Throw Blanket,1,$113.84,0.1,2.45,Credit Card,PENDING,"April 30, 2022"
10956,2023-06-12,CUST1539,David Davis,david.davis36@gmail.com,Est,canada,Sports,Resistance Bands,4,,0.05,7.84,credit card,PENDING,"August 25, 2023"
ORD-10480,25-09-2024,CUST1714,Jennifer Jones,jennifer.jones22@gmail.com,south,Mexico,Sports and Outdoors,Water Bottle,1,52.29,0.1,19.42,CREDIT CARD,CANCELLED,10/04/2022
ORD-11234,2024-08-18,CUST1765,Laura Griffin,laura.griffin59@hotmail.com,east,United States,Electronics,Bluetooth Speaker,3,196.15,,2.89,CREDIT CARD,Pending,2024-03-23
11168,05/06/24,CUST1816,Tamara Riddle,,NORTH,United States,Home&Kitchen,Non-stick Pan Set,6,152.99,0,17.52,Debit,Canceled,"April 12, 2021"
ORD-11383,"November 19, 2024",CUST1030,Rebecca Henderson,rebecca.henderson1@gmail.com,south,Canada,Home&Kitchen,Throw Blanket,2,17996.98,0.2,10.08,gift card,PENDING,2024-07-16
ORD-12371,-,CUST1315,Jordan Chambers,jordan.chambers46@gmail.com,West,canada,TOYS,Board Game,2,57.24,0.1,8.13,Debit Card,Deliverd,14-04-2021
11631,20-09-2023,CUST1160,Paul Castaneda,paul.at.gmail.com,central,US,apparel,Denim Jacket,5,69.45,0.2,14.99,Debit Card,Cancelled,11/04/22
10701,26-Oct-2023,CUST1000,Allison Hill,allison.hill4@outlook.com,South,Mexico,Beauty,Shampoo Set,1,45.44,0,10.14,PayPal,Canceled,05/17/2022
10149,"March 15, 2024",CUST1242,Kevin Walters,kevin.walters7@outlook.com,NORTH,canada,Home&Kitchen,Air Fryer,6,40.16,0.1,19.57,CC,Shipped,15-05-2021
11503,"March 28, 2024",CUST1174,Nicole Herring,nicole.herring30@outlook.com,Sth,canada,Electronic,Smartwatch,5,143.91,20%,7.4,gift card,RETURNED,03/25/22
11378,28-11-2023,CUST1202,Elizabeth Perkins,elizabeth.perkins78@hotmail.com,Nort,Mexico,Electronics,USB-C Cable,4,62.67,0.15,13.17,debit card,DELIVERED,07/23/21
ORD-11811,04/08/24,CUST1472,Lori Ingram,lori.ingram64@outlook.com,Est,canada,apparel,Running Shoes,6,68.29,0.1,4.22,Pay Pal,shipped,24-10-2022
ORD-10406,2024-04-09,CUST1403,Kathleen Webster,kathleen.webster8@gmail.com,West,US,apparel,Running Shoes,4,27.16,0,6.64,Debit,DELIVERED,2021-12-17
ORD-12445,30-Sep-2023,CUST1737,Arthur Hamilton MD,arthur.md77@gmail.com,NORTH,United States,Toys,RC Car,3,30.59,20%,22.88,Debit Card,PENDING,17-09-2024
ORD-11149,04/05/2023,CUST1598,Kimberly Sharp,kimberly.sharp27@outlook.com,CENTRAL,Canada,ELECTRONICS,USB-C Cable,4,,0.25,0.51,debit card,shipped,27-Aug-2024
10992,05/05/23,CUST1827,Claudia Jordan,claudia.jordan56@outlook.com,east,canada,beauty,Shampoo Set,1,19.65,0,13.95,PayPal,PENDING,01/31/2021
ORD-10048,2024-10-04,CUST1154,Brenda Hall,brenda.hall42@yahoo.com,west,United States,sports & outdoors,Resistance Bands,6,18.81,,19.67,GiftCard,SHIPPED,"May 05, 2022"
11101,19-07-2023,CUST1569,Michael Johnson,michael.johnson11@hotmail.com,WEST,US,home & kitchen,Air Fryer,1,170.64,0,7.33,PAYPAL,Returned,25-08-2021
ORD-12707,2024-12-19,CUST1133,Daniel Kennedy,daniel.kennedy35@yahoo.com,South,USA,toys,Board Game,3,$14.57,0.15,24.63,credit card,Canceled,2021-05-27
12245,04-Jun-2023,CUST1419,Jake Campbell,jake.campbell18@outlook.com,WEST,United States,Sports & Outdoors,Hiking Backpack,5,46.4,0.1,8.68,Pay Pal,pending,09-09-2022
ORD-12276,"March 03, 2024",CUST1505,Jodi Roach,, North,US,TOYS,Board Game,2,49.37,0,,Credit Card,DELIVERED,01/26/2021
ORD-12229,2023-11-21,CUST1116,William Herrera,william.herrera71@outlook.com,WEST,USA,Toy,Building Blocks Set,2,4778.24,0,4.08,gift card,Cancelled,12/22/22
ORD-12932,"December 20, 2024",CUST1694,Mary Jensen,mary.at.gmail.com,Central,canada,home & kitchen,Throw Blanket,4,$41.21,0,22.1,gift card,SHIPPED,07/16/2021
ORD-13145,10/07/24,CUST1680,Suzanne Wood,suzanne.wood80@hotmail.com,Est,canada,TOYS,Action Figure,4,69.41,0.2,13.1,gift card,shipped,04/07/22
ORD-12406,12-Apr-2023,CUST1062,Connor West,connor.west43@hotmail.com,South,Mexico,home & kitchen,Non-stick Pan Set,3,$57.88,0,2.52,PayPal,DELIVERED,24-05-2022
ORD-10025,"December 17, 2023",CUST1441,Joann Ferguson,joann.ferguson44@gmail.com,South,canada,Toy,Building Blocks Set,1,67.26,,8.19,Credit Card,cancelled,12/03/21
ORD-12105,12/27/2023,CUST1343,Nichole Alvarez,nichole.alvarez61@hotmail.com,east,USA,Sports & Outdoors,Resistance Bands,1,51.91,0.2,11.48,gift card,RETURNED,08/25/2024
10062,2021-11-27,CUST1267,Colin Terry,colin.terry31@hotmail.com, North,canada,Electronis,USB-C Cable,6,92.35,15%,12.19,CC,PENDING,01/19/22
10422,29-Mar-2023,CUST1634,  AMBER COOPER  ,amber.cooper26@outlook.com,Est,Mexico,apparel,Denim Jacket,6,52.48,0,21.66,credit card,Delivered,12/08/2023
ORD-10272,"October 05, 2024",CUST1492,william gould,william.at.gmail.com, North,Canada,BEAUTY,Hair Dryer,3,23.55,25%,2.41,Pay Pal,DELIVERED,06/21/2022
ORD-11209,10-Oct-2024,CUST1573,Nancy Brown,nancy.brown86@gmail.com,east,canada,Toy,RC Car,5,21.61,0.2,14.23,GiftCard,returned,06/25/21
ORD-10657,2023-06-28,CUST1764,Jorge Stone,jorge.stone93@outlook.com,south,canada,apparel,Running Shoes,4,53.54,0.05,21.61,CREDIT CARD,Canceled,13-12-2022
ORD-11000,07/27/2023,CUST1392,Brian Smith,brian.smith63@hotmail.com,east,United States,beauty,Shampoo Set,4,37.05,0.2,4.71,CC,Cancelled,08/02/2023
ORD-11796,09/18/2024,CUST1469,Jeanette Harrison,jeanette.harrison36@outlook.com,East,canada,Apparel,Wool Sweater,3,42.07,0.15,21.75,debit card,Cancelled,21-Jul-2023
ORD-10831,"December 25, 2024",CUST1116,William Herrera,william.herrera71@outlook.com,WEST,USA,Sports & Outdoors,Water Bottle,4,149.06,0,3.9,Gift Card,Delivered,12/22/22
11579,03-04-2024,CUST1426,jenna larson,jenna.larson63@yahoo.com,Est,US,Electronics,Wireless Earbuds,,,10%,16.89,gift card,Delivered,30-Oct-2022
ORD-12006,04/27/2024,CUST1408,Anthony Romero,anthony.romero50@outlook.com,SOUTH,Mexico,Home & Kitchen,Air Fryer,4,-129.99,0.15,13.65,Pay Pal,CANCELLED,02/26/23
12233,10/10/23,CUST1805,Ronald Potter,ronald.potter76@hotmail.com,CENTRAL,US,Toy,Action Figure,4,56.47,0.05,15.3,Debit,returned,07/16/24
ORD-10484,11/29/2024,CUST1037,Cassandra Gaines,cassandra.gaines71@gmail.com,central,Canada,Home&Kitchen,Coffee Maker,4,64.69,0.05,4.11,credit card,delivered,04/14/21
ORD-10362,"August 06, 2023",CUST1325,Patrick Moore,patrick.moore91@outlook.com,EAST,USA,Home & Kitchen,LED Desk Lamp,1,105.1,0.05,6.73,credit card,Delivered,2023-08-31
10905,"January 23, 2023",CUST1296,Laura Haney,laura.haney67@outlook.com,Central,United States,Beauty,Lipstick,-2,37.06,0,22.77,Debit Card,returned,"September 20, 2021"
ORD-10300,06/05/2023,CUST1103,Christine Wright,christine.wright26@gmail.com,Sth,Canada,Clothing,Running Shoes,2,82.29,20%,0.5,PAYPAL,SHIPPED,04/27/24
11462,02/13/24,CUST1295,John Young,john.young53@gmail.com,north,US,apparel,Wool Sweater,1,80.52,0,4.5,PAYPAL,RETURNED,14-09-2021
ORD-12597,11/25/2023,CUST1229,Lori Guerrero,lori.guerrero22@gmail.com,north,canada,Home & Kitchen,Non-stick Pan Set,5,145.77,0.25,24.46,Credit_Card,Canceled,11/12/23
ORD-11043,03-Aug-2023,CUST1281,Tammie Bright,tammie.bright94@outlook.com,EAST,Mexico,beauty,Sunscreen SPF50,6,10.86,0,3.34,Pay Pal,Shipped,13-Jun-2024
ORD-10037,11/03/23,CUST1040,  PAULA MORENO  ,paula.moreno59@outlook.com,CENTRAL,Mexico,Sports & Outdoors,Resistance Bands,5,110.76,20%,0.41,PayPal,RETURNED,05/17/23
ORD-11413,29-Mar-2024,CUST1137,  COURTNEY GONZALEZ  ,courtney.gonzalez12@yahoo.com, North,Mexico,TOYS,RC Car,3,$24.83,10%,,Debit Card,SHIPPED,"March 24, 2024"
ORD-12512,10/15/2023,CUST1119,Jeffrey Chandler,jeffrey.chandler98@outlook.com,east,United States,apparel,Denim Jacket,two,$15.91,0,2.04,GiftCard,SHIPPED,07/25/2021
ORD-10754,07/29/2024,CUST1294,Ryan Gonzalez,ryan.gonzalez9@outlook.com,west,canada,BEAUTY,Lipstick,5,36.77,0.25,15.22,GiftCard,delivered,03/27/23
12686,08/10/2023,CUST1171,Darlene Miller,darlene.miller14@yahoo.com,Est,canada,Toys,Board Game,2,10.64,0.1,19.4,PAYPAL,DELIVERED,"February 21, 2023"
11762,2023-09-04,CUST1304,Maria Parker,maria.parker74@hotmail.com, North,US,Beuty,Face Moisturizer,4,59.89,0,1.07,GiftCard,Shipped,06/19/24
ORD-12971,03/07/2023,CUST1447,Shelly Spencer,shelly.spencer86@hotmail.com,EAST,canada,beauty,Lipstick,1,34.61,0.1,17.06,Credit_Card,PENDING,12/17/23
10475,N/A,CUST1162,Lindsey Walker,lindsey.walker88@outlook.com,Nort,US,Home & Kitchen,LED Desk Lamp,5,,15%,10.44,gift card,Deliverd,04/11/22
11487,-,CUST1200,  MELISSA BREWER  ,melissa.brewer42@yahoo.com,East,canada,Electronic,Bluetooth Speaker,4,97.0,0.25,21.46,CREDIT CARD,shipped,05/15/2021
ORD-11030,03/18/24,CUST1165,John Anderson,john.anderson32@hotmail.com,SOUTH,United States,Toys,Building Blocks Set,3,33.88,0.05,12.52,PayPal,Returned,03/05/24
12236,04-02-2024,CUST1269,Patrick Thornton,patrick.thornton48@outlook.com,north,USA,Electronics,Webcam,5,151.72,10%,0.06,Debit Card,SHIPPED,03-02-2021
ORD-11386,"February 13, 2024",CUST1329,Ariana Jennings,ariana.jennings90@gmail.com,West,USA,Electronics,Laptop Stand,1,58.96,0.15,6.67,debit card,PENDING,2022-01-26
ORD-10447,2024-03-13,CUST1686,Maria Henry,maria.henry71@outlook.com,EAST,canada,Toys,Board Game,6,50.55,0,3.68,GiftCard,SHIPPED,05/30/21
ORD-12768,11/08/23,CUST1664,Renee Melendez,renee.melendez6@gmail.com,Centrl,canada,Home&Kitchen,Non-stick Pan Set,5,73.99,0.05,22.66,Credit Card,Shipped,12-Jul-2023
10122,17-05-2023,CUST1694,Mary Jensen,mary.at.gmail.com,CENTRAL,canada,Toy,Building Blocks Set,1,22.41,0.05,18.45,Debit,Delivered,07/16/2021
ORD-10829,18-Jan-2023,CUST1134,Rebecca Jackson,rebecca.jackson73@outlook.com,West,Mexico,TOYS,Board Game,-1,,0.2,8.96,GiftCard,pending,2023-06-19
ORD-12081,27-Nov-2023,CUST1792,Maria Cooke,maria.cooke78@yahoo.com,Central,United States,Clothing,Cotton T-Shirt,2,24.96,0,17.19,Debit Card,Deliverd,"March 27, 2024"
ORD-12616,28-05-2023,CUST1105,marc moore,marc.moore48@gmail.com,Est,Canada,Toys,Puzzle 1000pc,1,-18.36,15%,9.87,Gift Card,SHIPPED,11/03/23
ORD-11813,05/20/2023,CUST1039,Brittany Farmer,brittany.farmer52@gmail.com, North,US,sports & outdoors,Hiking Backpack,2,103.5,0.25,8.32,Pay Pal,shipped,04-Dec-2021
ORD-11492,27-11-2023,CUST1254,  CYNTHIA MOORE  ,cynthia.moore37@hotmail.com,West,United States,Clothing,Cotton T-Shirt,4,77.23,0,21.28,Debit Card,RETURNED,"October 27, 2023"
ORD-10714,2024-10-20,CUST1427,Emily Bennett,emily.bennett73@yahoo.com,south,Mexico,Clothing,Baseball Cap,4,78.24,0.1,20.71,Credit Card,RETURNED,"April 27, 2024"
ORD-11505,2023-08-04,CUST1316,Lauren Carson,lauren.carson84@hotmail.com,north,Canada,Electronic,Wireless Earbuds,4,54.81,0,9.15,debit card,Deliverd,"August 09, 2022"
ORD-10551,08/03/2024,CUST1033,Nathan Maldonado,nathan.maldonado53@yahoo.com,West,USA,Sports and Outdoors,Resistance Bands,5,37.63,5%,2.93,gift card,returned,2021-07-13
ORD-11567,25-Aug-2024,CUST1507,Emma Reed,emma.reed54@outlook.com,Central,USA,Appare,Cotton T-Shirt,5,50.25,0.2,14.57,CREDIT CARD,cancelled,2022-07-10
ORD-12601,11/24/2023,CUST1012,Lisa Hensley,lisa.hensley21@hotmail.com,CENTRAL,United States,BEAUTY,Shampoo Set,1,20.19,0.15,18.35,Gift Card,Pending,17-02-2023
ORD-12992,06/28/2024,CUST1614,Elizabeth Sharp,elizabeth.sharp60@gmail.com,central,canada,Electronic,Bluetooth Speaker,6,199.67,5%,24.46,Pay Pal,RETURNED,2023-08-22
ORD-11845,18-05-2024,CUST1610,Samantha Robertson,samantha.robertson39@yahoo.com,south,USA,beauty,Face Moisturizer,3,57.27,5%,2.44,PayPal,PENDING,"September 08, 2024"
ORD-10597,04/23/2024,CUST1425,Gregory Ponce,gregory.ponce41@yahoo.com,east,Mexico,Sports & Outdoors,Water Bottle,-1,62.19,10%,2.75,Pay Pal,Deliverd,27-03-2023
ORD-12796,2023-03-27,CUST1260,Katie Suarez,katie.suarez84@outlook.com,north,USA,Sports & Outdoors,Hiking Backpack,5,127.38,10%,9.1,GiftCard,RETURNED,10/27/2021
ORD-10506,2024-08-10,CUST1497,James Bradley,james.bradley31@gmail.com,West,Canada,Electronics,Wireless Earbuds,6,142.11,0.05,1.24,gift card,delivered,2022-05-16
11182,"November 16, 2024",CUST1190,Debra Morton,debra.morton59@gmail.com,CENTRAL,Canada,sports & outdoors,Water Bottle,1,106.3,0,23.14,Debit,PENDING,09/19/2024
11022,09/17/2023,CUST1142,Patricia Rodriguez,,East,USA,Sports,Resistance Bands,5,112.44,20%,22.75,PayPal,SHIPPED,30-06-2021
10348,"February 22, 2023",CUST1510,Rebecca Hicks,rebecca.hicks2@outlook.com,Central,USA,apparel,Denim Jacket,4,29.9,0,4.06,GiftCard,DELIVERED,15-02-2022
10652,"April 06, 2024",CUST1596,Victor Morris,victor.morris21@outlook.com,north,US,Appare,Running Shoes,2,50.99,20%,20.36,Credit_Card,cancelled,05-07-2021
12719,10-Mar-2023,CUST1838,  MICHAEL YOUNG  ,michael.young3@outlook.com,East,Mexico,beauty,Shampoo Set,1,24.47,0,1.17,gift card,Returned,06/24/2024
12426,04-Aug-2024,CUST1177,Michael Wang,michael.wang23@yahoo.com,Est,canada,Sports & Outdoors,Resistance Bands,1,64.48,0.05,4.06,Debit Card,RETURNED,"September 28, 2021"
11695,02-Jan-2024,CUST1545,Cindy Gomez,,Centrl,United States,toys,Board Game,4,27.75,0,24.1,Debit Card,DELIVERED,04/26/2021
ORD-13101,12/19/23,CUST1838,  MICHAEL YOUNG  ,michael.young3@outlook.com,Est,Mexico,Sports and Outdoors,Water Bottle,2,74.8,0,8.27,Debit,shipped,06/24/2024
ORD-12496,07/26/24,CUST1597,Susan Davis,,SOUTH,Mexico,Home & Kitchen,Coffee Maker,5,53.46,0.1,11.79,CREDIT CARD,Returned,03/17/2024
ORD-10515,11/26/23,CUST1405,Madison Weber,madison.weber89@hotmail.com,NORTH,Mexico,apparel,Baseball Cap,5,84.83,0,13.35,Gift Card,pending,2022-07-10
ORD-11815,24-Mar-2023,CUST1107,Sierra Johnson,sierra.johnson23@outlook.com,West,US,ELECTRONICS,Webcam,4,-209.5,0,13.19,gift card,RETURNED,"June 15, 2024"
ORD-12844,12/31/2023,CUST1781,Amy Garcia,amy.garcia2@gmail.com,Centrl,Canada,sports & outdoors,Resistance Bands,6,50.82,0.25,,Gift Card,pending,08-Mar-2022
ORD-10637,2023-10-25,CUST1494,Meghan Cisneros,meghan.cisneros52@gmail.com,Central,canada,toys,Puzzle 1000pc,3,41.26,0.15,17.17,PAYPAL,cancelled,"August 04, 2024"
ORD-11151,10/29/24,CUST1826,Heather Brown,heather.brown39@yahoo.com,South,Canada,Apparel,Cotton T-Shirt,2,65.17,0,1.81,CC,returned,2023-01-09
ORD-12284,17-Jan-2023,CUST1551,Angel Gordon,angel.gordon72@outlook.com,Centrl,United States,Appare,Cotton T-Shirt,1,16.44,0.05,8.15,GiftCard,Deliverd,04/03/22
ORD-13131,23-Sep-2023,CUST1166,Alyssa Long,alyssa.long79@hotmail.com,Sth,US,BEAUTY,Lipstick,2,49.98,0,4.66,Credit Card,RETURNED,06/23/24
ORD-12266,12/13/2024,CUST1019,Carla Gray,carla.gray60@outlook.com,NORTH,Mexico,apparel,Baseball Cap,1,70.67,20%,8.23,Debit,pending,2024-02-08
ORD-12251,11-Apr-2024,CUST1432,Travis Tucker,travis.tucker89@hotmail.com,east,Mexico,Beauty,Lipstick,3,15.96,,12.33,Gift Card,returned,2024-01-19
10605,N/A,CUST1303,Sara Fuller,,EAST,Mexico,beauty,Sunscreen SPF50,4,56.54,0,9.8,CC,delivered,"August 06, 2024"
ORD-13034,27-03-2023,CUST1455,Marie Moody,marie.moody50@hotmail.com,West,US,Home&Kitchen,LED Desk Lamp,3,146.53,0,20.85,Pay Pal,cancelled,04/18/23
ORD-12318,03/14/23,CUST1652,David Robinson,david.robinson10@hotmail.com,east,USA,Sports & Outdoors,Yoga Mat,1,83.23,0,19.37,gift card,cancelled,10/19/2022
ORD-11352,2023-10-30,CUST1232,Christopher Parker,christopher.parker81@hotmail.com,Centrl,US,ELECTRONICS,USB-C Cable,1,$235.66,0.05,17.97,Pay Pal,Pending,"August 09, 2023"
ORD-11661,04/17/2024,CUST1086,Shirley Suarez,shirley.suarez92@outlook.com,EAST,USA,TOYS,RC Car,6,20.7,25%,13.93,PAYPAL,shipped,26-04-2022
ORD-12795,03-Feb-2023,CUST1237,David Davis,david.davis50@hotmail.com, North,US,Toy,Building Blocks Set,2,30.48,15%,6.88,Pay Pal,PENDING,"April 03, 2024"
ORD-10479,"December 07, 2024",CUST1478,curtis williams,curtis.williams30@hotmail.com, North,Canada,sports & outdoors,Water Bottle,6,61.9,5%,22.65,Debit Card,Canceled,2024-09-04
10957,02/10/2024,CUST1380,Karla Ramos,karla.ramos72@yahoo.com,Est,United States,Home & Kitchen,Non-stick Pan Set,3,15.63,,9.55,Pay Pal,pending,03/07/2023
10737,01/29/23,CUST1275,Matthew Moore,matthew.moore97@yahoo.com,NORTH,Mexico,electronics,Bluetooth Speaker,6,125.52,0,15.14,Debit,pending,09-08-2022
ORD-12337,18-08-2024,CUST1132,Mary Marshall,mary.marshall34@yahoo.com,central,United States,electronics,Wireless Earbuds,1,197.05,20%,5.57,CREDIT CARD,CANCELLED,2023-05-21
11900,16-Sep-2023,CUST1595,Sherry Woods,sherry.woods77@hotmail.com,Central,canada,sports & outdoors,Yoga Mat,3,15.24,20%,1.39,gift card,Returned,30-Dec-2021
ORD-12832,11/28/2024,CUST1270,Jasmin Alvarado,jasmin.alvarado85@gmail.com,Est,United States,Beuty,Hair Dryer,4,29.05,0,3.87,PayPal,pending,04/06/24
10219,2024-11-19,CUST1282,Jessica Garcia,jessica.garcia8@gmail.com,East,canada,Sports & Outdoors,Hiking Backpack,two,132.86,0.1,6.63,debit card,CANCELLED,29-Jul-2024
ORD-11165,05/03/24,CUST1113,Crystal Johnson,crystal.johnson72@yahoo.com,west,US,Beauty,Shampoo Set,5,32.99,,10.11,PayPal,RETURNED,09/03/23
10161,08/13/23,CUST1431,Jack White,jack.at.gmail.com,central,US,Electronic,Laptop Stand,2,129.0,0,24.3,Gift Card,cancelled,09-May-2024
12906,07/19/2023,CUST1569,Michael Johnson,michael.johnson11@hotmail.com,WEST,US,Sports,Yoga Mat,2,12.97,,13.35,CC,Deliverd,25-08-2021
ORD-11595,05/14/24,CUST1409,Jesse Brown,jesse.brown65@outlook.com,WEST,United States,Appare,Running Shoes,4,77.22,10%,4.9,debit card,SHIPPED,2021-04-20
ORD-12051,"June 16, 2024",CUST1611,  MICHAEL LOPEZ  ,michael.at.gmail.com,East,Mexico,ELECTRONICS,USB-C Cable,2,184.8,10%,17.87,GiftCard,SHIPPED,09/20/21
ORD-10376,03-06-2023,CUST1645,Kim Morrow,kim.morrow76@hotmail.com,WEST,United States,home & kitchen,Coffee Maker,1,114.06,0.15,19.71,PAYPAL,Pending,03/11/24
12917,"August 20, 2024",CUST1363,Nicole Parrish,nicole.parrish40@gmail.com,Nort,Mexico,Electronic,Bluetooth Speaker,4,242.28,0.25,11.03,PayPal,shipped,22-03-2023
ORD-10419,25-Jun-2024,CUST1139,Angel Perry,angel.perry36@yahoo.com,west,Canada,Electronic,Laptop Stand,3,64.26,0,7.05,Credit Card,Returned,13-Apr-2024
12296,12/24/2023,CUST1732,Kyle Nguyen,kyle.nguyen36@yahoo.com,South,USA,Home and Kitchen,Throw Blanket,6,$104.47,,16.53,PayPal,Pending,11/04/2021
ORD-10948,08/27/24,CUST1360,  PARKER CAIN  ,parker.cain26@yahoo.com,Central,US,Sports and Outdoors,Resistance Bands,5,40.86,10%,6.85,paypal,SHIPPED,03-12-2021
ORD-10536,08/12/2024,CUST1020,Margaret Hawkins DDS,margaret.dds97@outlook.com,north,USA,beauty,Hair Dryer,-1,11.67,0,2.53,Credit Card,returned,05-08-2024
ORD-13051,"July 28, 2023",CUST1340,Allison Smith,allison.smith95@yahoo.com,Central,United States,ELECTRONICS,Wireless Earbuds,6,150.99,0,8.77,paypal,returned,2022-05-12
11054,05/15/2023,CUST1331,Colton Martinez,colton.martinez95@gmail.com,Sth,canada,Home & Kitchen,Throw Blanket,1,19.88,0.25,1.68,PayPal,Canceled,"October 10, 2021"
ORD-10133,01/26/24,CUST1615,Matthew Schwartz,matthew.schwartz10@hotmail.com, North,Mexico,apparel,Running Shoes,3,17.01,0,18.42,PayPal,SHIPPED,"February 03, 2022"
ORD-11328,2023-01-13,CUST1514,Angelica Parker,angelica.parker14@yahoo.com,WEST,US,Home&Kitchen,Non-stick Pan Set,4,34.08,0.05,8.19,GiftCard,Shipped,12/22/2023
ORD-12314,04/14/23,CUST1331,Colton Martinez,colton.martinez95@gmail.com,South,canada,Beuty,Face Moisturizer,2,35.21,0.2,0.3,Credit_Card,returned,"October 10, 2021"
ORD-11753,12/13/23,CUST1481,Howard Norman,howard.at.gmail.com,Nort,Canada,Toy,Board Game,1,,0,24.96,CC,SHIPPED,2023-02-24
ORD-10793,06-Feb-2023,CUST1040,Paula Moreno,paula.moreno59@outlook.com,CENTRAL,Mexico,Beauty,Sunscreen SPF50,2,-22.26,0.25,5.91,gift card,PENDING,05/17/23
ORD-13065,"April 14, 2023",CUST1377,Paula Bradley,paula.bradley45@hotmail.com,West,US,Sports & Outdoors,Resistance Bands,3,45.0,0,4.53,Debit Card,DELIVERED,11-12-2023
12924,07/01/2024,CUST1601,Jennifer Simpson DVM,jennifer.dvm45@hotmail.com,West,USA,Toys,Action Figure,3,42.75,0,21.15,Gift Card,Shipped,06/01/2022
12368,06-10-2024,CUST1237,David Davis,david.davis50@hotmail.com,NORTH,US,toys,RC Car,6,25.23,0.05,10.41,CC,cancelled,"April 03, 2024"
10431,"August 27, 2023",CUST1364,Tracy Burke,tracy.burke10@gmail.com,NORTH,canada,Sports & Outdoors,Hiking Backpack,2,16.56,0,14.89,Credit Card,CANCELLED,18-05-2023
ORD-10743,06/13/24,CUST1809,Heather Page,,East,Canada,Electronis,Wireless Earbuds,4,133.28,0,24.53,Pay Pal,Pending,05-Oct-2023
11031,06-Mar-2023,CUST1137,  COURTNEY GONZALEZ  ,courtney.gonzalez12@yahoo.com, North,Mexico,toys,RC Car,1,8.67,0.2,18.11,Pay Pal,Cancelled,"March 24, 2024"
11062,01/26/2024,CUST1676,Kristen Rowe,kristen.rowe27@gmail.com, North,canada,Apparel,Running Shoes,5,66.63,0,19.01,gift card,DELIVERED,05-Jan-2023
11783,24-06-2023,CUST1025,Judy Baker,judy.baker73@gmail.com,WEST,Canada,Toys,Puzzle 1000pc,5,61.29,0.15,1.94,GiftCard,Shipped,06/25/21
ORD-12584,07-May-2023,CUST1515,Dr. Kelly Hammond DVM,dr..dvm19@outlook.com,South,canada,apparel,Cotton T-Shirt,2,80.55,0.1,0.58,Pay Pal,shipped,2021-07-10
12149,10/28/23,CUST1347,Victor Brown,victor.brown43@outlook.com,Centrl,canada,Home and Kitchen,Coffee Maker,five,$167.97,10%,10.4,CC,SHIPPED,07/20/23
ORD-10251,02/01/2023,CUST1330,Vanessa Howard,vanessa.howard53@yahoo.com,Centrl,US,apparel,Wool Sweater,1,$18.89,0,21.68,gift card,Deliverd,"April 21, 2023"
ORD-11931,06/03/2024,CUST1041,Fred Smith,fred.smith20@yahoo.com,NORTH,canada,Beauty,Face Moisturizer,2,50.74,0.05,21.59,credit card,delivered,08/31/2022
10397,12-Feb-2024,CUST1209,Brian Lee,,Est,USA,Toy,Action Figure,5,38.48,0,12.99,Gift Card,SHIPPED,"August 13, 2022"
12152,11/17/2024,CUST1689,  MARIA BROWN  ,maria.brown28@hotmail.com,Nort,Canada,home & kitchen,Coffee Maker,3,145.35,0,6.46,GiftCard,Canceled,02/24/24
ORD-10558,2023-01-31,CUST1248,jose travis,jose.travis44@hotmail.com,south,United States,apparel,Baseball Cap,5,84.02,0,10.88,paypal,returned,01/29/2022
ORD-10135,12/08/2023,CUST1298,Keith Jennings,keith.jennings22@yahoo.com,south,USA,Toys,RC Car,-2,17.87,0.15,9.78,Pay Pal,CANCELLED,10/23/22
ORD-13072,2024-03-23,CUST1334,Dana Martinez,dana.martinez32@outlook.com,south,USA,Electronics,USB-C Cable,2,164.81,0.15,23.78,Pay Pal,DELIVERED,17-02-2024
10857,10/03/23,CUST1835,Timothy Hill,timothy.hill94@hotmail.com,central,United States,Sports,Yoga Mat,1,59.72,0.15,4.01,Debit Card,Delivered,"July 18, 2022"
11047,01/05/24,CUST1577,Raymond Le,raymond.le87@yahoo.com,Sth,United States,Home and Kitchen,Air Fryer,6,50.91,0,14.94,Pay Pal,CANCELLED,04-Sep-2021
11219,03-Mar-2024,CUST1741,Manuel Brock,manuel.brock50@yahoo.com,South,canada,Home & Kitchen,LED Desk Lamp,1,23.4,5%,24.24,credit card,delivered,2021-08-11
ORD-11883,22-01-2023,CUST1622,Kaitlin Medina,kaitlin.medina97@yahoo.com,Nort,Mexico,Sports and Outdoors,Camping Tent,6,106.32,0,5.7,Debit Card,Pending,02/06/21
ORD-12920,04/04/24,CUST1690,Ryan Landry,ryan.landry58@yahoo.com,Central,United States,Home & Kitchen,Non-stick Pan Set,2,75.1,0,17.54,Credit Card,cancelled,"August 08, 2024"
ORD-11056,12/07/2024,CUST1106,Sharon Cherry,sharon.cherry63@gmail.com,west,Mexico,TOYS,Puzzle 1000pc,6,38.19,0,21.46,PayPal,PENDING,07-06-2023
ORD-11083,12-Jul-2024,CUST1829,Kenneth Knight,kenneth.knight48@gmail.com,WEST,Canada,Sports,Resistance Bands,4,71.36,0,10.79,CC,Returned,05/25/2022
ORD-12451,25-Oct-2023,CUST1068,James Brown,james.brown41@hotmail.com,Nort,US,TOYS,Puzzle 1000pc,3,59.2,0.2,0.42,Debit Card,shipped,"May 26, 2024"
ORD-11288,09-Aug-2024,CUST1078,steve sanchez,steve.sanchez19@gmail.com, West ,canada,toys,Board Game,2,39.83,0.1,6.9,CC,Deliverd,04/05/2021
ORD-12649,04/22/2023,CUST1274,  JOYCE BOWEN  ,joyce.bowen41@outlook.com,CENTRAL,US,Beuty,Face Moisturizer,2,28.07,5%,0.75,Gift Card,DELIVERED,22-Nov-2023
12283,11/08/24,CUST1517,Michael Cooper,michael.cooper51@gmail.com,North,US,Toys,RC Car,5,69.04,0.1,9.41,Debit,Pending,"April 27, 2024"
11961,07/15/2024,CUST1566,Paula Lane,paula.at.gmail.com,Central,US,beauty,Lipstick,3,39.9,0.15,,debit card,Shipped,"March 16, 2023"
ORD-12583,"June 07, 2024",CUST1275,Matthew Moore,matthew.moore97@yahoo.com, North,Mexico,Home & Kitchen,Air Fryer,1,153.7,0,0.59,GiftCard,PENDING,09-08-2022
ORD-11281,2023-09-25,CUST1279,Nathan Malone,nathan.malone42@gmail.com,Est,USA,Electronis,Smartwatch,5,216.13,0.2,24.11,Credit Card,shipped,13-06-2021
11825,30-09-2024,CUST1499,Phillip Berry,,Nort,United States,Beauty,Lipstick,4,$40.19,10%,15.88,CREDIT CARD,Cancelled,10/09/21
12967,2024-01-04,CUST1448,Ryan Rosales,ryan.rosales51@gmail.com,west,canada,Home & Kitchen,Air Fryer,6,114.66,10%,,gift card,Delivered,14-12-2022
10552,07/24/23,CUST1009,Ryan Munoz,ryan.munoz30@gmail.com,west,Mexico,Electronic,Smartwatch,3,20.34,0.2,2.78,Credit Card,SHIPPED,18-02-2023
ORD-10387,"March 22, 2024",CUST1837,Carol Sanders,carol.sanders59@gmail.com, West ,Mexico,Sports and Outdoors,Hiking Backpack,1,114.95,0.1,5.94,debit card,delivered,"July 30, 2024"
11235,2023-03-31,CUST1204,Erin Warner,erin.warner59@hotmail.com,north,USA,Sports & Outdoors,Hiking Backpack,1,28.26,0,23.84,Debit Card,Delivered,05/02/23
ORD-12957,12-06-2023,CUST1246,Krista Gibson,krista.gibson83@outlook.com,central,Canada,Electronis,Wireless Earbuds,6,47.6,0.2,22.21,Debit,cancelled,09/19/21
ORD-10814,15-Jun-2024,CUST1579,David Grant,david.grant81@yahoo.com,East,Mexico,Home and Kitchen,Non-stick Pan Set,3,-43.66,0,4.57,Credit_Card,Delivered,03-05-2024
10656,"May 09, 2023",CUST1131,Dustin Jordan,dustin.jordan30@outlook.com,west,Canada,Apparel,Denim Jacket,6,78.22,0,10.39,gift card,Deliverd,08/03/22
ORD-12982,"March 18, 2024",CUST1193,Angelica Keith,angelica.keith77@gmail.com,south,canada,BEAUTY,Sunscreen SPF50,1,32.16,0,9.65,CREDIT CARD,SHIPPED,07/22/2022
ORD-13010,"August 29, 2023",CUST1462,Riley Bryant,riley.bryant76@outlook.com,west,United States,electronics,Laptop Stand,2,165.77,0.1,16.95,Pay Pal,cancelled,06/03/24
ORD-10498,27-Dec-2024,CUST1531,Mark Jimenez,,west,US,Apparel,Denim Jacket,2,34.14,0.1,21.87,credit card,delivered,21-Mar-2024
ORD-12504,"August 18, 2023",CUST1196,Daniel Salinas,daniel.salinas54@gmail.com,West,USA,Electronic,USB-C Cable,1,-113.35,0,23.23,Credit_Card,Cancelled,11-May-2021
ORD-10242,26-03-2023,CUST1529,Angel May,, West ,United States,electronics,Smartwatch,1,49.61,0,15.09,GiftCard,returned,05/13/2021
ORD-11339,12/05/24,CUST1399,Hannah Luna,hannah.luna90@hotmail.com, North,canada,sports & outdoors,Water Bottle,6,63.68,0,6.41,paypal,SHIPPED,2022-01-03
ORD-12315,"December 13, 2023",CUST1532,Donna Frye,,east,United States,Appare,Running Shoes,3,10.55,0,24.27,paypal,Deliverd,05/24/2023
ORD-12737,05/25/24,CUST1783,dennis huffman,dennis.huffman79@outlook.com, West ,US,Sports,Resistance Bands,6,98.23,0,23.06,gift card,pending,01/20/2023
ORD-11788,07-Jan-2024,CUST1184,Lindsay Martinez,lindsay.martinez53@gmail.com,NORTH,USA,Appare,Running Shoes,6,34.77,25%,23.05,Credit_Card,CANCELLED,2021-10-14
10647,"July 11, 2024",CUST1079,Lisa Barnes,lisa.barnes10@hotmail.com,Centrl,United States,toys,Board Game,5,44.02,0.1,13.75,PAYPAL,Pending,04/29/23
ORD-13006,02-Dec-2024,CUST1064,Jessica Callahan,jessica.callahan30@yahoo.com,SOUTH,US,sports & outdoors,Hiking Backpack,5,145.77,0.1,15.65,gift card,Shipped,02/18/21
ORD-12214,06/09/2023,CUST1501,Brian Fitzgerald,brian.fitzgerald35@gmail.com,WEST,USA,Electronis,Wireless Earbuds,5,239.31,0,1.42,debit card,Returned,02-03-2021
12544,2023-08-24,CUST1702,Karl Branch,karl.branch14@outlook.com,north,USA,Toy,Board Game,5,65.46,5%,21.77,Credit_Card,SHIPPED,"September 10, 2022"
ORD-12184,05-08-2024,CUST1688,Katherine Stark,katherine.stark12@outlook.com,Est,USA,TOYS,Action Figure,1,$43.11,0.2,,debit card,Shipped,03/30/2022
ORD-11921,"September 05, 2023",CUST1088,Lisa Archer,lisa.archer28@gmail.com,Est,canada,TOYS,Puzzle 1000pc,4,47.86,0.15,10.86,Credit Card,returned,30-Apr-2023
10894,2024-03-02,CUST1776,Tina Hall,tina.hall85@hotmail.com,CENTRAL,Canada,BEAUTY,Hair Dryer,-3,21.3,0.1,1.9,Debit,SHIPPED,2024-06-11
ORD-12805,10/02/2023,CUST1758,heather woodard,heather.woodard92@gmail.com,WEST,US,Beauty,Lipstick,3,15.88,0,22.83,Gift Card,returned,12/25/21
10446,24-08-2023,CUST1033,Nathan Maldonado,nathan.maldonado53@yahoo.com,west,USA,Home and Kitchen,Non-stick Pan Set,5,,0.2,7.17,Credit_Card,Returned,2021-07-13
ORD-13095,"January 04, 2024",CUST1185,  DR. HANNAH PATTERSON  ,dr..patterson15@gmail.com,SOUTH,US,TOYS,Puzzle 1000pc,6,43.69,0.15,15.18,Credit_Card,CANCELLED,"April 26, 2022"
ORD-12033,11-Mar-2023,CUST1586,Dwayne Klein,dwayne.klein89@hotmail.com,east,Mexico,Beuty,Lipstick,5,24.61,0,5.68,gift card,CANCELLED,21-Mar-2021
ORD-11560,27-12-2023,CUST1284,Stephanie Williams,stephanie.williams5@yahoo.com,East,USA,Home&Kitchen,Non-stick Pan Set,5,$35.72,0,2.52,Pay Pal,returned,05/18/2021
ORD-10987,2023-07-25,CUST1427,Emily Bennett,emily.bennett73@yahoo.com,SOUTH,Mexico,Toy,Action Figure,1,21.83,0.1,16.71,Gift Card,SHIPPED,"April 27, 2024"
ORD-12541,2022-10-07,CUST1648,Jennifer Miranda,jennifer.miranda87@yahoo.com,CENTRAL,Mexico,Sports & Outdoors,Yoga Mat,1,14673.98,0.15,22.71,Gift Card,Delivered,"November 24, 2022"
ORD-11154,01/16/23,CUST1471,Richard Cooper,richard.cooper46@gmail.com,SOUTH,US,electronics,Bluetooth Speaker,3,172.08,0,4.98,Credit_Card,DELIVERED,31-Dec-2023
ORD-12725,10-09-2024,CUST1596,Victor Morris,victor.morris21@outlook.com,NORTH,US,Clothing,Running Shoes,4,87.69,0,19.01,debit card,cancelled,05-07-2021
10889,"August 11, 2024",CUST1339,David Thompson,david.thompson26@outlook.com,East,United States,toys,Building Blocks Set,4,$41.47,0,11.39,Credit_Card,shipped,02/26/24
ORD-13069,2023-10-23,CUST1143,Christopher Rubio,christopher.rubio99@hotmail.com,central,US,Sports & Outdoors,Yoga Mat,3,$54.83,20%,11.22,Debit Card,RETURNED,2023-11-20
11901,2024-11-15,CUST1393,Robert Montgomery,robert.montgomery70@hotmail.com,North,canada,beauty,Shampoo Set,3,47.06,0.05,24.95,Gift Card,Pending,"January 12, 2022"
11135,26-Aug-2024,CUST1293,Margaret Coleman,margaret.coleman74@outlook.com,SOUTH,canada,Sports,Camping Tent,4,93.58,0.2,6.03,CREDIT CARD,SHIPPED,"August 16, 2023"
ORD-12637,"March 06, 2024",CUST1627,  LAURA HERNANDEZ  ,laura.hernandez94@yahoo.com,Nort,canada,Sports & Outdoors,Resistance Bands,6,97.59,0,3.74,Credit_Card,returned,03/09/22
ORD-12349,11/04/2024,CUST1310,Dr. Paul Morgan,dr..morgan31@hotmail.com,WEST,United States,BEAUTY,Shampoo Set,,12.45,0.15,11.97,paypal,CANCELLED,08-09-2021
12141,10/19/2024,CUST1490,  HEATHER WILLIAMS  ,heather.williams2@outlook.com,west,canada,Toy,Building Blocks Set,4,35.62,0.15,7.63,PayPal,Pending,10/11/2022
ORD-10428,05/19/24,CUST1404,Joann Glass,joann.glass43@gmail.com,Sth,United States,Beuty,Face Moisturizer,2,27.6,0.2,6.65,Debit Card,returned,2023-12-18
11325,12/09/2023,CUST1428,Robin Santiago,robin.santiago4@hotmail.com,east,Mexico,Electronic,Bluetooth Speaker,4,198.49,0,20.08,Gift Card,Returned,06-Mar-2022
ORD-11086,"September 14, 2023",CUST1630,Rhonda Chavez,rhonda.chavez7@gmail.com,West,Canada,Appare,Cotton T-Shirt,5,44.18,0,21.72,Debit,Delivered,04-May-2023
ORD-11027,07/20/2023,CUST1379,megan nelson,megan.nelson91@yahoo.com,Central,US,home & kitchen,Air Fryer,5,128.65,0,5.76,Gift Card,pending,2023-08-07
ORD-10848,09/28/2024,CUST1337,Charles Lester,charles.lester51@outlook.com, North,USA,Beuty,Face Moisturizer,4,36.71,0,10.76,Pay Pal,SHIPPED,27-10-2021
ORD-10042,03/14/2023,CUST1804,Kimberly Fritz,kimberly.fritz60@outlook.com,SOUTH,Mexico,Sports and Outdoors,Water Bottle,1,43.2,20%,23.2,Gift Card,pending,29-Jan-2024
12254,10/17/2024,CUST1292,Jeremy Reed,jeremy.reed16@yahoo.com,West,Canada,Sports and Outdoors,Water Bottle,4,92.57,0,8.06,Debit,CANCELLED,10/12/2021
ORD-13008,-,CUST1539,David Davis,david.davis36@gmail.com,East,canada,Sports and Outdoors,Resistance Bands,3,20.28,0,23.79,Credit_Card,cancelled,"August 25, 2023"
ORD-12820,10/20/23,CUST1214,Julie Alexander,julie.alexander73@hotmail.com,North,Canada,sports & outdoors,Hiking Backpack,4,66.54,0,2.21,debit card,returned,05/23/2021
ORD-11143,12/31/2023,CUST1762,Jennifer Goodwin,jennifer.at.gmail.com,EAST,Mexico,toys,Puzzle 1000pc,3,51.85,0.05,7.87,gift card,cancelled,20-Jul-2022
11270,10/20/2023,CUST1176,Michael Elliott,michael.elliott5@outlook.com,Est,USA,Beuty,Face Moisturizer,1,42.44,0,14.66,Gift Card,PENDING,2021-09-27
ORD-11581,2024-05-03,CUST1474,Robin Thompson,robin.at.gmail.com,NORTH,United States,BEAUTY,Face Moisturizer,3,-50.98,0,22.8,PAYPAL,Deliverd,2023-07-31
12199,30-Dec-2024,CUST1331,Colton Martinez,colton.martinez95@gmail.com,south,canada,Clothing,Running Shoes,3,43.76,0.05,19.69,CREDIT CARD,SHIPPED,"October 10, 2021"
10020,11/12/23,CUST1609,Casey Chase,casey.chase92@yahoo.com,WEST,Mexico,Sports & Outdoors,Resistance Bands,1,52.37,0.2,19.98,Debit Card,returned,12/31/23
ORD-12341,2023-09-29,CUST1237,David Davis,david.davis50@hotmail.com, North,US,Beauty,Sunscreen SPF50,3,44.15,10%,8.34,Gift Card,RETURNED,"April 03, 2024"
ORD-13039,10/16/2024,CUST1829,Kenneth Knight,kenneth.knight48@gmail.com,West,Canada,Sports & Outdoors,Camping Tent,6,44.96,0,1.62,gift card,delivered,05/25/2022
10571,10-Oct-2023,CUST1017,Derek Zuniga,derek.zuniga18@hotmail.com,north,United States,Sports,Yoga Mat,1,114.22,0.15,3.35,PAYPAL,Shipped,2021-07-06
11433,2023-08-31,CUST1327,Trevor Johnson,trevor.johnson84@yahoo.com,West,United States,Apparel,Cotton T-Shirt,1,62.48,0,14.06,Debit Card,returned,"April 16, 2021"
12966,"April 08, 2024",CUST1801,Krista Wilson,krista.wilson11@gmail.com,South,Canada,electronics,Laptop Stand,5,63.96,15%,12.59,GiftCard,PENDING,"June 22, 2022"
ORD-11447,23-Aug-2024,CUST1755,Rachel Jones,rachel.jones44@gmail.com,North,Canada,Sports,Resistance Bands,1,141.11,0,,Credit Card,delivered,26-Nov-2021
11071,2023-05-11,CUST1320,Susan Turner,susan.turner17@gmail.com,Est,canada,Apparel,Denim Jacket,4,78.84,0,6.77,Debit Card,Delivered,18-03-2023
ORD-10353,02/05/2024,CUST1484,Jasmine Beltran,jasmine.beltran53@hotmail.com,NORTH,United States,Sports and Outdoors,Resistance Bands,6,130.76,0,14.16,Debit Card,Canceled,2022-03-21
11607,05/15/2024,CUST1117,Ashley Waller,ashley.waller30@gmail.com,north,Mexico,electronics,Smartwatch,1,228.26,0,7.76,gift card,Deliverd,30-01-2022
ORD-12085,01/27/23,CUST1543,Kathleen Robertson,kathleen.robertson76@gmail.com,central,United States,Beuty,Sunscreen SPF50,2,41.5,15%,18.37,Pay Pal,Returned,"December 22, 2022"
ORD-12409,08/02/23,CUST1754,Dana Hopkins,dana.hopkins30@hotmail.com,Sth,canada,Beuty,Hair Dryer,4,53.32,10%,22.35,GiftCard,Canceled,2021-11-28
ORD-10330,07-Sep-2023,CUST1310,Dr. Paul Morgan,dr..morgan31@hotmail.com, West ,United States,Sports,Camping Tent,5,85.8,0.2,24.68,Debit Card,PENDING,08-09-2021
11774,11-Jan-2023,CUST1212,Melissa Martinez,melissa.martinez72@gmail.com,east,Canada,ELECTRONICS,Webcam,1,126.0,0,5.3,CC,delivered,06/01/24
ORD-12111,"May 21, 2023",CUST1835,Timothy Hill,timothy.hill94@hotmail.com,Centrl,United States,TOYS,Board Game,1,47.3,0,20.75,GiftCard,Deliverd,"July 18, 2022"
11051,14-Sep-2024,CUST1732,Kyle Nguyen,kyle.nguyen36@yahoo.com,South,USA,Home & Kitchen,Air Fryer,3,95.8,0.2,14.23,gift card,CANCELLED,11/04/2021
ORD-10730,"August 23, 2023",CUST1177,Michael Wang,michael.wang23@yahoo.com,East,canada,home & kitchen,Air Fryer,6,24.44,0,2.68,paypal,pending,"September 28, 2021"
11035,14-10-2024,CUST1582,Gregory Peck,gregory.peck54@gmail.com,south,canada,Electronic,Smartwatch,1,210.26,0,10.51,Gift Card,Cancelled,04/29/2023
ORD-10453,28-Sep-2024,CUST1386,Adam Burgess,adam.burgess31@outlook.com,West,canada,beauty,Hair Dryer,4,30.99,0,,Gift Card,returned,03-Aug-2022
10603,02/25/23,CUST1794,Jerry Brown,jerry.brown58@gmail.com,East,US,Sports & Outdoors,Resistance Bands,1,98.76,0.25,18.97,Credit Card,PENDING,"February 20, 2023"
ORD-11026,"July 25, 2024",CUST1003,Daniel Wagner,daniel.wagner92@hotmail.com,CENTRAL,USA,Toy,RC Car,1,55.66,0.15,19.53,Pay Pal,returned,28-Mar-2022
11298,07/26/2023,CUST1793,Katherine Taylor,katherine.taylor37@outlook.com,Centrl,US,Electronics,Laptop Stand,5,203.34,0,14.09,Gift Card,pending,10/28/22
12569,02/12/2023,CUST1549,Pamela Diaz,pamela.diaz85@hotmail.com,east,USA,Sports,Resistance Bands,6,53.88,0.05,12.9,Gift Card,Deliverd,2024-04-15
10282,27-Jan-2023,CUST1561,Kim Erickson,kim.at.gmail.com,south,Mexico,apparel,Wool Sweater,4,27.28,0.1,21.2,GiftCard,shipped,15-Dec-2021
ORD-12202,2023-10-23,CUST1343,nichole alvarez,nichole.alvarez61@hotmail.com,Est,USA,toys,Building Blocks Set,5,$10.69,0,19.88,Credit Card,Delivered,08/25/2024
12833,10-Mar-2024,CUST1761,Amanda Terrell,amanda.terrell22@gmail.com,north,United States,Electronics,Bluetooth Speaker,1,247.74,15%,21.15,Credit_Card,Pending,01/07/2023
ORD-11589,2024-06-25,CUST1117,Ashley Waller,ashley.waller30@gmail.com,north,Mexico,Electronic,Bluetooth Speaker,1,160.2,0,15.0,PayPal,returned,30-01-2022
ORD-10185,15-10-2023,CUST1591,Kiara Little,kiara.little8@yahoo.com,Central,US,home & kitchen,Air Fryer,4,,0,20.46,debit card,DELIVERED,15-05-2021
ORD-12312,"February 03, 2023",CUST1483,Steve Paul,steve.paul2@yahoo.com,SOUTH,Mexico,Electronis,USB-C Cable,2,28.97,0,2.19,Pay Pal,Pending,21-06-2023
ORD-12175,05-03-2024,CUST1569,Michael Johnson,michael.johnson11@hotmail.com, West ,US,home & kitchen,Coffee Maker,1,18.79,0.2,16.88,Pay Pal,Cancelled,25-08-2021
ORD-10154,26-12-2024,CUST1265,Joshua Reed,joshua.at.gmail.com,Central,Canada,beauty,Lipstick,2,19.87,0,16.22,Pay Pal,DELIVERED,"October 21, 2023"
ORD-10694,25-Jan-2024,CUST1613,David Molina,david.molina96@outlook.com,Est,USA,BEAUTY,Face Moisturizer,2,23.84,0,19.47,Credit_Card,Returned,12-05-2023
ORD-11140,,CUST1223,Theresa Clark,theresa.clark69@yahoo.com,east,Canada,Sports and Outdoors,Camping Tent,,97.29,0,0.11,CREDIT CARD,RETURNED,"October 22, 2023"
ORD-11004,unknown,CUST1075,Sarah Moore,sarah.moore42@hotmail.com,SOUTH,canada,Electronis,Smartwatch,5,181.97,0.2,,gift card,Returned,24-Jun-2023
ORD-11741,05-Jan-2024,CUST1225,Benjamin Smith,benjamin.smith74@hotmail.com,west,USA,TOYS,Action Figure,2,62.8,0,23.09,debit card,Returned,20-Mar-2024
10706,"January 05, 2023",CUST1307,Carlos Ryan,,West,US,Beuty,Shampoo Set,4,17.31,5%,19.0,paypal,Returned,20-Jun-2023
10184,01/06/23,CUST1831,Richard Stevens,richard.stevens14@yahoo.com,East,canada,Electronics,Smartwatch,4,-37.26,0,14.6,GiftCard,PENDING,09/27/2023
ORD-10653,02-05-2023,CUST1776,Tina Hall,tina.hall85@hotmail.com,Centrl,Canada,toys,Action Figure,2,67.63,0,8.29,Pay Pal,cancelled,2024-06-11
ORD-11123,2023-11-05,CUST1424,Felicia Aguilar,felicia.aguilar84@yahoo.com,central,Mexico,sports & outdoors,Resistance Bands,2,53.9,0,4.68,Pay Pal,delivered,08-09-2022
12095,unknown,CUST1521,Christopher Morris,christopher.morris22@hotmail.com,WEST,Canada,beauty,Hair Dryer,5,22.37,0,16.14,Debit,Returned,13-08-2023
ORD-12116,30-May-2024,CUST1077,Megan Young,megan.young80@outlook.com,East,United States,beauty,Sunscreen SPF50,1,18.55,0.2,24.3,Credit Card,returned,07/11/2021
ORD-11824,04-01-2024,CUST1796,Tracey Wagner,tracey.wagner52@gmail.com,East,United States,electronics,Wireless Earbuds,2,171.27,0.15,5.92,Credit Card,shipped,06/12/2021
ORD-12822,07/26/23,CUST1740,Eric Rush,eric.rush88@outlook.com,Centrl,Canada,Beauty,Lipstick,3,21.42,20%,20.58,GiftCard,Cancelled,"July 18, 2023"
10524,01/20/23,CUST1779,Kevin Price,,Centrl,Canada,Toys,Building Blocks Set,3,22.32,0,23.45,gift card,RETURNED,17-May-2023
ORD-10776,06/27/2023,CUST1389,Scott Williams,scott.williams6@yahoo.com,EAST,canada,Home&Kitchen,Non-stick Pan Set,-1,129.28,0.25,10.89,paypal,Delivered,2021-10-26
ORD-10591,"March 28, 2023",CUST1237,David Davis,david.davis50@hotmail.com,north,US,beauty,Shampoo Set,4,17.22,0.1,16.48,PAYPAL,returned,"April 03, 2024"
ORD-12144,01/16/24,CUST1218,  JUSTIN TORRES  ,justin.torres78@hotmail.com,south,canada,sports & outdoors,Yoga Mat,1,20.69,0.15,9.53,gift card,returned,29-04-2023
ORD-10408,28-03-2024,CUST1425,  GREGORY PONCE  ,gregory.ponce41@yahoo.com,Est,Mexico,TOYS,Action Figure,3,44.48,0.15,3.22,Credit Card,pending,27-03-2023
ORD-12501,"October 13, 2024",CUST1330,Vanessa Howard,vanessa.howard53@yahoo.com,central,US,Home and Kitchen,Air Fryer,4,89.95,0.1,22.38,gift card,Returned,"April 21, 2023"
ORD-11013,18-Jan-2024,CUST1806,Zachary Cole,zachary.cole82@outlook.com,central,United States,BEAUTY,Shampoo Set,5,48.5,0,6.81,Pay Pal,Delivered,13-Dec-2022
12390,07-Apr-2024,CUST1526,Todd Moore,todd.moore72@yahoo.com, North,United States,Sports,Water Bottle,6,17.11,0.25,19.66,Pay Pal,Canceled,13-Jul-2021
ORD-11692,02/27/24,CUST1600,Casey Gillespie,casey.gillespie29@outlook.com,Est,US,Electronis,Webcam,2,125.27,0.15,17.68,GiftCard,SHIPPED,30-05-2024
10881,"February 12, 2024",CUST1034,Debra Davidson,debra.davidson60@gmail.com,North,Canada,Toy,Board Game,2,16.95,0.15,17.12,debit card,Returned,08/31/24
ORD-10174,02/03/23,CUST1102,Rebecca Valencia,,west,US,Sports,Yoga Mat,6,145.47,0,19.55,Pay Pal,returned,"October 01, 2022"
11787,23-04-2024,CUST1083,paul jones,paul.jones72@outlook.com,CENTRAL,US,Toy,Action Figure,6,,0,13.48,PAYPAL,Delivered,"June 26, 2023"
ORD-12864,2023-11-15,CUST1816,Tamara Riddle,, North,United States,sports & outdoors,Water Bottle,1,14.11,0.15,3.24,gift card,Canceled,"April 12, 2021"
ORD-12286,"July 14, 2024",CUST1633,Robert Reese,robert.reese14@gmail.com,north,US,Home & Kitchen,LED Desk Lamp,4,55.33,0,24.76,gift card,Cancelled,2022-08-02
10077,07/30/24,CUST1172,Joshua Cooke,joshua.cooke90@outlook.com,West,USA,beauty,Sunscreen SPF50,1,23.08,,20.92,Debit Card,Deliverd,02/14/21
ORD-10769,04-03-2024,CUST1526,Todd Moore,todd.moore72@yahoo.com,north,United States,BEAUTY,Shampoo Set,5,39.24,0.05,24.28,gift card,RETURNED,13-Jul-2021
ORD-12471,03/26/23,CUST1048,Joshua Blair,joshua.blair83@outlook.com, North,Canada,Electronics,Smartwatch,6,48.99,0.2,24.64,paypal,DELIVERED,26-07-2023
10810,2024-03-30,CUST1479,Kaylee Hays,kaylee.hays10@yahoo.com,Centrl,Mexico,Appare,Cotton T-Shirt,2,57.77,0,23.54,Debit Card,cancelled,04/30/2024
ORD-12478,"June 29, 2023",CUST1174,Nicole Herring,nicole.herring30@outlook.com,Sth,canada,sports & outdoors,Water Bottle,2,137.7,,8.63,Debit Card,SHIPPED,03/25/22
ORD-12878,03/04/2024,CUST1098,Jessica Smith,,Sth,Canada,Beauty,Lipstick,2,35.16,0,22.71,GiftCard,Deliverd,03/05/2021
ORD-10585,08/26/23,CUST1719,Jeffrey Roberson,,WEST,canada,sports & outdoors,Camping Tent,5,45.26,10%,,Debit,shipped,"April 06, 2024"
ORD-12565,09/12/2024,CUST1098,Jessica Smith,,South,Canada,electronics,Bluetooth Speaker,3,214.29,0.05,13.25,Debit Card,SHIPPED,03/05/2021
12810,24-May-2023,CUST1306,Edward Burgess,edward.burgess88@hotmail.com,Nort,Mexico,Electronics,USB-C Cable,6,61.51,0.25,0.2,Pay Pal,shipped,02-Sep-2022
ORD-10811,02/15/24,CUST1258,Denise Davenport,denise.davenport4@hotmail.com,Centrl,USA,BEAUTY,Shampoo Set,3,15.49,,12.65,debit card,Delivered,20-Apr-2021
ORD-11726,"March 29, 2023",CUST1570,Ashley Smith,ashley.smith85@outlook.com,Centrl,US,toys,Board Game,6,38.8,0,1.97,Credit_Card,Pending,07/06/21
ORD-11705,03/26/23,CUST1082,Michael Evans,michael.evans7@yahoo.com,South,US,TOYS,Board Game,2,23.29,0,1.71,Debit,delivered,06-Sep-2021
ORD-10790,17-08-2023,CUST1512,Allison Spencer,allison.spencer70@yahoo.com, West ,Canada,Home & Kitchen,Throw Blanket,5,76.73,0,20.85,PAYPAL,shipped,2021-11-05
ORD-12427,01-Aug-2023,CUST1505,Jodi Roach,,North,US,Clothing,Wool Sweater,3,80.58,0,23.84,Debit,Pending,01/26/2021
ORD-10471,"December 07, 2023",CUST1515,Dr. Kelly Hammond DVM,dr..dvm19@outlook.com,SOUTH,canada,Beuty,Sunscreen SPF50,2,43.99,0.25,1.68,GiftCard,CANCELLED,2021-07-10
ORD-10134,11/26/2024,CUST1433,Chad Jones,chad.jones69@gmail.com,east,United States,Electronis,Wireless Earbuds,5,143.81,0.05,7.72,CREDIT CARD,shipped,08/12/2021
ORD-10499,01-Sep-2024,CUST1402,  MARY THOMPSON  ,mary.thompson11@gmail.com, West ,US,ELECTRONICS,USB-C Cable,2,243.3,0,2.12,Debit,shipped,11-Jul-2021
ORD-12380,2024-03-17,CUST1072,Brittney Phillips,brittney.phillips53@outlook.com,EAST,canada,Electronic,Laptop Stand,1,31.68,0,18.28,Credit_Card,Cancelled,04/05/23
ORD-13087,02/12/2024,CUST1728,Aaron Parker,aaron.parker82@outlook.com,Centrl,canada,toys,RC Car,6,50.03,10%,6.43,CREDIT CARD,pending,"June 24, 2022"
ORD-11540,21-09-2024,CUST1533,Dr. Michael Evans,dr..evans36@outlook.com,North,canada,Electronis,Webcam,3,130.59,0,7.5,gift card,SHIPPED,07/03/2023
ORD-12580,12-Mar-2024,CUST1419,Jake Campbell,jake.campbell18@outlook.com,WEST,United States,Toys,Puzzle 1000pc,1,63.52,0.2,,PAYPAL,Shipped,09-09-2022
ORD-11663,,CUST1598,Kimberly Sharp,kimberly.sharp27@outlook.com,CENTRAL,Canada,Electronics,Webcam,4,75.69,0.1,7.58,debit card,RETURNED,27-Aug-2024
ORD-13109,20-07-2023,CUST1622,Kaitlin Medina,kaitlin.medina97@yahoo.com,NORTH,Mexico,toys,Action Figure,5,17.33,0,16.21,Credit Card,Cancelled,02/06/21
ORD-12484,2023-12-13,CUST1720,Randy Friedman,randy.friedman5@outlook.com,West,Mexico,Toy,Action Figure,2,8.95,0.1,,gift card,Canceled,"January 19, 2024"
ORD-11989,2023-11-01,CUST1263,Diane Evans,diane.evans55@gmail.com,Est,Canada,Home and Kitchen,LED Desk Lamp,2,131.82,0.05,13.89,Gift Card,Pending,08/14/2022
11103,01/19/24,CUST1636,Timothy Johnson,timothy.johnson43@yahoo.com,north,Canada,Electronics,USB-C Cable,4,92.7,0,5.87,PAYPAL,Shipped,2021-01-06
11203,30-Oct-2023,CUST1198,  ADAM VAUGHAN  ,adam.vaughan85@outlook.com,north,Canada,Appare,Wool Sweater,2,69.5,0.2,4.26,CC,DELIVERED,07/28/23
ORD-12338,14-May-2024,CUST1360,Parker Cain,parker.cain26@yahoo.com,Centrl,US,Sports and Outdoors,Camping Tent,5,7158.58,0.05,21.83,debit card,returned,03-12-2021
ORD-10958,2024-05-05,CUST1070,Jordan Henderson,jordan.henderson69@yahoo.com,NORTH,Mexico,apparel,Denim Jacket,-1,72.84,0.15,7.54,gift card,SHIPPED,16-Jan-2023
12652,15-05-2024,CUST1438,Rhonda Martin,rhonda.martin11@gmail.com,EAST,USA,Home and Kitchen,Coffee Maker,4,16.41,0.25,5.47,CREDIT CARD,Canceled,18-10-2021
ORD-11535,26-12-2024,CUST1456,Dustin Gallegos,dustin.gallegos57@hotmail.com,central,Canada,Sports and Outdoors,Hiking Backpack,5,58.29,0,4.89,Debit,SHIPPED,2021-12-09
12168,2023-02-03,CUST1357,Jeffery Ortega,jeffery.ortega48@hotmail.com,central,Mexico,ELECTRONICS,Webcam,N/A,123.69,5%,8.53,credit card,returned,30-Jan-2024
ORD-10541,"January 04, 2023",CUST1621,Lisa Perry,,EAST,Canada,Beuty,Lipstick,6,18.04,0,11.34,Debit Card,PENDING,12/30/2023
ORD-11150,11/11/2024,CUST1666,David Harris,david.harris75@hotmail.com,central,United States,Apparel,Baseball Cap,2,13.35,0.2,1.23,PAYPAL,RETURNED,11/08/2023
12231,"May 02, 2023",CUST1639,Janet Kane DVM,janet.dvm7@gmail.com,Est,USA,apparel,Denim Jacket,-1,52.55,0.15,21.7,PayPal,shipped,2021-12-24
ORD-12668,27-02-2024,CUST1384,aimee turner,aimee.turner28@hotmail.com,Est,Canada,electronics,Smartwatch,4,112.91,0.15,0.1,GiftCard,RETURNED,04-03-2022
11488,05-12-2023,CUST1421,Maria Jones,maria.jones10@outlook.com, West ,canada,beauty,Shampoo Set,3,5409.48,0.25,4.98,Credit Card,Cancelled,05/31/2022
ORD-11324,07/17/23,CUST1404,joann glass,joann.glass43@gmail.com,Sth,United States,Home & Kitchen,Air Fryer,1,68.53,0,19.02,Debit Card,RETURNED,2023-12-18
ORD-11666,12/25/2023,CUST1450,Brittany Kim,brittany.kim16@yahoo.com,South,USA,Beuty,Face Moisturizer,2,24.01,5%,8.08,Debit Card,Delivered,2022-09-18
ORD-11511,28-09-2023,CUST1407,Jeremy Turner,jeremy.turner97@hotmail.com,SOUTH,canada,Sports & Outdoors,Water Bottle,3,68.54,,14.7,Gift Card,Cancelled,07-06-2021
12025,"October 05, 2023",CUST1732,Kyle Nguyen,kyle.nguyen36@yahoo.com,Sth,USA,electronics,Laptop Stand,1,165.87,0,18.5,Gift Card,shipped,11/04/2021
10899,"January 04, 2024",CUST1571,Christian Vaughn,christian.vaughn49@outlook.com,NORTH,USA,Sports,Camping Tent,5,58.06,0.2,5.71,Debit,Cancelled,18-Jan-2022
ORD-12582,14-03-2024,CUST1692,Crystal Mann,crystal.mann37@gmail.com,Centrl,canada,apparel,Denim Jacket,4,13.08,0.15,23.9,debit card,Shipped,25-11-2023
ORD-10380,11-Feb-2023,CUST1796,Tracey Wagner,tracey.wagner52@gmail.com,Est,United States,Appare,Running Shoes,6,79.3,0,18.23,Credit_Card,pending,06/12/2021
12274,09/04/2024,CUST1405,Madison Weber,madison.weber89@hotmail.com,Nort,Mexico,Toys,Building Blocks Set,6,46.22,0.2,17.03,CREDIT CARD,pending,2022-07-10
ORD-12589,2024-05-07,CUST1364,Tracy Burke,tracy.burke10@gmail.com, North,canada,BEAUTY,Hair Dryer,3,25.74,0.05,4.92,credit card,cancelled,18-05-2023
10155,2024-10-02,CUST1626,Amy Kelley,amy.kelley63@outlook.com,WEST,Canada,Appare,Cotton T-Shirt,6,88.3,0.25,20.42,debit card,Returned,01/21/2022
ORD-10631,06-08-2023,CUST1179,Robert Oconnell,robert.oconnell15@hotmail.com,south,Mexico,Beauty,Sunscreen SPF50,4,42.95,,1.74,Debit Card,Delivered,06/04/2021
ORD-10648,06/04/2023,CUST1017,Derek Zuniga,derek.zuniga18@hotmail.com,north,United States,ELECTRONICS,Wireless Earbuds,5,165.37,0,19.06,Debit Card,Pending,2021-07-06
ORD-11418,"November 09, 2024",CUST1623,Colleen Wright,colleen.wright29@outlook.com,Nort,US,sports & outdoors,Camping Tent,6,22.08,0.15,11.7,paypal,delivered,10/02/2022
10518,09/30/2023,CUST1551,Angel Gordon,angel.gordon72@outlook.com,Centrl,United States,Beuty,Sunscreen SPF50,2,37.64,0,4.45,credit card,pending,04/03/22
10333,"September 03, 2023",CUST1233,Laura Roberts,laura.roberts73@outlook.com,south,US,Home&Kitchen,Non-stick Pan Set,3,123.75,0.25,5.11,GiftCard,Shipped,08-07-2024
ORD-11427,2024-03-25,CUST1607,David Lopez,,Est,US,BEAUTY,Sunscreen SPF50,5,31.4,5%,18.43,gift card,pending,16-10-2023
ORD-10366,16-May-2024,CUST1681,Justin Walker,justin.walker78@yahoo.com,WEST,United States,Electronis,USB-C Cable,3,56.48,0,0.34,CC,pending,01-02-2022
ORD-11244,"March 14, 2024",CUST1700,Joseph Ochoa,joseph.ochoa52@hotmail.com, West ,Mexico,Toy,Building Blocks Set,3,51.12,20%,6.69,debit card,shipped,2022-10-10
ORD-10678,12/23/23,CUST1717,Brenda Hinton,brenda.hinton11@outlook.com,SOUTH,USA,BEAUTY,Shampoo Set,3,13.58,0,0.2,Credit Card,DELIVERED,"October 14, 2021"
ORD-10014,13-Jun-2023,CUST1810,Carol Taylor,carol.taylor38@yahoo.com,east,United States,Home and Kitchen,Coffee Maker,6,132.49,0.1,,PayPal,pending,"January 15, 2021"
ORD-12620,2023-11-03,CUST1522,Hannah Everett,hannah.everett99@yahoo.com,West,USA,Sports and Outdoors,Camping Tent,5,$110.52,0,23.17,Pay Pal,Returned,15-07-2023
10611,"September 15, 2023",CUST1050,Jessica Holmes,jessica.holmes45@gmail.com,east,United States,beauty,Hair Dryer,-3,54.32,0.1,18.11,CREDIT CARD,Cancelled,16-05-2022
ORD-11357,08-Jul-2024,CUST1190,Debra Morton,debra.morton59@gmail.com,Central,Canada,Beauty,Lipstick,1,53.5,5%,13.53,credit card,SHIPPED,09/19/2024
11251,12/29/24,CUST1537,Bianca Wood,bianca.wood46@hotmail.com,east,canada,toys,RC Car,4,,0.25,14.62,credit card,Pending,21-Jan-2024
ORD-12519,18-May-2024,CUST1108,Evelyn Galvan,evelyn.galvan94@outlook.com,north,USA,Appare,Denim Jacket,6,44.43,0,5.43,PayPal,returned,10/23/2022
10260,07-11-2023,CUST1269,patrick thornton,patrick.thornton48@outlook.com,NORTH,USA,TOYS,Board Game,6,11.43,0.15,,Debit Card,returned,03-02-2021
ORD-12506,02-07-2023,CUST1812,Douglas Ryan,douglas.ryan50@hotmail.com,NORTH,US,home & kitchen,Throw Blanket,2,103.13,0,20.4,Credit_Card,SHIPPED,28-03-2022
10966,04/16/24,CUST1795,Adam Taylor,adam.taylor19@yahoo.com,West,Mexico,Home&Kitchen,Coffee Maker,4,77.93,0,2.95,Debit Card,Pending,04-08-2024
ORD-10412,01/24/2024,CUST1575,Kelly Edwards,kelly.edwards69@hotmail.com,WEST,USA,Apparel,Baseball Cap,1,78.39,0,3.02,Gift Card,Deliverd,03/18/2024
10278,"May 14, 2024",CUST1106,  SHARON CHERRY  ,sharon.cherry63@gmail.com, West ,Mexico,ELECTRONICS,Wireless Earbuds,6,155.78,0.2,1.0,gift card,SHIPPED,07-06-2023
11986,11-11-2023,CUST1042,Sherry Decker,sherry.decker8@outlook.com,central,US,sports & outdoors,Hiking Backpack,5,149.9,0.2,6.46,Debit Card,cancelled,2021-04-28
ORD-10801,11/27/23,CUST1602,Tammy Mcdowell,tammy.mcdowell80@hotmail.com,Nort,canada,Toys,Board Game,1,52.0,0,24.95,GiftCard,Delivered,2024-04-12
ORD-12171,12/14/2024,CUST1738,Mr. David Wright,mr..wright61@hotmail.com,WEST,canada,BEAUTY,Sunscreen SPF50,5,23.57,15%,4.15,Debit Card,DELIVERED,12/16/2021
ORD-10954,08/02/24,CUST1233,Laura Roberts,laura.roberts73@outlook.com,South,US,Toys,Building Blocks Set,5,29.32,10%,9.04,gift card,returned,08-07-2024
ORD-10649,2023-05-02,CUST1778,Allen Mendez,allen.mendez98@outlook.com,Centrl,United States,apparel,Wool Sweater,3,81.48,5%,7.9,gift card,returned,03/26/2023
11186,"October 19, 2024",CUST1177,Michael Wang,michael.wang23@yahoo.com,EAST,canada,toys,RC Car,2,22.01,0,11.92,debit card,pending,"September 28, 2021"
12975,2023-08-12,CUST1764,Jorge Stone,jorge.stone93@outlook.com,South,canada,toys,Puzzle 1000pc,5,-8.49,0.2,17.44,PAYPAL,RETURNED,13-12-2022
ORD-11134,2023-04-23,CUST1563,Veronica Silva,veronica.silva91@gmail.com,Sth,canada,Sports,Camping Tent,4,72.13,20%,14.48,CREDIT CARD,PENDING,06/03/23
ORD-11231,2023-07-20,CUST1042,Sherry Decker,sherry.decker8@outlook.com,Central,US,Home and Kitchen,LED Desk Lamp,6,114.46,0,12.06,Debit,returned,2021-04-28
10740,unknown,CUST1406,Lori Hernandez,lori.hernandez70@gmail.com, North,United States,Home&Kitchen,LED Desk Lamp,2,$99.23,0,17.07,debit card,Cancelled,03-01-2022
12690,24-Jan-2024,CUST1526,Todd Moore,todd.moore72@yahoo.com,North,United States,ELECTRONICS,Wireless Earbuds,4,176.51,0,2.16,PAYPAL,Canceled,13-Jul-2021
11152,2023-12-27,CUST1387,James Padilla,james.padilla40@outlook.com,West,US,BEAUTY,Hair Dryer,2,46.11,0.15,0.44,Credit_Card,RETURNED,"January 07, 2023"
ORD-11476,19-06-2023,CUST1261,Desiree Tyler,desiree.tyler61@yahoo.com,Central,Canada,Home&Kitchen,LED Desk Lamp,2,,20%,21.12,Debit,SHIPPED,19-Aug-2023
ORD-10019,04-Oct-2024,CUST1036,Sherri Baker,sherri.baker55@yahoo.com,SOUTH,Canada,Sports,Yoga Mat,3,,0,8.48,GiftCard,Shipped,25-Jul-2022
ORD-11806,17-Oct-2023,CUST1726,Christian Dawson,christian.dawson67@outlook.com, West ,Canada,Electronis,Smartwatch,1,25.46,0,10.73,Debit Card,pending,06-Mar-2023
ORD-12930,2024-08-01,CUST1631,Joyce Brown,joyce.brown61@yahoo.com,Nort,USA,Sports and Outdoors,Camping Tent,5,53.97,0.15,20.38,PAYPAL,Deliverd,02/25/22
ORD-12572,"August 31, 2023",CUST1677,Joseph Howard,joseph.howard95@yahoo.com,west,United States,TOYS,Building Blocks Set,2,66.45,0,23.48,CC,Shipped,"August 18, 2024"
ORD-10196,02/24/23,CUST1124,Helen Jones,helen.jones74@gmail.com,Centrl,USA,apparel,Denim Jacket,1,34.87,0.25,5.11,Gift Card,shipped,11/07/2021
ORD-11405,12-Dec-2024,CUST1551,Angel Gordon,angel.gordon72@outlook.com,central,United States,TOYS,Building Blocks Set,6,48.35,0,0.42,PayPal,PENDING,04/03/22
ORD-11028,05/18/2024,CUST1343,Nichole Alvarez,nichole.alvarez61@hotmail.com,east,USA,apparel,Running Shoes,6,79.29,0.1,20.64,credit card,Shipped,08/25/2024
ORD-12398,21-06-2024,CUST1241,Matthew Moon,matthew.moon47@outlook.com,WEST,USA,Home and Kitchen,Air Fryer,5,122.03,0.25,15.76,paypal,Delivered,03-Aug-2022
ORD-10689,"June 10, 2023",CUST1220,Courtney Mills,courtney.mills40@gmail.com,CENTRAL,Canada,electronics,Bluetooth Speaker,2,30.37,25%,1.45,credit card,SHIPPED,28-Mar-2022
ORD-12922,23-May-2024,CUST1114,Garrett Lin,garrett.lin12@outlook.com,SOUTH,USA,sports & outdoors,Yoga Mat,2,-119.21,0.1,24.04,Debit,pending,30-Mar-2022
ORD-12693,2023-04-26,CUST1513,Robert Arnold,robert.arnold45@gmail.com,WEST,Mexico,Beuty,Lipstick,5,38.37,5%,9.93,Pay Pal,Shipped,2022-11-18
ORD-10337,unknown,CUST1247,Frank Cordova,frank.cordova55@outlook.com,Est,United States,Beuty,Sunscreen SPF50,5,29.34,0,5.13,gift card,shipped,07-02-2021
ORD-11586,21-Jun-2023,CUST1461,Eric Williams,eric.williams45@gmail.com,south,United States,Beuty,Shampoo Set,6,25.77,0,7.63,PAYPAL,returned,2023-06-19
ORD-12391,18-02-2024,CUST1750,Krista Benton,krista.benton20@hotmail.com,Est,USA,BEAUTY,Lipstick,2,27.85,0,20.95,Credit_Card,Shipped,"August 27, 2024"
ORD-12385,26-09-2023,CUST1380,Karla Ramos,karla.ramos72@yahoo.com,east,United States,electronics,Laptop Stand,5,32.92,10%,0.81,CC,Returned,03/07/2023
10768,11/19/2024,CUST1105,Marc Moore,marc.moore48@gmail.com,Est,Canada,toys,Puzzle 1000pc,4,33.64,0,5.09,PayPal,SHIPPED,11/03/23
ORD-10540,09/28/2023,CUST1138,David Alvarez,david.alvarez74@gmail.com,central,Mexico,Beauty,Lipstick,1,36.85,,,gift card,RETURNED,25-Dec-2021
ORD-11256,09-Aug-2023,CUST1637,Randy Cannon,randy.cannon86@hotmail.com,Central,Canada,Sports & Outdoors,Hiking Backpack,-1,50.15,0,11.22,paypal,returned,2021-11-02
ORD-10868,"May 30, 2023",CUST1553,Barbara Hester,barbara.hester51@gmail.com,Est,canada,Beauty,Hair Dryer,5,$26.78,0,14.68,Pay Pal,returned,"January 08, 2022"
ORD-12599,03/31/2023,CUST1467,William Jones,william.jones87@hotmail.com,CENTRAL,Mexico,Toys,Board Game,1,21.74,,9.06,CREDIT CARD,Canceled,09/30/2023
11050,06/28/24,CUST1139,Angel Perry,angel.perry36@yahoo.com,WEST,Canada,TOYS,Action Figure,4,35.43,0.1,5.25,paypal,CANCELLED,13-Apr-2024
ORD-13038,10-May-2024,CUST1262,Timothy Romero,timothy.romero3@outlook.com,central,Mexico,Electronics,Wireless Earbuds,3,73.69,0.1,9.96,Credit_Card,pending,03/18/2022
ORD-11600,05-10-2023,CUST1523,Sarah King,sarah.king12@yahoo.com,Central,Canada,sports & outdoors,Water Bottle,3,113.33,0.15,12.54,Credit_Card,cancelled,09/16/22
10088,28-Feb-2024,CUST1806,Zachary Cole,zachary.cole82@outlook.com,CENTRAL,United States,Electronis,Bluetooth Speaker,4,,0.1,1.45,PAYPAL,PENDING,13-Dec-2022
ORD-10286,02-Dec-2024,CUST1096,Aaron Wise,aaron.wise44@hotmail.com,Est,Canada,Appare,Denim Jacket,2,38.41,0.05,18.8,PayPal,Shipped,24-Jul-2022
ORD-12448,03/29/2023,CUST1282,Jessica Garcia,jessica.garcia8@gmail.com,East,canada,BEAUTY,Shampoo Set,3,8.02,15%,24.27,Gift Card,delivered,29-Jul-2024
ORD-12919,"March 24, 2024",CUST1476,Robin Brown,robin.brown36@gmail.com,EAST,Canada,electronics,Webcam,1,122.26,0,3.62,gift card,PENDING,02-09-2024
ORD-12903,18-12-2024,CUST1571,Christian Vaughn,christian.vaughn49@outlook.com,North,USA,Electronis,Webcam,-3,65.12,25%,15.59,gift card,DELIVERED,18-Jan-2022
ORD-12936,15-Jan-2024,CUST1528,Kristy Bryan,kristy.bryan83@gmail.com,east,Canada,TOYS,RC Car,1,$62.77,0,22.12,GiftCard,Pending,"April 07, 2024"
12346,06/26/24,CUST1289,Briana Murray,briana.murray28@outlook.com,north,United States,Clothing,Baseball Cap,4,30.94,0,8.42,debit card,Returned,10/03/2023
12646,08/14/2023,CUST1415,Antonio Garcia,antonio.garcia12@yahoo.com,Centrl,canada,Home and Kitchen,Non-stick Pan Set,4,104.82,0.25,8.42,Pay Pal,Cancelled,02-Jun-2023
12524,2024-02-08,CUST1175,Alex Hernandez,alex.hernandez97@yahoo.com,north,USA,Appare,Running Shoes,2,,0,23.26,Debit,Shipped,2024-07-10
ORD-12772,2024-04-25,CUST1263,Diane Evans,diane.evans55@gmail.com,east,Canada,Beuty,Shampoo Set,3,36.48,0.1,6.61,Pay Pal,Shipped,08/14/2022
ORD-10526,30-11-2023,CUST1398,Ashley Hicks,,EAST,Canada,Apparel,Denim Jacket,1,35.0,0.25,18.53,Gift Card,Cancelled,"July 17, 2022"
10312,"July 12, 2023",CUST1549,Pamela Diaz,pamela.diaz85@hotmail.com,East,USA,toys,Action Figure,2,8.68,0,10.54,PAYPAL,CANCELLED,2024-04-15
ORD-11331,03/12/24,CUST1055,Michael Lewis,michael.at.gmail.com,Nort,Canada,Electronic,Smartwatch,6,217.83,0.1,10.23,Gift Card,Shipped,18-05-2023
ORD-10395,2023-09-27,CUST1406,lori hernandez,lori.hernandez70@gmail.com, North,United States,Apparel,Denim Jacket,5,35.14,10%,22.48,Debit,Delivered,03-01-2022
12050,30-Jun-2024,CUST1717,Brenda Hinton,brenda.hinton11@outlook.com,south,USA,apparel,Running Shoes,3,80.56,0.25,21.07,paypal,Delivered,"October 14, 2021"
ORD-10455,09/08/2024,CUST1765,Laura Griffin,laura.griffin59@hotmail.com,east,United States,Home & Kitchen,LED Desk Lamp,5,37.73,15%,9.16,Debit Card,shipped,2024-03-23
ORD-12954,04/03/2023,CUST1238,Sara Johnston,sara.johnston74@yahoo.com,West,canada,Sports,Camping Tent,4,49.14,0.15,15.61,CREDIT CARD,Deliverd,"October 21, 2022"
ORD-12443,07/03/2023,CUST1168,Joel Williams,joel.williams2@hotmail.com,Centrl,United States,Apparel,Baseball Cap,2,56.79,10%,24.12,Debit Card,RETURNED,08/13/22
11578,08/16/2023,CUST1014,Dylan Miller,dylan.miller28@outlook.com,WEST,US,Electronics,Wireless Earbuds,1,124.89,20%,13.8,GiftCard,CANCELLED,03/12/22
ORD-10892,03/08/24,CUST1806,  ZACHARY COLE  ,zachary.cole82@outlook.com,Central,United States,Electronic,USB-C Cable,4,$147.51,25%,0.76,paypal,Deliverd,13-Dec-2022
ORD-10086,18-Aug-2023,CUST1116,William Herrera,william.herrera71@outlook.com,WEST,USA,ELECTRONICS,Smartwatch,4,226.15,0.05,15.24,CC,Delivered,12/22/22
12131,15-05-2023,CUST1730,Jerry Peters,jerry.peters29@hotmail.com,West,US,Home&Kitchen,Air Fryer,N/A,79.44,0.2,10.44,PayPal,Returned,24-12-2022
ORD-10158,2023-05-07,CUST1556,Kathryn Williams,kathryn.williams12@outlook.com,EAST,United States,ELECTRONICS,USB-C Cable,6,52.62,0.05,24.77,Debit Card,returned,2023-07-04
10725,27-08-2024,CUST1501,Brian Fitzgerald,brian.fitzgerald35@gmail.com,WEST,USA,Toys,RC Car,-1,14.82,0.15,0.58,Debit,DELIVERED,02-03-2021
11756,"October 18, 2023",CUST1608,Rachel Bradley,rachel.bradley95@gmail.com,Central,United States,Electronics,USB-C Cable,2,15490.82,10%,9.62,credit card,Deliverd,04/09/24
ORD-10907,2023-08-18,CUST1724,Mary Miller,mary.miller73@yahoo.com,NORTH,United States,Beauty,Shampoo Set,4,34.06,0,20.61,CC,Shipped,18-09-2023
ORD-10045,06/15/23,CUST1092,Denise Jacobs,denise.jacobs63@yahoo.com,West,Canada,Sports,Camping Tent,1,61.86,0.25,,gift card,SHIPPED,13-Jul-2022
ORD-10393,03/25/23,CUST1781,Amy Garcia,amy.garcia2@gmail.com,Central,Canada,Electronics,USB-C Cable,4,141.4,0,4.9,GiftCard,PENDING,08-Mar-2022
10303,10-Mar-2024,CUST1384,Aimee Turner,aimee.turner28@hotmail.com,EAST,Canada,TOYS,Action Figure,5,57.94,0,19.05,Debit Card,Canceled,04-03-2022
12313,06/29/23,CUST1600,Casey Gillespie,casey.gillespie29@outlook.com,Est,US,Toy,RC Car,2,62.13,0.15,2.95,PayPal,Cancelled,30-05-2024
11839,-,CUST1241,Matthew Moon,matthew.moon47@outlook.com,WEST,USA,Sports & Outdoors,Hiking Backpack,1,92.22,0,5.85,PayPal,Pending,03-Aug-2022
ORD-10335,03/13/24,CUST1581,  DANIEL BUSH  ,daniel.bush36@hotmail.com,Centrl,canada,Sports,Water Bottle,5,122.18,0,18.58,Gift Card,Delivered,01/26/21
ORD-10582,10-06-2023,CUST1035,Jeffrey Chavez,jeffrey.chavez44@gmail.com,south,canada,electronics,Bluetooth Speaker,1,102.23,0.15,19.91,credit card,PENDING,05/25/2022
ORD-10968,07/19/24,CUST1434,Ashley Wise,ashley.wise6@hotmail.com,Nort,Canada,Sports & Outdoors,Yoga Mat,4,76.4,0.25,5.31,debit card,returned,11-Nov-2022
10765,2023-11-18,CUST1513,Robert Arnold,robert.arnold45@gmail.com,WEST,Mexico,beauty,Sunscreen SPF50,5,21.85,0.25,0.0,GiftCard,shipped,2022-11-18
11571,12/21/24,CUST1820,Debra Perry,debra.perry43@gmail.com,East,US,Sports & Outdoors,Water Bottle,3,17.5,0.2,24.44,gift card,pending,2021-10-27
11184,2021-05-14,CUST1033,  NATHAN MALDONADO  ,nathan.maldonado53@yahoo.com,West,USA,Toys,Board Game,3,48.95,0.1,24.85,paypal,Shipped,2021-07-13
ORD-10690,24-11-2024,CUST1149,Stephanie Manning,stephanie.manning38@outlook.com,WEST,United States,home & kitchen,Air Fryer,6,117.57,0,2.07,GiftCard,pending,01-May-2023
ORD-12543,07/21/23,CUST1385,Chad Scott,chad.scott25@gmail.com,CENTRAL,Mexico,Home and Kitchen,Air Fryer,6,177.64,0.25,5.07,CC,PENDING,09/08/2023
10028,03/28/2023,CUST1673,Timothy Hayden,timothy.hayden86@hotmail.com, West ,Canada,Toy,Action Figure,5,19.52,0.25,23.16,PayPal,Deliverd,30-12-2023
ORD-10123,02/08/2023,CUST1206,Bryan Herrera,bryan.at.gmail.com, West ,Canada,TOYS,RC Car,1,48.18,0.15,13.48,Debit,CANCELLED,2021-06-24
ORD-12372,03-10-2023,CUST1159,Jamie Smith,jamie.smith34@outlook.com, West ,Mexico,electronics,USB-C Cable,3,23.34,0.1,15.64,paypal,Shipped,06/30/24
10753,2023-10-29,CUST1287,Carolyn Miller,carolyn.miller84@outlook.com,Nort,Mexico,toys,Puzzle 1000pc,4,67.04,0.25,22.56,PayPal,shipped,2022-05-27
ORD-11537,12/04/24,CUST1640,Michael Stanley,michael.stanley41@hotmail.com,North,Canada,Toy,Building Blocks Set,6,$17.90,10%,24.04,CC,pending,2021-08-26
ORD-12877,2024-02-07,CUST1111,Shannon Walker,shannon.walker34@outlook.com,Est,canada,Clothing,Baseball Cap,6,44.25,,12.42,Gift Card,Pending,"July 27, 2022"
11117,13-03-2023,CUST1210,Christopher Smith,christopher.smith65@yahoo.com,WEST,United States,Toys,Board Game,6,-8.88,0.05,7.42,gift card,Cancelled,11/13/21
ORD-10702,03-05-2024,CUST1105,Marc Moore,marc.moore48@gmail.com,East,Canada,Apparel,Baseball Cap,4,18.25,0,15.2,debit card,Deliverd,11/03/23
ORD-12510,2023-09-30,CUST1205,David Martinez,david.martinez86@outlook.com,West,Canada,Home & Kitchen,Air Fryer,1,17.16,0,20.71,Credit Card,Shipped,02/06/2023
ORD-12915,"September 08, 2023",CUST1744,Travis Harris,travis.harris17@gmail.com,CENTRAL,US,Apparel,Cotton T-Shirt,4,15.03,,5.39,debit card,DELIVERED,22-Aug-2024
ORD-10855,"November 25, 2023",CUST1024,Matthew Foster,matthew.foster3@gmail.com,SOUTH,Canada,home & kitchen,LED Desk Lamp,5,24.2,0.1,14.43,Debit Card,returned,14-01-2023
ORD-11541,12/06/23,CUST1570,Ashley Smith,ashley.smith85@outlook.com,Central,US,TOYS,Puzzle 1000pc,1,35.69,0.25,11.66,Debit,cancelled,07/06/21
11274,02/24/23,CUST1642,Joshua Rice,joshua.rice94@gmail.com,south,Canada,Sports,Camping Tent,-2,38.61,0,15.16,Pay Pal,Shipped,03-02-2023
10719,22-Jun-2024,CUST1663,Samuel Turner,samuel.turner51@yahoo.com,EAST,Canada,Electronics,Webcam,4,158.8,5%,16.06,Debit,Cancelled,07/26/2023
ORD-13059,21-11-2023,CUST1728,Aaron Parker,aaron.parker82@outlook.com,Central,canada,Beauty,Face Moisturizer,-2,12.14,0,2.27,GiftCard,RETURNED,"June 24, 2022"
ORD-10273,2024-04-13,CUST1556,Kathryn Williams,kathryn.williams12@outlook.com,east,United States,home & kitchen,Throw Blanket,5,28.69,0.1,4.97,paypal,SHIPPED,2023-07-04
ORD-12818,03/18/2024,CUST1373,Sergio Knight,sergio.knight70@yahoo.com,CENTRAL,USA,Toys,Puzzle 1000pc,4,41.48,0,2.93,CC,Returned,04/26/2021
ORD-10279,03/18/24,CUST1408,Anthony Romero,anthony.romero50@outlook.com,south,Mexico,Electronic,Wireless Earbuds,3,87.22,0,1.19,GiftCard,Returned,02/26/23
12480,04/07/24,CUST1485,Jonathan Glass MD,jonathan.md76@hotmail.com,EAST,United States,Toys,Action Figure,5,69.82,0.15,14.52,Credit Card,returned,21-Dec-2022
ORD-10285,02/21/2024,CUST1583,Denise Martinez,denise.martinez98@gmail.com,Nort,USA,Home & Kitchen,LED Desk Lamp,2,111.93,0,18.97,Debit Card,Deliverd,"August 05, 2021"
ORD-13046,11/18/2023,CUST1606,Brian Martin,brian.martin77@hotmail.com,Sth,Mexico,Home and Kitchen,Air Fryer,2,8872.97,15%,21.01,Credit_Card,Returned,14-09-2024
ORD-12767,14-12-2023,CUST1197,Spencer Haynes,spencer.haynes14@hotmail.com,Central,Canada,sports & outdoors,Resistance Bands,1,139.66,0.2,22.5,CC,DELIVERED,10/29/2023
ORD-11057,"November 26, 2024",CUST1262,Timothy Romero,timothy.romero3@outlook.com,CENTRAL,Mexico,BEAUTY,Sunscreen SPF50,2,40.51,0,11.19,Debit,shipped,03/18/2022
12517,10/18/2024,CUST1101,Cameron Parker,cameron.parker92@gmail.com,North,canada,Sports & Outdoors,Hiking Backpack,2,$112.60,,17.16,Credit Card,Returned,02-12-2021
ORD-10435,"April 26, 2023",CUST1064,Jessica Callahan,jessica.callahan30@yahoo.com,south,US,Home and Kitchen,Coffee Maker,1,50.2,0,10.02,credit card,returned,02/18/21
12918,13-07-2023,CUST1112,Julia Torres,,Sth,Mexico,Electronics,Smartwatch,3,248.17,0.25,4.05,Credit_Card,SHIPPED,2022-01-27
ORD-11515,09-11-2024,CUST1599,  SUSAN THOMPSON  ,susan.thompson99@gmail.com,south,canada,Sports and Outdoors,Resistance Bands,6,90.68,5%,9.23,paypal,Delivered,08/29/2023
12939,2024-04-17,CUST1113,Crystal Johnson,crystal.johnson72@yahoo.com,west,US,Home and Kitchen,LED Desk Lamp,4,154.38,0.15,4.14,Gift Card,returned,09/03/23
ORD-10127,,CUST1697,Alicia Li,alicia.li10@yahoo.com,Est,Canada,Sports & Outdoors,Hiking Backpack,4,69.76,0.05,14.32,paypal,RETURNED,18-Feb-2021
ORD-13047,20-02-2023,CUST1510,  REBECCA HICKS  ,rebecca.hicks2@outlook.com,CENTRAL,USA,sports & outdoors,Hiking Backpack,4,121.65,0.05,,GiftCard,Cancelled,15-02-2022
ORD-11238,24-Sep-2024,CUST1730,Jerry Peters,jerry.peters29@hotmail.com,WEST,US,Clothing,Cotton T-Shirt,6,-47.17,0.25,2.47,CREDIT CARD,Delivered,24-12-2022
13015,2023-10-13,CUST1587,Jeremy Scott,jeremy.scott96@hotmail.com,Nort,USA,Home and Kitchen,Air Fryer,3,50.03,0.05,7.96,paypal,Canceled,05-07-2022
ORD-10227,10/29/2024,CUST1500,Jennifer Banks,jennifer.banks45@outlook.com,South,Mexico,Electronis,Webcam,1,$37.83,10%,13.11,Debit,shipped,08-12-2021
ORD-13032,"May 25, 2023",CUST1572,Reginald Knapp,reginald.knapp34@yahoo.com,Nort,United States,Electronics,Bluetooth Speaker,5,$224.40,0.25,20.93,PayPal,Delivered,"July 05, 2022"
12463,"May 03, 2024",CUST1098,Jessica Smith,,Sth,Canada,Toy,Action Figure,2,69.01,0,6.53,Credit_Card,CANCELLED,03/05/2021
ORD-11732,29-Jun-2023,CUST1707,Mr. Richard Knight PhD,mr..phd95@outlook.com,CENTRAL,United States,Sports & Outdoors,Resistance Bands,3,61.53,0.1,6.21,CREDIT CARD,shipped,10-Mar-2022
ORD-12125,unknown,CUST1605,Todd Rosales MD,todd.md92@outlook.com,CENTRAL,United States,electronics,Bluetooth Speaker,1,38.95,0.15,20.52,CREDIT CARD,Delivered,01/21/2022
10446,24-08-2023,CUST1033,Nathan Maldonado,nathan.maldonado53@yahoo.com,west,USA,Home and Kitchen,Non-stick Pan Set,5,,0.2,7.17,Credit_Card,Returned,2021-07-13
11834,10/02/23,CUST1328,Jeremy Sampson,jeremy.sampson93@hotmail.com,SOUTH,Canada,toys,Action Figure,3,9.31,0,23.69,Pay Pal,Delivered,10/30/21
ORD-12246,2023-01-08,CUST1680,Suzanne Wood,suzanne.wood80@hotmail.com,EAST,canada,TOYS,Puzzle 1000pc,5,25.25,20%,11.89,paypal,Canceled,04/07/22
ORD-10094,13-Oct-2024,CUST1620,Casey Hernandez,casey.hernandez56@hotmail.com,west,US,TOYS,Building Blocks Set,4,41.54,0.1,14.3,PayPal,Shipped,07-Apr-2023
12687,2023-07-21,CUST1171,Darlene Miller,darlene.miller14@yahoo.com,east,canada,beauty,Hair Dryer,6,17.45,10%,1.08,Debit,shipped,"February 21, 2023"
12023,12/07/2024,CUST1812,Douglas Ryan,douglas.ryan50@hotmail.com,NORTH,US,beauty,Shampoo Set,1,41.7,20%,11.82,Debit,PENDING,28-03-2022
12808,12/28/2024,CUST1542,Kenneth Edwards,kenneth.edwards23@yahoo.com,east,Mexico,Home&Kitchen,Coffee Maker,4,30.4,0,12.27,Debit,Shipped,"April 30, 2022"
ORD-10267,2023-08-03,CUST1592,Jason Love,jason.love68@gmail.com,SOUTH,Canada,TOYS,Board Game,1,14.94,5%,23.64,Credit_Card,Returned,12/22/2021
ORD-10439,24-09-2023,CUST1663,Samuel Turner,samuel.turner51@yahoo.com,Est,Canada,Electronics,Wireless Earbuds,3,156.65,0.15,18.51,gift card,pending,07/26/2023
10488,08/02/2024,CUST1573,Nancy Brown,nancy.brown86@gmail.com,east,canada,Appare,Wool Sweater,-2,24.64,0.2,6.12,CC,DELIVERED,06/25/21
ORD-12729,2024-08-06,CUST1604,Mrs. Virginia Daniels,mrs..at.gmail.com,east,USA,electronics,Wireless Earbuds,2,66.31,0,15.91,GiftCard,pending,07/21/22
11084,"January 17, 2023",CUST1698,Renee Browning,renee.at.gmail.com,EAST,canada,Toy,RC Car,2,21.06,0.1,15.8,PAYPAL,SHIPPED,04/22/2021
ORD-10271,28-Dec-2024,CUST1189,  JESSICA GROSS  ,jessica.gross83@outlook.com,EAST,United States,Appare,Wool Sweater,2,21.62,0,20.88,Debit Card,pending,05-May-2021
ORD-12354,"May 01, 2024",CUST1244,Shannon Rivera,shannon.at.gmail.com,EAST,USA,Toys,RC Car,1,8.38,0,21.09,CREDIT CARD,Deliverd,09/21/2024
10464,2024-05-19,CUST1448,  RYAN ROSALES  ,ryan.rosales51@gmail.com,west,canada,Sports & Outdoors,Water Bottle,1,13.93,0,5.41,PayPal,Cancelled,14-12-2022
ORD-12994,"November 03, 2023",CUST1773,  SAMUEL WONG  ,samuel.wong74@outlook.com,South,US,Beauty,Face Moisturizer,1,17.66,0,,Debit Card,PENDING,01/10/22
ORD-12045,24-04-2024,CUST1716,Steven Rivera,steven.rivera46@outlook.com,NORTH,United States,apparel,Running Shoes,6,55.33,0,23.61,paypal,Deliverd,"September 25, 2023"
ORD-11517,07-08-2024,CUST1720,randy friedman,randy.friedman5@outlook.com, West ,Mexico,toys,Action Figure,3,$67.89,25%,24.8,PayPal,Pending,"January 19, 2024"
ORD-12824,06/05/2024,CUST1188,Madison Poole,madison.poole31@outlook.com,East,canada,Sports,Yoga Mat,5,97.72,,6.22,Debit Card,returned,07/23/21
12974,02/23/2024,CUST1291,Stephanie Byrd,stephanie.byrd9@outlook.com,south,USA,BEAUTY,Shampoo Set,2,12.97,0,16.94,Credit_Card,RETURNED,09/07/2022
ORD-12898,07-Oct-2023,CUST1582,Gregory Peck,gregory.peck54@gmail.com,south,canada,Toys,Board Game,,60.26,0.2,21.67,credit card,shipped,04/29/2023
ORD-13084,2023-03-31,CUST1182,Angela Vaughn,angela.vaughn14@yahoo.com,Central,canada,beauty,Hair Dryer,4,21.85,,9.34,gift card,Canceled,2023-08-24
ORD-13143,2024-07-06,CUST1555,Nicole Gonzalez,nicole.at.gmail.com,SOUTH,Mexico,electronics,USB-C Cable,6,231.05,0.25,24.17,Credit Card,cancelled,12-12-2022
ORD-11572,17-Mar-2023,CUST1419,Jake Campbell,jake.campbell18@outlook.com,West,United States,home & kitchen,Non-stick Pan Set,3,63.55,0,11.25,Credit_Card,Returned,09-09-2022
ORD-11509,16-03-2024,CUST1590,Laurie Sanchez,laurie.sanchez25@hotmail.com,west,canada,Home and Kitchen,Coffee Maker,2,163.84,,23.28,paypal,pending,09-Mar-2022
ORD-12943,"March 12, 2024",CUST1268,Cynthia Rowe,cynthia.rowe9@gmail.com, North,Mexico,toys,Board Game,4,41.14,0.05,5.72,GiftCard,returned,11-Mar-2023
ORD-10319,03/09/24,CUST1054,Shannon Jones,shannon.jones27@outlook.com,Est,Canada,Toys,Puzzle 1000pc,2,63.02,0.05,23.3,Debit Card,Delivered,02-Nov-2023
ORD-12249,01/27/23,CUST1193,Angelica Keith,angelica.keith77@gmail.com,south,canada,beauty,Shampoo Set,1,41.77,0.1,20.78,PayPal,RETURNED,07/22/2022
ORD-11737,07/07/2023,CUST1353,Michael Farrell,michael.farrell43@outlook.com,CENTRAL,Canada,Home & Kitchen,Throw Blanket,-1,138.09,0,7.69,gift card,Delivered,04/07/24
ORD-10715,19-Sep-2024,CUST1798,Bradley Johnson DDS,bradley.dds47@hotmail.com,Sth,Canada,BEAUTY,Shampoo Set,4,41.7,0,,Credit_Card,pending,04/28/2023
ORD-11329,20-02-2024,CUST1547,Julie Herrera,julie.herrera17@outlook.com,North,Canada,toys,Board Game,6,-49.16,0.2,11.73,credit card,Delivered,30-12-2021
ORD-11394,02-08-2024,CUST1542,Kenneth Edwards,kenneth.edwards23@yahoo.com,east,Mexico,Beuty,Hair Dryer,6,28.77,5%,18.84,PAYPAL,Canceled,"April 30, 2022"
ORD-10886,04/28/23,CUST1703,Michael Abbott,michael.abbott57@hotmail.com,North,US,BEAUTY,Lipstick,5,41.15,5%,14.71,CC,delivered,03/21/23
ORD-13081,04/05/24,CUST1100,Sandra Aguilar,sandra.aguilar60@outlook.com,Central,canada,Home&Kitchen,Non-stick Pan Set,1,7761.62,0,12.57,Pay Pal,RETURNED,01/26/2023
12615,"November 12, 2023",CUST1707,Mr. Richard Knight PhD,mr..phd95@outlook.com,Central,United States,Appare,Denim Jacket,3,28.22,0.05,16.51,Gift Card,Delivered,10-Mar-2022
ORD-12253,"December 08, 2024",CUST1014,Dylan Miller,dylan.miller28@outlook.com,west,US,Home & Kitchen,Throw Blanket,5,172.69,0.05,24.29,paypal,Returned,03/12/22
12466,08-Aug-2023,CUST1472,Lori Ingram,lori.ingram64@outlook.com,East,canada,Sports and Outdoors,Hiking Backpack,5,50.41,0,0.15,PAYPAL,Deliverd,24-10-2022
ORD-11481,"November 15, 2024",CUST1610,Samantha Robertson,samantha.robertson39@yahoo.com,Sth,USA,Sports & Outdoors,Camping Tent,2,$70.00,0.1,9.27,debit card,PENDING,"September 08, 2024"
ORD-11126,2024-02-02,CUST1371,Debra White,debra.white54@gmail.com,north,Canada,Electronis,Bluetooth Speaker,2,100.11,5%,,PayPal,delivered,05/08/2022
13078,"March 11, 2023",CUST1610,Samantha Robertson,samantha.robertson39@yahoo.com,SOUTH,USA,Appare,Wool Sweater,5,38.78,0.25,22.31,CREDIT CARD,DELIVERED,"September 08, 2024"
ORD-12080,10/06/2024,CUST1573,Nancy Brown,nancy.brown86@gmail.com,EAST,canada,Sports & Outdoors,Yoga Mat,2,108.77,0,4.6,debit card,cancelled,06/25/21
ORD-10564,2023-05-15,CUST1411,Lisa Hunter,lisa.hunter46@hotmail.com,Central,Mexico,Toy,Building Blocks Set,5,35.7,0.05,6.9,credit card,returned,06/04/2023
10383,"March 27, 2023",CUST1416,Gwendolyn Klein,gwendolyn.klein14@gmail.com,CENTRAL,Canada,Sports & Outdoors,Resistance Bands,2,110.84,0.05,8.36,Gift Card,Shipped,03-07-2021
ORD-12440,07/22/2024,CUST1312,Shannon Ramsey,shannon.ramsey21@outlook.com,East,United States,Home & Kitchen,Air Fryer,6,125.76,20%,7.93,CC,Delivered,03/29/24
ORD-10146,2024-01-18,CUST1052,Crystal Robinson,crystal.robinson71@outlook.com,South,USA,home & kitchen,Throw Blanket,6,136.77,0.2,21.21,CREDIT CARD,Deliverd,2024-09-20
11612,07/29/2023,CUST1664,Renee Melendez,renee.melendez6@gmail.com,Centrl,canada,Sports,Hiking Backpack,3,,0,,paypal,Returned,12-Jul-2023
ORD-10651,14-10-2023,CUST1756,Karen Morales DDS,karen.dds61@hotmail.com,east,United States,Electronics,Smartwatch,6,34.7,0.1,24.76,CREDIT CARD,PENDING,2021-06-30
11336,2021-02-08,CUST1006,Abigail Shaffer,abigail.shaffer45@outlook.com,WEST,canada,Home & Kitchen,Non-stick Pan Set,2,162.23,0,4.49,Debit,Pending,03/30/21
ORD-12333,11/01/2023,CUST1359,Ronald Davis,ronald.davis47@gmail.com,North,canada,Beauty,Shampoo Set,4,$16.69,0,18.04,PayPal,Deliverd,2024-03-01
10598,08-Jan-2024,CUST1394,Tamara Davis,,NORTH,Canada,electronics,Webcam,6,77.04,0.2,22.19,CC,cancelled,06/02/21
ORD-11287,2023-04-11,CUST1132,Mary Marshall,mary.marshall34@yahoo.com,central,United States,Home&Kitchen,Air Fryer,4,,0.15,22.12,CREDIT CARD,Deliverd,2023-05-21
ORD-13082,12/07/2024,CUST1471,Richard Cooper,richard.cooper46@gmail.com,south,US,Home & Kitchen,Non-stick Pan Set,2,92.4,0.05,10.03,CC,PENDING,31-Dec-2023
ORD-12348,01-06-2023,CUST1173,Matthew Harrington,,WEST,USA,Toys,Puzzle 1000pc,6,65.39,0.1,8.72,credit card,RETURNED,"April 11, 2021"
ORD-11528,2023-09-22,CUST1571,Christian Vaughn,christian.vaughn49@outlook.com,Nort,USA,Appare,Running Shoes,1,19.65,0,22.56,PayPal,CANCELLED,18-Jan-2022
ORD-12542,08/03/2023,CUST1441,joann ferguson,joann.ferguson44@gmail.com,South,canada,home & kitchen,Non-stick Pan Set,6,25.13,0.15,22.09,debit card,RETURNED,12/03/21
11431,02/02/2024,CUST1002,Angie Henderson,angie.at.gmail.com,central,Canada,Home&Kitchen,Air Fryer,3,,10%,13.68,Gift Card,Canceled,"April 22, 2022"
ORD-11635,16-Jan-2024,CUST1804,Kimberly Fritz,kimberly.fritz60@outlook.com,SOUTH,Mexico,Home&Kitchen,Air Fryer,3,,0,9.4,CREDIT CARD,DELIVERED,29-Jan-2024
10350,12/15/24,CUST1094,John Whitehead,john.whitehead51@gmail.com, West ,United States,Apparel,Denim Jacket,2,77.49,0,,Credit Card,Shipped,06/21/21
ORD-11089,2024-12-16,CUST1589,Melissa Taylor,melissa.taylor96@hotmail.com,West,canada,Sports,Water Bottle,2,34.38,20%,22.83,Pay Pal,pending,20-10-2022
12172,15-Nov-2023,CUST1081,Mike Allen,mike.allen97@gmail.com,Sth,Mexico,Toys,Puzzle 1000pc,1,66.34,0.1,,CREDIT CARD,Canceled,05/21/2023
10352,29-08-2023,CUST1834,Bonnie Santos,bonnie.santos38@hotmail.com,Sth,canada,apparel,Cotton T-Shirt,3,57.01,,10.88,CC,shipped,"January 24, 2022"
ORD-10984,,CUST1600,Casey Gillespie,casey.gillespie29@outlook.com,EAST,US,home & kitchen,LED Desk Lamp,1,66.24,0,8.52,GiftCard,Pending,30-05-2024
12008,N/A,CUST1197,Spencer Haynes,spencer.haynes14@hotmail.com,Central,Canada,toys,Building Blocks Set,5,22.89,25%,2.07,GiftCard,Canceled,10/29/2023
12886,30-Jun-2023,CUST1552,  DIANA HAYS  ,diana.hays94@outlook.com,NORTH,Mexico,Toys,Puzzle 1000pc,2,23.13,0,3.94,Debit,RETURNED,09/18/2021
ORD-10248,"October 01, 2024",CUST1462,Riley Bryant,riley.bryant76@outlook.com, West ,United States,Sports & Outdoors,Water Bottle,1,138.96,0,7.23,Debit,PENDING,06/03/24
ORD-12044,"October 22, 2023",CUST1752,Michael Fuentes,michael.fuentes72@hotmail.com,Centrl,canada,Toys,Action Figure,2,67.05,,15.88,Gift Card,delivered,02-01-2022
ORD-12996,10/10/23,CUST1522,Hannah Everett,hannah.everett99@yahoo.com,WEST,USA,electronics,USB-C Cable,5,,0.25,19.65,Pay Pal,pending,15-07-2023
12432,23-Aug-2024,CUST1438,Rhonda Martin,rhonda.martin11@gmail.com,East,USA,electronics,Smartwatch,4,210.59,0.25,5.01,gift card,PENDING,18-10-2021
10339,02-Apr-2023,CUST1446,Brenda Wright,brenda.wright69@yahoo.com,SOUTH,US,Home&Kitchen,Coffee Maker,3,$121.43,0,3.97,CREDIT CARD,DELIVERED,20-01-2023
12316,08/15/2024,CUST1579,David Grant,david.grant81@yahoo.com,Est,Mexico,Sports & Outdoors,Hiking Backpack,4,36.55,0.2,16.34,Credit Card,DELIVERED,03-05-2024
11096,23-Jul-2024,CUST1450,Brittany Kim,brittany.kim16@yahoo.com,South,USA,Appare,Cotton T-Shirt,6,62.82,,2.49,Pay Pal,pending,2022-09-18
ORD-12401,30-Oct-2023,CUST1802,Reginald Morrow,reginald.morrow50@outlook.com,east,US,Toys,Board Game,6,36.53,20%,18.96,Pay Pal,SHIPPED,04/15/2022
ORD-12438,04/02/23,CUST1164,Michael Powell,,East,USA,Sports,Water Bottle,4,145.54,0,12.51,PayPal,CANCELLED,25-04-2021
ORD-11016,12/13/2024,CUST1256,Susan Murray MD,susan.md14@gmail.com,SOUTH,USA,Electronis,Wireless Earbuds,5,192.67,0.15,1.24,Credit_Card,delivered,2022-08-07
ORD-12562,07-Feb-2024,CUST1613,David Molina,david.molina96@outlook.com,Est,USA,Toys,Action Figure,4,23.17,0,18.88,Gift Card,Canceled,12-05-2023
11646,22-Apr-2023,CUST1097,Deborah Figueroa,deborah.figueroa96@gmail.com,North,Mexico,Home&Kitchen,Coffee Maker,6,175.34,0,12.17,PAYPAL,DELIVERED,12/18/2022
ORD-10402,"March 22, 2024",CUST1153,Devon Flores,devon.flores62@outlook.com,central,US,Home and Kitchen,Throw Blanket,6,121.15,0,22.08,PAYPAL,PENDING,"November 12, 2022"
ORD-10492,07/09/2023,CUST1236,  ANDREW REYNOLDS  ,,North,canada,sports & outdoors,Hiking Backpack,6,86.26,0.15,15.07,gift card,Returned,2022-08-11
10012,01/25/24,CUST1794,Jerry Brown,jerry.brown58@gmail.com,East,US,Beauty,Sunscreen SPF50,-2,34.58,0.05,10.99,Pay Pal,Pending,"February 20, 2023"
ORD-11058,13-06-2023,CUST1221,Jeremy Dalton,,South,USA,sports & outdoors,Water Bottle,5,$139.68,15%,,debit card,Returned,09/10/2022
12670,10-Oct-2024,CUST1024,Matthew Foster,matthew.foster3@gmail.com,south,Canada,apparel,Wool Sweater,2,17.4,0,,Gift Card,delivered,14-01-2023
ORD-11693,17-Jun-2023,CUST1098,Jessica Smith,,SOUTH,Canada,ELECTRONICS,USB-C Cable,6,97.7,0.25,20.53,gift card,SHIPPED,03/05/2021
ORD-13146,02-09-2023,CUST1784,Margaret Harper,margaret.harper90@outlook.com,Est,US,apparel,Running Shoes,4,16.54,0.25,7.91,CC,cancelled,18-Jan-2023
ORD-11830,10/04/2023,CUST1123,Michelle Harmon,michelle.harmon7@outlook.com,North,US,Beauty,Hair Dryer,,36.89,15%,9.81,Pay Pal,cancelled,2023-09-06
ORD-10107,"August 15, 2024",CUST1478,  CURTIS WILLIAMS  ,curtis.williams30@hotmail.com, North,Canada,Home and Kitchen,Air Fryer,5,21.96,15%,9.4,Gift Card,DELIVERED,2024-09-04
ORD-10476,08-02-2024,CUST1156,Joshua Perry,joshua.perry49@hotmail.com,SOUTH,US,home & kitchen,Air Fryer,4,176.65,0,4.18,Debit Card,CANCELLED,09/21/24
ORD-11356,25-09-2023,CUST1173,  MATTHEW HARRINGTON  ,,WEST,USA,apparel,Running Shoes,3,11.25,0.05,13.22,debit card,Returned,"April 11, 2021"
ORD-11176,"March 09, 2023",CUST1342,anthony harmon,anthony.harmon18@gmail.com,west,Mexico,electronics,Smartwatch,4,115.88,0,3.19,PAYPAL,Delivered,02/02/2024
ORD-12579,08-06-2024,CUST1387,James Padilla,james.padilla40@outlook.com, West ,US,Apparel,Baseball Cap,1,-89.71,0.05,19.91,Debit Card,Pending,"January 07, 2023"
ORD-10320,01/24/23,CUST1593,Randy Smith,randy.smith59@gmail.com,south,USA,Apparel,Wool Sweater,1,12.39,0.15,17.97,debit card,DELIVERED,01/09/23
ORD-12644,06/17/2023,CUST1788,Cesar Wilson,cesar.wilson63@outlook.com,Central,Canada,Appare,Wool Sweater,5,80.4,0.05,20.64,Credit_Card,PENDING,"May 29, 2022"
ORD-12235,"May 26, 2024",CUST1675,Larry Harris,larry.harris21@outlook.com,North,Mexico,TOYS,RC Car,3,34.3,15%,3.48,paypal,Delivered,05/29/2022
ORD-12925,25-Jul-2024,CUST1772,Eric Patrick,eric.patrick44@gmail.com,West,USA,apparel,Denim Jacket,6,31.77,0.05,17.38,CC,cancelled,02/10/2024
ORD-10200,19-Apr-2023,CUST1750,Krista Benton,krista.benton20@hotmail.com,east,USA,toys,Building Blocks Set,1,$11.99,0.2,15.16,credit card,Returned,"August 27, 2024"
ORD-10316,2024-12-19,CUST1235,  KATHRYN SNYDER  ,kathryn.snyder46@gmail.com,west,Canada,Sports and Outdoors,Camping Tent,2,49.4,0,22.45,Gift Card,returned,28-Sep-2022
ORD-10615,20-Aug-2023,CUST1508,joshua vance,joshua.vance87@gmail.com,central,Canada,electronics,Webcam,2,96.71,0,20.26,Pay Pal,pending,01/03/2022
ORD-12046,03/08/24,CUST1498,Meghan Rush,meghan.rush78@gmail.com,SOUTH,Canada,Appare,Cotton T-Shirt,2,41.3,0.1,1.15,PAYPAL,PENDING,09/26/22
ORD-10153,10/08/23,CUST1515,Dr. Kelly Hammond DVM,dr..dvm19@outlook.com,South,canada,toys,Board Game,4,39.58,0,4.0,Debit,Deliverd,2021-07-10
ORD-10103,2024-08-08,CUST1401,Craig Morrison,craig.morrison52@hotmail.com,Sth,USA,electronics,Bluetooth Speaker,6,57.83,0.1,5.96,PayPal,RETURNED,03/03/2024
ORD-10494,21-Mar-2024,CUST1313,Tracy Ballard,tracy.ballard64@hotmail.com, West ,Canada,Home & Kitchen,Throw Blanket,-2,72.35,0,4.98,gift card,shipped,19-10-2023
ORD-10223,07/02/2024,CUST1670,Chelsea Gill,chelsea.gill96@outlook.com,Centrl,Mexico,toys,Puzzle 1000pc,-1,66.28,25%,12.12,debit card,Returned,27-01-2024
12885,"February 01, 2023",CUST1289,Briana Murray,briana.murray28@outlook.com,north,United States,Beauty,Shampoo Set,3,59.3,0.25,11.06,credit card,returned,10/03/2023
12713,26-Jul-2024,CUST1707,Mr. Richard Knight PhD,mr..phd95@outlook.com,Centrl,United States,BEAUTY,Hair Dryer,5,54.92,0,15.9,Debit Card,CANCELLED,10-Mar-2022
ORD-12123,"November 24, 2023",CUST1461,Eric Williams,eric.williams45@gmail.com,South,United States,Beauty,Sunscreen SPF50,1,19.95,0.05,14.18,debit card,RETURNED,2023-06-19
11197,12/30/24,CUST1473,Evelyn Williams,evelyn.williams73@hotmail.com,Nort,Canada,Electronics,Bluetooth Speaker,6,190.41,0.25,23.28,GiftCard,Canceled,12/05/22
13007,07-01-2024,CUST1169,Daniel Murphy,daniel.at.gmail.com,Est,Mexico,Clothing,Denim Jacket,6,56.63,,12.56,CREDIT CARD,Returned,"December 09, 2022"
ORD-10634,06/04/24,CUST1250,Isaiah Avila,isaiah.avila5@outlook.com,Centrl,US,Home&Kitchen,Air Fryer,5,66.99,,14.36,PayPal,RETURNED,06/19/2024
ORD-11076,2024-09-10,CUST1578,Melissa Bishop,melissa.bishop25@yahoo.com,Nort,Mexico,electronics,USB-C Cable,2,9972.66,0.2,4.67,Debit Card,PENDING,29-Mar-2021
ORD-12683,2024-09-18,CUST1822,Jose Ramirez,jose.ramirez2@gmail.com,west,United States,Sports and Outdoors,Camping Tent,1,17.47,25%,3.25,Gift Card,Canceled,25-May-2022
10070,"May 05, 2023",CUST1717,Brenda Hinton,brenda.hinton11@outlook.com,Sth,USA,Electronis,Smartwatch,3,89.2,0.2,6.85,Credit_Card,PENDING,"October 14, 2021"
ORD-12969,05/11/2023,CUST1375,Paul Lewis,paul.lewis19@yahoo.com,EAST,Canada,ELECTRONICS,Laptop Stand,6,25.96,0.05,11.06,PAYPAL,DELIVERED,27-04-2023
11333,16-09-2024,CUST1429,Nancy Jennings,nancy.at.gmail.com,west,United States,Appare,Cotton T-Shirt,5,13.03,0.2,12.16,Gift Card,shipped,04/18/23
12395,08/25/23,CUST1010,Monica Herrera,monica.herrera21@outlook.com,EAST,Mexico,BEAUTY,Lipstick,3,41.03,0,15.27,CREDIT CARD,returned,12/29/2022
ORD-12782,2023-05-29,CUST1617,Jonathan Jacobson,jonathan.jacobson73@hotmail.com,south,Canada,beauty,Lipstick,5,7.4,5%,14.31,debit card,RETURNED,21-10-2021
ORD-12784,07/30/2023,CUST1652,David Robinson,david.robinson10@hotmail.com,east,USA,Beauty,Face Moisturizer,5,,0.1,16.57,PayPal,Cancelled,10/19/2022
ORD-11657,2024-09-12,CUST1080,Kelly Donovan,kelly.donovan50@hotmail.com,SOUTH,Mexico,apparel,Denim Jacket,6,41.46,0.1,21.91,PAYPAL,Deliverd,03/30/2023
ORD-11412,03/10/24,CUST1826,Heather Brown,heather.brown39@yahoo.com,South,Canada,Home & Kitchen,Air Fryer,5,33.02,0.05,20.71,debit card,shipped,2023-01-09
ORD-11409,2024-08-26,CUST1430,Maria Henderson,maria.henderson31@outlook.com,west,US,Sports and Outdoors,Resistance Bands,5,139.45,0,6.65,PayPal,shipped,09/10/2024
ORD-12816,06-Mar-2023,CUST1744,Travis Harris,travis.harris17@gmail.com,CENTRAL,US,home & kitchen,LED Desk Lamp,6,4655.42,0.15,18.1,credit card,pending,22-Aug-2024
ORD-10621,2021-09-16,CUST1465,Jeffrey Mendez,jeffrey.mendez66@gmail.com, North,USA,Toys,Board Game,5,67.43,0.1,22.39,Credit_Card,DELIVERED,05-Oct-2021
ORD-10317,02/20/2024,CUST1617,  JONATHAN JACOBSON  ,jonathan.jacobson73@hotmail.com,South,Canada,toys,RC Car,4,,0.25,21.09,Debit,DELIVERED,21-10-2021
ORD-10423,"May 23, 2024",CUST1371,Debra White,debra.white54@gmail.com,NORTH,Canada,sports & outdoors,Hiking Backpack,2,149.73,0.1,6.28,Gift Card,Delivered,05/08/2022
ORD-10704,2024-07-06,CUST1383,Mr. Andrew Foster,,Centrl,Mexico,toys,Action Figure,3,55.77,10%,22.64,gift card,Shipped,05/30/2021
12881,"October 06, 2023",CUST1137,Courtney Gonzalez,courtney.gonzalez12@yahoo.com, North,Mexico,toys,Building Blocks Set,3,41.05,25%,17.59,PayPal,shipped,"March 24, 2024"
ORD-11011,11-Jun-2023,CUST1516,William Day,william.day48@hotmail.com,north,canada,home & kitchen,Air Fryer,5,42.26,0.05,14.19,PAYPAL,RETURNED,"June 23, 2021"
ORD-11498,19-Oct-2024,CUST1189,Jessica Gross,jessica.gross83@outlook.com,East,United States,home & kitchen,LED Desk Lamp,3,93.94,0,11.83,GiftCard,Canceled,05-May-2021
10252,"October 24, 2024",CUST1550,Kelly Lee,kelly.lee21@hotmail.com,East,United States,Home&Kitchen,Air Fryer,3,99.41,,18.05,PAYPAL,Returned,02-Aug-2024
ORD-10698,08/24/23,CUST1671,Kristin Mendoza,kristin.mendoza27@outlook.com,SOUTH,Mexico,Sports and Outdoors,Camping Tent,1,107.08,0,18.25,Credit_Card,CANCELLED,12/09/22
10660,09-03-2023,CUST1480,Dawn Mullins,dawn.mullins2@outlook.com,South,US,Home&Kitchen,Non-stick Pan Set,4,74.0,0,21.87,CREDIT CARD,DELIVERED,04-Sep-2021
ORD-12740,03/15/24,CUST1108,Evelyn Galvan,evelyn.galvan94@outlook.com, North,USA,Electronics,Laptop Stand,1,111.21,0,11.59,Credit_Card,SHIPPED,10/23/2022
ORD-10785,02/17/24,CUST1447,  SHELLY SPENCER  ,shelly.spencer86@hotmail.com,East,canada,TOYS,RC Car,5,45.16,0,15.66,Debit,RETURNED,12/17/23
ORD-11292,03-Jan-2023,CUST1163,Jeffrey Johnson,jeffrey.johnson98@gmail.com,east,Canada,Electronic,Webcam,3,52.21,0,12.75,PayPal,Returned,06/28/2023
ORD-10377,09/25/2023,CUST1045,Philip Cannon,philip.cannon73@yahoo.com,North,canada,home & kitchen,LED Desk Lamp,3,35.29,0,19.63,GiftCard,Delivered,"March 31, 2024"
ORD-12508,2024-12-01,CUST1332,Jordan Bates,jordan.bates85@hotmail.com,East,United States,sports & outdoors,Hiking Backpack,3,81.99,0,17.1,gift card,SHIPPED,13-Dec-2023
ORD-12558,2023-09-04,CUST1137,Courtney Gonzalez,courtney.gonzalez12@yahoo.com, North,Mexico,Home & Kitchen,LED Desk Lamp,6,142.58,0,2.25,GiftCard,cancelled,"March 24, 2024"
ORD-10407,"January 28, 2024",CUST1036,Sherri Baker,sherri.baker55@yahoo.com,Sth,Canada,Beauty,Hair Dryer,3,12.14,0.15,22.82,gift card,DELIVERED,25-Jul-2022
ORD-11183,"March 19, 2024",CUST1522,Hannah Everett,hannah.everett99@yahoo.com,west,USA,Appare,Baseball Cap,2,21.37,0,13.31,Pay Pal,PENDING,15-07-2023
ORD-10056,"July 12, 2023",CUST1104,Richard Henson,richard.henson39@gmail.com,East,canada,Sports,Yoga Mat,5,58.75,0.1,0.72,credit card,cancelled,2024-03-05
10256,2024-07-04,CUST1068,James Brown,james.brown41@hotmail.com,Nort,US,beauty,Shampoo Set,1,18.48,0,18.58,credit card,shipped,"May 26, 2024"
ORD-13066,2023-10-19,CUST1247,Frank Cordova,frank.cordova55@outlook.com,Est,United States,BEAUTY,Face Moisturizer,3,25.52,5%,11.17,Debit,shipped,07-02-2021
12270,"April 14, 2023",CUST1347,Victor Brown,victor.brown43@outlook.com,CENTRAL,canada,Sports and Outdoors,Hiking Backpack,5,36.02,0.15,18.87,debit card,Canceled,07/20/23
ORD-10141,09/18/23,CUST1167,Alyssa Day,alyssa.day19@yahoo.com,east,US,Electronic,Webcam,2,180.26,0.2,,Debit Card,Returned,08/03/23
ORD-12842,03/13/23,CUST1534,Anthony Gonzales,anthony.gonzales32@outlook.com,central,US,BEAUTY,Hair Dryer,1,10.5,0,4.38,PAYPAL,Delivered,19-Oct-2023
10114,12/14/2023,CUST1511,Curtis Taylor,curtis.taylor32@hotmail.com, West ,United States,TOYS,Puzzle 1000pc,5,69.64,,9.53,Gift Card,shipped,"January 25, 2023"
ORD-12520,12/09/2024,CUST1719,Jeffrey Roberson,,WEST,canada,ELECTRONICS,USB-C Cable,2,27.73,0.25,22.51,Debit Card,SHIPPED,"April 06, 2024"
ORD-12319,"November 08, 2023",CUST1009,Ryan Munoz,ryan.munoz30@gmail.com,west,Mexico,Electronics,USB-C Cable,4,66.66,0.1,13.68,credit card,returned,18-02-2023
ORD-10452,01/14/23,CUST1399,Hannah Luna,hannah.luna90@hotmail.com,North,canada,Toys,RC Car,3,58.71,25%,9.18,debit card,PENDING,2022-01-03
13033,05/17/23,CUST1825,Monica Ellis,monica.ellis94@gmail.com,North,USA,BEAUTY,Sunscreen SPF50,2,16.83,20%,19.04,Pay Pal,RETURNED,"January 31, 2024"
ORD-12041,2023-02-07,CUST1655,Kyle Chambers,kyle.chambers58@outlook.com,Nort,Canada,beauty,Sunscreen SPF50,4,39.26,0.05,19.51,Pay Pal,returned,01-Sep-2021
11603,2024-05-14,CUST1702,  KARL BRANCH  ,karl.branch14@outlook.com,Nort,USA,ELECTRONICS,Bluetooth Speaker,2,183.51,0.25,21.88,Debit Card,pending,"September 10, 2022"
11678,24-Jun-2023,CUST1289,Briana Murray,briana.murray28@outlook.com,north,United States,Beauty,Shampoo Set,6,55.93,0,10.21,debit card,DELIVERED,10/03/2023
ORD-11243,11/29/2023,CUST1771,Mr. Jeffrey Horton,mr..horton90@outlook.com, North,US,home & kitchen,Air Fryer,6,-121.52,0,16.02,Debit,Delivered,24-05-2022
ORD-10413,08/01/24,CUST1806,Zachary Cole,zachary.cole82@outlook.com,Central,United States,Home and Kitchen,Coffee Maker,4,165.09,0.25,7.58,Debit Card,Canceled,13-Dec-2022
13137,10/31/2023,CUST1418,Jeffrey Mills,jeffrey.mills93@yahoo.com,SOUTH,Mexico,Toys,RC Car,5,31.97,0,9.1,Gift Card,Cancelled,"March 17, 2024"
ORD-11568,2024-01-01,CUST1579,David Grant,david.grant81@yahoo.com,East,Mexico,ELECTRONICS,Wireless Earbuds,2,32.11,0,11.78,Credit Card,Delivered,03-05-2024
ORD-12165,12/20/23,CUST1109,Sharon Cochran,sharon.cochran32@hotmail.com,West,USA,Sports,Yoga Mat,4,100.32,0,21.65,debit card,Canceled,"March 13, 2024"
ORD-11838,2023-03-10,CUST1286,Joseph Knight,joseph.knight98@gmail.com,Centrl,USA,Electronics,Laptop Stand,5,143.59,10%,3.72,PAYPAL,Deliverd,03/21/2024
11599,2024-11-03,CUST1530,Marilyn Wang,marilyn.at.gmail.com, North,US,apparel,Denim Jacket,3,69.18,0,20.91,Debit,shipped,2022-11-11
ORD-11606,07/01/24,CUST1480,Dawn Mullins,dawn.mullins2@outlook.com,South,US,toys,Puzzle 1000pc,5,52.24,0.25,11.15,PAYPAL,returned,04-Sep-2021
ORD-10167,23-06-2023,CUST1089,Aimee Montoya,aimee.montoya8@yahoo.com,CENTRAL,Mexico,Home & Kitchen,Air Fryer,2,57.56,0.2,,PAYPAL,PENDING,11-May-2023
ORD-10840,"April 05, 2023",CUST1392,Brian Smith,brian.smith63@hotmail.com,East,United States,beauty,Lipstick,5,53.86,0,1.13,PayPal,Returned,08/02/2023
ORD-11870,03-Sep-2023,CUST1670,Chelsea Gill,chelsea.gill96@outlook.com,Central,Mexico,apparel,Baseball Cap,2,78.79,0,9.36,PAYPAL,SHIPPED,27-01-2024
ORD-10537,13-03-2023,CUST1217,Mark Brown,mark.brown97@gmail.com, West ,Mexico,Clothing,Wool Sweater,3,45.19,0.05,13.61,Gift Card,RETURNED,17-06-2021
ORD-10967,"February 01, 2024",CUST1177,Michael Wang,michael.wang23@yahoo.com,EAST,canada,Home&Kitchen,Air Fryer,4,75.07,0,7.71,Credit_Card,Pending,"September 28, 2021"
ORD-11053,16-11-2024,CUST1785,Laurie Bailey,laurie.bailey17@yahoo.com,East,United States,beauty,Sunscreen SPF50,1,14.51,0.05,21.13,Pay Pal,cancelled,07/24/21
ORD-11423,15-01-2023,CUST1642,Joshua Rice,joshua.rice94@gmail.com,south,Canada,apparel,Cotton T-Shirt,5,79.44,0.25,9.45,gift card,returned,03-02-2023
12759,03-03-2024,CUST1788,Cesar Wilson,cesar.wilson63@outlook.com,CENTRAL,Canada,Home&Kitchen,Throw Blanket,2,-148.7,0.1,13.05,Credit_Card,Pending,"May 29, 2022"
ORD-11816,"July 05, 2024",CUST1484,Jasmine Beltran,jasmine.beltran53@hotmail.com, North,United States,Beauty,Hair Dryer,3,54.3,0,11.87,GiftCard,returned,2022-03-21
ORD-10713,2023-08-29,CUST1053,Mark Perez,mark.perez14@yahoo.com,Central,United States,Home & Kitchen,Coffee Maker,5,53.06,0.05,5.75,paypal,pending,12-07-2022
ORD-11105,"November 13, 2023",CUST1423,mary escobar,mary.escobar80@hotmail.com,East,US,Beuty,Hair Dryer,3,9.26,0,7.96,Debit,Cancelled,06-Nov-2022
11767,06-10-2024,CUST1272,Jonathan Lawrence,jonathan.lawrence90@hotmail.com,Sth,Canada,Beuty,Shampoo Set,3,11.76,15%,24.49,gift card,pending,07/17/2024
11269,27-May-2023,CUST1133,Daniel Kennedy,daniel.kennedy35@yahoo.com,Sth,USA,ELECTRONICS,Laptop Stand,2,247.92,25%,19.7,debit card,PENDING,2021-05-27
ORD-11828,06/17/2024,CUST1475,Julie Dominguez,julie.dominguez1@hotmail.com,Sth,Mexico,Sports and Outdoors,Resistance Bands,5,39.86,0.2,4.03,debit card,Deliverd,02/19/22
ORD-11992,09/30/2023,CUST1368,Renee Bruce,renee.bruce51@yahoo.com,NORTH,USA,sports & outdoors,Resistance Bands,1,123.94,0,12.35,GiftCard,RETURNED,2022-04-02
ORD-12273,06/22/2023,CUST1452,Alexander Brown,alexander.brown24@hotmail.com,Sth,canada,Sports and Outdoors,Resistance Bands,5,145.04,0.2,16.05,PayPal,RETURNED,"July 25, 2024"
12189,06/24/2023,CUST1407,Jeremy Turner,jeremy.turner97@hotmail.com,South,canada,Toy,Action Figure,4,3744.08,0.25,11.44,CC,PENDING,07-06-2021
12489,"April 27, 2023",CUST1489,Lance Simmons,lance.simmons15@yahoo.com,CENTRAL,Canada,Appare,Baseball Cap,2,89.18,0,12.13,gift card,returned,10/21/23
ORD-11452,11/22/2023,CUST1624,Shelley Miller,shelley.miller40@yahoo.com,East,USA,Toys,Action Figure,6,68.95,0.05,15.28,credit card,shipped,2021-05-14
12369,2023-03-14,CUST1389,Scott Williams,scott.williams6@yahoo.com,East,canada,TOYS,Board Game,1,18.75,0,8.82,PayPal,Delivered,2021-10-26
ORD-11242,06/24/2024,CUST1405,Madison Weber,madison.weber89@hotmail.com,North,Mexico,Toy,Puzzle 1000pc,5,11.4,0,15.33,debit card,pending,2022-07-10
ORD-11178,"June 11, 2024",CUST1014,Dylan Miller,dylan.miller28@outlook.com,West,US,Home & Kitchen,LED Desk Lamp,6,-50.74,0.05,24.52,debit card,SHIPPED,03/12/22
ORD-12460,15-May-2023,CUST1672,Felicia Krueger,felicia.krueger23@outlook.com,CENTRAL,US,Toy,Puzzle 1000pc,5,36.35,,18.48,Debit,RETURNED,25-08-2021
ORD-12024,"June 21, 2024",CUST1534,Anthony Gonzales,anthony.gonzales32@outlook.com,Central,US,Sports,Yoga Mat,4,60.89,0,5.58,gift card,PENDING,19-Oct-2023
ORD-10305,17-Jul-2023,CUST1081,Mike Allen,mike.allen97@gmail.com,Sth,Mexico,beauty,Sunscreen SPF50,2,15.17,0.25,17.5,credit card,Canceled,05/21/2023
ORD-11533,01/21/2023,CUST1496,Austin Osborne,austin.osborne51@gmail.com, West ,Mexico,Sports and Outdoors,Yoga Mat,6,$71.82,0,8.84,CC,Returned,09/28/22
ORD-10604,-,CUST1594,Tanya Russell,tanya.russell60@hotmail.com,North,United States,Electronis,Wireless Earbuds,-3,235.49,5%,10.05,Debit,PENDING,2024-07-25
11467,08/19/2023,CUST1619,Elizabeth Mendez,elizabeth.mendez27@yahoo.com,west,Canada,Electronic,Webcam,-2,235.18,0.25,0.57,PayPal,SHIPPED,03/26/2024
12357,"August 19, 2023",CUST1060,Victoria Garcia,victoria.garcia86@gmail.com,west,canada,Electronics,Laptop Stand,1,44.75,0.25,6.99,Debit,SHIPPED,"December 26, 2022"
ORD-12908,10-09-2023,CUST1396,Jennifer Collins,jennifer.collins59@outlook.com,Centrl,US,Toy,RC Car,5,52.6,0.2,,gift card,Returned,"May 04, 2021"
11069,11/03/2024,CUST1632,Robert Cummings,robert.cummings13@outlook.com,SOUTH,US,Toy,Puzzle 1000pc,5,64.05,,20.56,Gift Card,returned,"June 29, 2024"
ORD-10403,21-06-2023,CUST1582,Gregory Peck,gregory.peck54@gmail.com,SOUTH,canada,home & kitchen,Non-stick Pan Set,2,91.01,0.1,18.48,PAYPAL,cancelled,04/29/2023
ORD-11366,2024-02-22,CUST1090,Matthew Mcmillan,,WEST,Canada,Electronis,Laptop Stand,6,124.67,5%,,credit card,Shipped,25-Mar-2024
ORD-11081,06/13/2023,CUST1652,David Robinson,david.robinson10@hotmail.com,East,USA,TOYS,Puzzle 1000pc,4,47.75,0,23.39,paypal,delivered,10/19/2022
ORD-12428,12/18/24,CUST1836,Danielle Watson,danielle.at.gmail.com,Est,USA,Toys,Board Game,1,47.06,0,20.69,gift card,Canceled,14-Nov-2021
10559,26-Mar-2024,CUST1312,Shannon Ramsey,shannon.ramsey21@outlook.com,EAST,United States,Sports & Outdoors,Yoga Mat,6,79.89,0.15,13.96,Gift Card,pending,03/29/24
ORD-10662,24-Nov-2023,CUST1629,Kevin Davis,kevin.davis69@gmail.com, North,Mexico,Electronis,Webcam,6,,0.1,4.9,Gift Card,delivered,2024-05-01
ORD-11904,"December 02, 2024",CUST1133,Daniel Kennedy,daniel.kennedy35@yahoo.com,south,USA,BEAUTY,Shampoo Set,3,20.95,15%,21.4,Credit_Card,Shipped,2021-05-27
ORD-11668,30-10-2024,CUST1030,Rebecca Henderson,rebecca.henderson1@gmail.com,South,Canada,Home&Kitchen,Non-stick Pan Set,6,77.56,0,8.12,Debit,cancelled,2024-07-16
11936,01/29/23,CUST1277,Marie Christian,marie.christian24@hotmail.com,Central,USA,Home and Kitchen,Coffee Maker,5,95.96,0.1,22.01,CREDIT CARD,cancelled,16-10-2023
ORD-12952,"April 27, 2023",CUST1119,Jeffrey Chandler,jeffrey.chandler98@outlook.com,Est,United States,home & kitchen,Coffee Maker,4,57.81,0,2.88,Pay Pal,DELIVERED,07/25/2021
ORD-11116,"December 05, 2023",CUST1386,Adam Burgess,adam.burgess31@outlook.com,West,canada,BEAUTY,Lipstick,3,7.78,0,,Debit Card,cancelled,03-Aug-2022
11923,12/17/2024,CUST1467,William Jones,william.jones87@hotmail.com,central,Mexico,Electronics,Laptop Stand,2,-226.46,0,9.79,paypal,shipped,09/30/2023
ORD-11757,16-03-2024,CUST1838,Michael Young,michael.young3@outlook.com,Est,Mexico,Sports & Outdoors,Yoga Mat,1,23.71,0,7.23,Pay Pal,RETURNED,06/24/2024
ORD-10727,"August 17, 2023",CUST1708,Joseph Williams,joseph.williams29@outlook.com,SOUTH,Mexico,home & kitchen,Non-stick Pan Set,5,139.84,0,22.55,Pay Pal,returned,2022-02-02
ORD-11271,09/13/2024,CUST1703,Michael Abbott,michael.abbott57@hotmail.com,Nort,US,Electronic,USB-C Cable,-3,,0,7.7,credit card,CANCELLED,03/21/23
ORD-11539,"September 12, 2023",CUST1462,Riley Bryant,riley.bryant76@outlook.com,west,United States,Home & Kitchen,Coffee Maker,1,174.69,0,,credit card,SHIPPED,06/03/24
ORD-10189,04/11/2024,CUST1071,Whitney Peters,whitney.peters80@outlook.com,Est,canada,Home & Kitchen,Coffee Maker,1,43.17,0,20.47,paypal,SHIPPED,2024-09-20
ORD-10797,31-05-2023,CUST1500,Jennifer Banks,jennifer.banks45@outlook.com,Sth,Mexico,Home&Kitchen,Non-stick Pan Set,3,165.93,0,19.31,PayPal,CANCELLED,08-12-2021
ORD-10606,29-Jun-2023,CUST1122,April Frost,april.frost74@outlook.com,WEST,USA,home & kitchen,Coffee Maker,4,118.99,0,,paypal,Returned,20-Aug-2023
ORD-13017,"January 10, 2024",CUST1453,Cynthia Vang,cynthia.vang37@yahoo.com,West,canada,apparel,Baseball Cap,3,47.24,0.25,22.09,credit card,SHIPPED,19-01-2022
ORD-13053,05-09-2023,CUST1164,Michael Powell,,EAST,USA,Appare,Running Shoes,6,39.21,0.15,24.82,gift card,Cancelled,25-04-2021
ORD-12904,unknown,CUST1669,Michael Morrison,michael.morrison44@outlook.com,Sth,US,BEAUTY,Lipstick,4,22.8,0.25,7.1,debit card,RETURNED,07/17/2023
ORD-12708,16-Jun-2024,CUST1577,Raymond Le,raymond.le87@yahoo.com,South,United States,apparel,Denim Jacket,5,66.41,0.25,12.45,PAYPAL,Cancelled,04-Sep-2021
10098,22-Jul-2024,CUST1550,Kelly Lee,kelly.lee21@hotmail.com,EAST,United States,toys,Building Blocks Set,2,69.95,5%,13.35,CREDIT CARD,Deliverd,02-Aug-2024
ORD-12191,02/17/2024,CUST1666,David Harris,david.harris75@hotmail.com,Centrl,United States,Sports and Outdoors,Water Bottle,4,46.25,0,13.55,credit card,Deliverd,11/08/2023
ORD-11227,05/07/23,CUST1191,Karen Graham,,South,canada,Sports,Hiking Backpack,6,39.03,0.05,2.64,gift card,Shipped,11/15/2022
ORD-11842,18-Jun-2024,CUST1467,William Jones,william.jones87@hotmail.com,central,Mexico,apparel,Running Shoes,3,79.46,0.05,12.95,Gift Card,CANCELLED,09/30/2023
11719,"December 02, 2024",CUST1332,Jordan Bates,jordan.bates85@hotmail.com,Est,United States,apparel,Denim Jacket,5,31.49,0.2,17.46,Credit Card,DELIVERED,13-Dec-2023
10901,01/20/2024,CUST1516,William Day,william.day48@hotmail.com, North,canada,Beauty,Lipstick,2,42.05,0,8.15,Gift Card,CANCELLED,"June 23, 2021"
ORD-12066,30-08-2024,CUST1813,Michael Roberts,michael.roberts67@outlook.com,Central,USA,apparel,Cotton T-Shirt,3,74.5,0,3.52,PAYPAL,Returned,08/07/22
ORD-12124,,CUST1786,Lisa Cervantes,lisa.cervantes49@yahoo.com,SOUTH,US,ELECTRONICS,Wireless Earbuds,2,59.87,20%,0.8,CREDIT CARD,cancelled,10/26/21
ORD-11820,2023-01-22,CUST1714,Jennifer Jones,jennifer.jones22@gmail.com,South,Mexico,Electronics,Wireless Earbuds,5,67.2,0.15,22.97,Credit_Card,CANCELLED,10/04/2022
ORD-11706,12-09-2023,CUST1743,Valerie Taylor,valerie.taylor79@gmail.com,Nort,Canada,Home&Kitchen,LED Desk Lamp,3,49.04,10%,15.63,Pay Pal,PENDING,"December 25, 2023"
ORD-11313,09-03-2024,CUST1134,Rebecca Jackson,rebecca.jackson73@outlook.com, West ,Mexico,electronics,Smartwatch,5,138.62,0,8.77,gift card,delivered,2023-06-19
ORD-12431,06-10-2023,CUST1809,Heather Page,,East,Canada,beauty,Shampoo Set,6,58.86,0.1,21.56,credit card,PENDING,05-Oct-2023
10336,19-Oct-2023,CUST1345,Theresa Williams,theresa.williams5@yahoo.com,Nort,US,BEAUTY,Hair Dryer,4,46.93,0.1,18.51,PAYPAL,Delivered,05/06/2023
10440,15-11-2023,CUST1268,Cynthia Rowe,cynthia.rowe9@gmail.com, North,Mexico,Home & Kitchen,LED Desk Lamp,4,141.72,0.15,10.11,Gift Card,CANCELLED,11-Mar-2023
ORD-10104,04/08/23,CUST1794,Jerry Brown,jerry.brown58@gmail.com,East,US,Electronis,Smartwatch,4,,0.25,21.25,Gift Card,shipped,"February 20, 2023"
ORD-11206,07-Sep-2024,CUST1259,Mrs. Kristen Reyes,mrs..reyes11@outlook.com,EAST,Canada,Appare,Wool Sweater,5,48.14,0,1.82,CC,SHIPPED,2022-04-05
10520,2023-11-08,CUST1421,Maria Jones,maria.jones10@outlook.com, West ,canada,Sports & Outdoors,Hiking Backpack,5,106.04,0,4.84,PayPal,pending,05/31/2022
ORD-10655,2021-04-29,CUST1624,Shelley Miller,shelley.miller40@yahoo.com,East,USA,Beauty,Sunscreen SPF50,3,59.91,0,17.63,paypal,pending,2021-05-14
11748,10/08/2023,CUST1004,Cristian Santos,cristian.santos1@yahoo.com,EAST,United States,Sports & Outdoors,Camping Tent,N/A,9134.63,0,4.2,GiftCard,Shipped,16-05-2023
10973,12-08-2024,CUST1150,David Wright,david.wright19@hotmail.com,Central,Mexico,electronics,Webcam,5,132.52,0.2,11.73,Debit Card,Deliverd,"January 26, 2022"
12290,2023-02-23,CUST1063,Donald Wright,donald.wright5@hotmail.com,West,USA,toys,Puzzle 1000pc,6,32.52,0.2,10.32,Debit Card,Returned,04/01/2022
ORD-12902,13-Jan-2024,CUST1185,Dr. Hannah Patterson,dr..patterson15@gmail.com,SOUTH,US,Sports,Water Bottle,4,18.34,0,,CREDIT CARD,SHIPPED,"April 26, 2022"
12664,10-Oct-2024,CUST1504,Katherine Martinez,katherine.martinez14@gmail.com,central,Canada,TOYS,Action Figure,2,13.83,15%,20.64,Debit Card,Pending,04/13/22
ORD-12037,12-01-2023,CUST1752,Michael Fuentes,michael.fuentes72@hotmail.com,central,canada,Electronics,Wireless Earbuds,6,174.35,0,23.78,Debit,RETURNED,02-01-2022
ORD-10060,"March 24, 2024",CUST1690,Ryan Landry,ryan.landry58@yahoo.com,central,United States,Sports,Hiking Backpack,4,33.62,0.2,17.84,PAYPAL,returned,"August 08, 2024"
ORD-10150,16-May-2023,CUST1644,edwin nunez,edwin.nunez22@gmail.com,north,United States,Sports & Outdoors,Hiking Backpack,4,83.5,5%,6.73,Pay Pal,Pending,09/29/21
ORD-11458,2024-02-06,CUST1129,Megan Orr,megan.orr21@yahoo.com,Nort,United States,Toys,Board Game,5,63.81,15%,5.93,Credit_Card,pending,"December 22, 2021"
10360,26-10-2024,CUST1017,Derek Zuniga,derek.zuniga18@hotmail.com,NORTH,United States,Sports & Outdoors,Camping Tent,6,26.31,0,19.65,paypal,RETURNED,2021-07-06
ORD-11112,14-03-2024,CUST1636,Timothy Johnson,timothy.johnson43@yahoo.com,Nort,Canada,Sports,Water Bottle,3,96.32,5%,18.99,PayPal,Canceled,2021-01-06
ORD-12889,"May 22, 2023",CUST1738,Mr. David Wright,mr..wright61@hotmail.com,West,canada,sports & outdoors,Hiking Backpack,5,74.48,,18.72,CC,Deliverd,12/16/2021
ORD-10113,06/08/2024,CUST1775,Christopher Moore,christopher.moore80@outlook.com,north,Canada,Sports and Outdoors,Hiking Backpack,4,124.02,0.1,21.32,CREDIT CARD,cancelled,2021-11-16
10205,12-01-2024,CUST1118,Victor Baker,victor.baker98@yahoo.com,West,USA,apparel,Cotton T-Shirt,1,28.17,0,1.42,Gift Card,Returned,01/28/2022
ORD-13057,"July 23, 2024",CUST1011,Jamie Arnold,jamie.arnold83@gmail.com,south,canada,Electronics,Webcam,3,62.9,0.05,6.09,Gift Card,DELIVERED,06/01/24
ORD-10204,13-05-2023,CUST1082,Michael Evans,michael.evans7@yahoo.com,Sth,US,beauty,Lipstick,2,6.18,0.05,1.3,GiftCard,CANCELLED,06-Sep-2021
11846,24-11-2024,CUST1475,Julie Dominguez,julie.dominguez1@hotmail.com,SOUTH,Mexico,Electronis,Smartwatch,6,167.89,0.25,11.45,debit card,delivered,02/19/22
10565,26-Aug-2024,CUST1768,Jason Nixon,jason.nixon97@outlook.com,West,canada,Toys,Board Game,6,68.62,0,21.14,GiftCard,returned,07/29/23
ORD-12819,"October 27, 2023",CUST1255,Kristen Davis,kristen.davis78@yahoo.com,west,USA,Home and Kitchen,Coffee Maker,2,165.59,0.2,17.95,GiftCard,Canceled,2022-05-28
ORD-10777,"June 11, 2024",CUST1362,bryan gomez,bryan.gomez66@hotmail.com,Nort,canada,Sports,Water Bottle,1,97.28,0,21.08,Credit Card,delivered,"July 25, 2023"
ORD-12821,08/18/23,CUST1564,Molly Watts,molly.watts21@gmail.com,SOUTH,United States,Electronic,Webcam,5,36.66,0,24.6,debit card,delivered,27-07-2021
ORD-12476,19-May-2024,CUST1671,Kristin Mendoza,kristin.mendoza27@outlook.com,SOUTH,Mexico,Toys,Action Figure,4,40.73,0.2,10.84,Debit,SHIPPED,12/09/22
ORD-11138,04/22/2023,CUST1509,Michelle Ho,michelle.ho9@hotmail.com,east,Canada,TOYS,RC Car,3,20.17,0,16.55,PayPal,Canceled,02-08-2022
12414,21-Jun-2023,CUST1248,Jose Travis,jose.travis44@hotmail.com,Sth,United States,ELECTRONICS,Webcam,6,73.69,0,3.38,PayPal,CANCELLED,01/29/2022
ORD-10327,"December 15, 2024",CUST1741,Manuel Brock,manuel.brock50@yahoo.com,SOUTH,canada,Apparel,Running Shoes,4,44.14,0.1,1.1,Debit Card,RETURNED,2021-08-11
12084,10/09/2023,CUST1351,Kimberly Nguyen,kimberly.nguyen12@hotmail.com,SOUTH,US,Electronics,Webcam,2,119.08,15%,5.84,PAYPAL,pending,07/15/2021
10772,"February 18, 2023",CUST1545,Cindy Gomez,,CENTRAL,United States,BEAUTY,Lipstick,3,-46.21,,14.94,credit card,PENDING,04/26/2021
10671,-,CUST1766,Raymond Chapman,raymond.chapman14@gmail.com,EAST,Canada,Beauty,Face Moisturizer,6,$36.19,0.25,8.22,Credit Card,Deliverd,28-10-2023
ORD-11327,03/12/2023,CUST1472,Lori Ingram,lori.ingram64@outlook.com,east,canada,ELECTRONICS,Webcam,2,192.72,0,10.08,GiftCard,Pending,24-10-2022
12813,11/04/2023,CUST1384,Aimee Turner,aimee.turner28@hotmail.com,Est,Canada,Sports,Water Bottle,3,79.27,0,,CC,Delivered,04-03-2022
ORD-11841,15-05-2024,CUST1823,Jackie Clements,jackie.clements5@yahoo.com,North,canada,beauty,Face Moisturizer,3,31.95,15%,4.63,debit card,Canceled,08/02/23
11257,2023-11-25,CUST1249,Kimberly Gutierrez,kimberly.at.gmail.com,central,Mexico,Beauty,Lipstick,-2,39.33,0.05,11.92,credit card,RETURNED,"July 27, 2021"
10700,2024-10-15,CUST1619,Elizabeth Mendez,elizabeth.mendez27@yahoo.com,WEST,Canada,TOYS,Action Figure,3,69.09,0.05,3.64,PayPal,Shipped,03/26/2024
11091,12/28/2024,CUST1012,Lisa Hensley,lisa.hensley21@hotmail.com,central,United States,Appare,Denim Jacket,1,40.75,,4.14,Debit Card,pending,17-02-2023
ORD-11046,29-10-2024,CUST1835,  TIMOTHY HILL  ,timothy.hill94@hotmail.com,Central,United States,Apparel,Cotton T-Shirt,5,30.33,0,14.34,Debit Card,returned,"July 18, 2022"
ORD-11340,07/26/24,CUST1214,Julie Alexander,julie.alexander73@hotmail.com, North,Canada,beauty,Hair Dryer,5,51.69,0,12.91,Gift Card,RETURNED,05/23/2021
ORD-12381,02/27/24,CUST1780,Christine Goodwin,christine.goodwin51@yahoo.com,Centrl,US,Home and Kitchen,Throw Blanket,-3,30.93,25%,6.86,Gift Card,Returned,2023-07-26
ORD-12355,25-Jul-2024,CUST1022,Ethan Adams,ethan.adams81@outlook.com,CENTRAL,United States,ELECTRONICS,Laptop Stand,5,218.1,0.15,4.52,Debit,returned,"August 01, 2024"
10028,03/28/2023,CUST1673,Timothy Hayden,timothy.hayden86@hotmail.com, West ,Canada,Toy,Action Figure,5,19.52,0.25,23.16,PayPal,Deliverd,30-12-2023
ORD-10101,20-05-2024,CUST1310,Dr. Paul Morgan,dr..morgan31@hotmail.com,west,United States,electronics,Webcam,6,111.1,0,18.65,debit card,Shipped,08-09-2021
10580,05/20/2024,CUST1473,Evelyn Williams,evelyn.williams73@hotmail.com,Nort,Canada,Electronis,Bluetooth Speaker,4,100.05,0.1,4.16,Pay Pal,CANCELLED,12/05/22
ORD-11156,16-02-2023,CUST1621,Lisa Perry,,east,Canada,toys,Puzzle 1000pc,2,23.32,0.1,15.01,Debit Card,Shipped,12/30/2023
ORD-10758,12/30/24,CUST1496,Austin Osborne,austin.osborne51@gmail.com, West ,Mexico,Electronis,Webcam,1,143.52,0.1,21.78,gift card,CANCELLED,09/28/22
ORD-12499,01/22/2024,CUST1077,Megan Young,megan.young80@outlook.com,EAST,United States,Sports,Resistance Bands,3,60.8,0,7.97,CC,RETURNED,07/11/2021
ORD-10542,10/05/23,CUST1807,Robert Gonzales,robert.gonzales57@outlook.com,EAST,United States,Apparel,Baseball Cap,4,53.87,5%,2.36,CC,Delivered,20-Jan-2023
ORD-10215,04/14/2023,CUST1567,Lauren Jackson,lauren.jackson47@gmail.com,East,Mexico,toys,Building Blocks Set,6,32.94,0,8.42,Credit Card,DELIVERED,2023-05-26
12773,06/14/2023,CUST1754,Dana Hopkins,dana.hopkins30@hotmail.com,South,canada,toys,Board Game,4,13.75,0,24.91,Debit Card,SHIPPED,2021-11-28
ORD-11664,2024-02-12,CUST1182,Angela Vaughn,angela.vaughn14@yahoo.com,Central,canada,Beauty,Sunscreen SPF50,4,56.1,0,11.31,GiftCard,Cancelled,2023-08-24
11284,09/02/24,CUST1483,Steve Paul,steve.paul2@yahoo.com,Sth,Mexico,Toys,Building Blocks Set,1,57.39,0.15,2.77,Credit Card,pending,21-06-2023
ORD-11213,07/24/2024,CUST1341,Cynthia Morris,cynthia.morris7@gmail.com,west,Canada,Home & Kitchen,Coffee Maker,5,15.42,0,6.52,debit card,Shipped,27-04-2023
ORD-10047,17-01-2024,CUST1696,Joseph Hill,joseph.hill14@yahoo.com,West,Mexico,sports & outdoors,Resistance Bands,4,12323.14,0,23.96,Credit Card,Canceled,01/07/24
ORD-10873,12-Dec-2024,CUST1727,Nancy Stewart,,north,Mexico,Electronics,USB-C Cable,3,46.12,0.05,2.69,Debit,Shipped,21-08-2024
12001,2024-01-20,CUST1571,Christian Vaughn,christian.vaughn49@outlook.com,NORTH,USA,Beuty,Hair Dryer,2,43.63,0.25,24.46,debit card,pending,18-Jan-2022
11872,03/27/2024,CUST1823,jackie clements,jackie.clements5@yahoo.com,Nort,canada,Sports and Outdoors,Camping Tent,2,-43.75,0.1,23.39,Gift Card,cancelled,08/02/23
ORD-10677,11/27/2023,CUST1833,Tyler Harris,tyler.harris46@yahoo.com,WEST,Mexico,Electronics,Bluetooth Speaker,5,165.59,15%,15.11,Debit Card,DELIVERED,2022-05-29
ORD-12183,02-06-2023,CUST1173,Matthew Harrington,,west,USA,ELECTRONICS,Webcam,4,-154.26,0.15,2.68,Debit,Canceled,"April 11, 2021"
10013,04/19/24,CUST1055,Michael Lewis,michael.at.gmail.com,North,Canada,apparel,Wool Sweater,3,46.07,0.1,3.09,Credit_Card,Returned,18-05-2023
12205,"October 10, 2024",CUST1577,Raymond Le,raymond.le87@yahoo.com,south,United States,sports & outdoors,Resistance Bands,2,83.33,0,13.53,Credit_Card,Deliverd,04-Sep-2021
13014,11-04-2024,CUST1281,Tammie Bright,tammie.bright94@outlook.com,East,Mexico,sports & outdoors,Hiking Backpack,3,36.1,0,,PayPal,DELIVERED,13-Jun-2024
ORD-10642,10/16/2024,CUST1014,Dylan Miller,dylan.miller28@outlook.com,WEST,US,Beauty,Shampoo Set,1,19.86,0.15,15.01,debit card,shipped,03/12/22
11777,09/13/2024,CUST1131,Dustin Jordan,dustin.jordan30@outlook.com,west,Canada,ELECTRONICS,Webcam,4,54.96,0.25,20.5,GiftCard,cancelled,08/03/22
11170,"April 03, 2024",CUST1000,Allison Hill,allison.hill4@outlook.com,Sth,Mexico,Electronis,USB-C Cable,2,68.99,0.05,5.27,Credit_Card,pending,05/17/2022
ORD-11621,2023-05-12,CUST1132,Mary Marshall,mary.marshall34@yahoo.com,Centrl,United States,sports & outdoors,Camping Tent,6,90.08,0,14.25,gift card,cancelled,2023-05-21
ORD-10066,N/A,CUST1411,Lisa Hunter,lisa.hunter46@hotmail.com,Centrl,Mexico,Clothing,Running Shoes,5,52.62,10%,17.13,PAYPAL,pending,06/04/2023
ORD-10470,2023-05-10,CUST1474,Robin Thompson,robin.at.gmail.com,NORTH,United States,apparel,Baseball Cap,1,25.12,0.05,22.75,CREDIT CARD,Shipped,2023-07-31
11211,11-Mar-2024,CUST1311,Victor Taylor,victor.taylor7@outlook.com,WEST,United States,Clothing,Denim Jacket,6,$61.00,25%,12.37,paypal,Shipped,"February 26, 2023"
ORD-10548,19-08-2023,CUST1055,Michael Lewis,michael.at.gmail.com,north,Canada,Appare,Denim Jacket,6,41.78,0.05,7.63,gift card,CANCELLED,18-05-2023
11731,"January 16, 2024",CUST1303,Sara Fuller,,EAST,Mexico,Beuty,Sunscreen SPF50,1,32.88,10%,18.28,Gift Card,cancelled,"August 06, 2024"
11722,2024-04-09,CUST1412,Julian Conner,julian.conner99@outlook.com, North,Canada,apparel,Wool Sweater,5,15.34,0,1.98,CC,CANCELLED,05/20/22
ORD-10834,25-06-2024,CUST1016,Holly Wood,holly.wood69@outlook.com,central,US,Clothing,Wool Sweater,2,29.36,0,12.01,Debit Card,delivered,12-Apr-2024
ORD-11743,10/07/23,CUST1362,Bryan Gomez,bryan.gomez66@hotmail.com,North,canada,BEAUTY,Face Moisturizer,5,28.6,10%,9.65,Debit Card,Pending,"July 25, 2023"
ORD-10783,23-Apr-2023,CUST1754,Dana Hopkins,dana.hopkins30@hotmail.com,South,canada,TOYS,Action Figure,6,25.41,0.25,9.54,CC,shipped,2021-11-28
ORD-13064,03/15/2024,CUST1512,Allison Spencer,allison.spencer70@yahoo.com,WEST,Canada,toys,RC Car,1,37.8,0,16.0,debit card,SHIPPED,2021-11-05
12173,11-10-2023,CUST1775,Christopher Moore,christopher.moore80@outlook.com,north,Canada,beauty,Hair Dryer,3,5.18,20%,4.46,Debit Card,delivered,2021-11-16
ORD-11017,2024-01-02,CUST1078,Steve Sanchez,steve.sanchez19@gmail.com,West,canada,Home & Kitchen,Coffee Maker,5,63.03,0,13.22,Pay Pal,delivered,04/05/2021
ORD-10927,02/11/2023,CUST1488,Bobby Guerrero,bobby.guerrero25@hotmail.com,north,United States,electronics,USB-C Cable,3,244.24,0.15,5.57,CC,Deliverd,08/29/22
ORD-10854,"October 01, 2024",CUST1472,Lori Ingram,lori.ingram64@outlook.com,east,canada,Home and Kitchen,LED Desk Lamp,6,64.71,0.25,2.82,Credit Card,Returned,24-10-2022
ORD-10231,01/30/24,CUST1246,Krista Gibson,krista.gibson83@outlook.com,CENTRAL,Canada,Beauty,Hair Dryer,4,44.12,0,22.49,paypal,DELIVERED,09/19/21
11217,29-01-2024,CUST1637,Randy Cannon,randy.cannon86@hotmail.com,central,Canada,Home&Kitchen,Non-stick Pan Set,4,122.16,0,3.5,debit card,returned,2021-11-02
ORD-12841,06/05/2023,CUST1160,Paul Castaneda,paul.at.gmail.com,CENTRAL,US,TOYS,Building Blocks Set,3,25.61,5%,24.29,GiftCard,Shipped,11/04/22
ORD-12789,24-Dec-2023,CUST1752,Michael Fuentes,michael.fuentes72@hotmail.com,Central,canada,apparel,Denim Jacket,3,$49.17,0.2,12.01,gift card,Delivered,02-01-2022
ORD-10137,"December 13, 2023",CUST1053,Mark Perez,mark.perez14@yahoo.com,Centrl,United States,Apparel,Cotton T-Shirt,6,49.09,0.2,16.33,PayPal,Delivered,12-07-2022
ORD-11957,"July 03, 2023",CUST1083,Paul Jones,paul.jones72@outlook.com,Central,US,Home & Kitchen,Throw Blanket,2,$148.71,0,4.69,debit card,DELIVERED,"June 26, 2023"
10116,07/31/2023,CUST1070,Jordan Henderson,jordan.henderson69@yahoo.com, North,Mexico,Appare,Baseball Cap,5,67.34,25%,11.51,Credit Card,RETURNED,16-Jan-2023
10609,"September 10, 2024",CUST1039,  BRITTANY FARMER  ,brittany.farmer52@gmail.com,Nort,US,electronics,Smartwatch,1,153.74,0,4.61,GiftCard,Shipped,04-Dec-2021
ORD-11779,11-10-2024,CUST1227,Michael Warner,michael.warner12@hotmail.com,West,canada,Apparel,Running Shoes,6,24.68,0,9.37,Debit Card,Deliverd,08/05/2021
ORD-12163,2024-02-27,CUST1402,  MARY THOMPSON  ,mary.thompson11@gmail.com, West ,US,Electronis,Bluetooth Speaker,4,128.06,25%,,GiftCard,Pending,11-Jul-2021
ORD-11644,08/11/24,CUST1462,Riley Bryant,riley.bryant76@outlook.com,WEST,United States,sports & outdoors,Resistance Bands,2,63.88,0,,Pay Pal,returned,06/03/24
ORD-10358,10/04/2023,CUST1003,Daniel Wagner,daniel.wagner92@hotmail.com,Central,USA,Beuty,Hair Dryer,2,48.4,0,,Credit Card,cancelled,28-Mar-2022
11082,06/08/2023,CUST1558,Larry Robertson,larry.robertson94@hotmail.com,West,US,beauty,Lipstick,1,3833.61,0.15,22.44,PayPal,pending,07-Dec-2021
ORD-10950,15-Sep-2024,CUST1801,Krista Wilson,krista.wilson11@gmail.com,Sth,Canada,Sports and Outdoors,Hiking Backpack,5,93.55,0.2,1.15,gift card,Pending,"June 22, 2022"
ORD-10505,2023-09-28,CUST1615,Matthew Schwartz,matthew.schwartz10@hotmail.com,north,Mexico,Beuty,Shampoo Set,1,56.21,,9.63,Pay Pal,SHIPPED,"February 03, 2022"
12277,03/09/24,CUST1270,Jasmin Alvarado,jasmin.alvarado85@gmail.com,East,United States,Beuty,Sunscreen SPF50,6,16.22,5%,2.16,gift card,Pending,04/06/24
ORD-12865,13-Nov-2024,CUST1605,Todd Rosales MD,todd.md92@outlook.com,Centrl,United States,ELECTRONICS,Bluetooth Speaker,6,220.72,0.15,22.91,PAYPAL,Pending,01/21/2022
ORD-10748,"January 07, 2024",CUST1601,Jennifer Simpson DVM,jennifer.dvm45@hotmail.com,WEST,USA,Toys,Action Figure,3,47.44,0.05,12.71,credit card,CANCELLED,06/01/2022
ORD-10418,04/28/2023,CUST1703,michael abbott,michael.abbott57@hotmail.com,north,US,electronics,Bluetooth Speaker,5,47.16,0.05,10.07,Debit Card,Delivered,03/21/23
ORD-13083,"September 17, 2023",CUST1690,Ryan Landry,ryan.landry58@yahoo.com,CENTRAL,United States,Clothing,Wool Sweater,4,60.35,0.05,19.57,Debit Card,delivered,"August 08, 2024"
11052,2024-07-31,CUST1487,Samantha Gardner,samantha.gardner37@gmail.com,South,canada,Beuty,Shampoo Set,2,-39.25,0,4.82,PayPal,RETURNED,10-09-2024
ORD-10859,"May 22, 2023",CUST1459,Ruben Dunn,ruben.dunn70@outlook.com,West,canada,Sports and Outdoors,Resistance Bands,3,98.09,0,0.46,PayPal,Delivered,2024-01-16
ORD-11903,26-Feb-2023,CUST1763,Jessica Smith,jessica.smith76@yahoo.com,NORTH,Canada,Apparel,Cotton T-Shirt,4,75.85,,11.09,credit card,Returned,2023-11-27
ORD-10939,09/25/2024,CUST1620,Casey Hernandez,casey.hernandez56@hotmail.com,WEST,US,electronics,Bluetooth Speaker,6,30.37,0.15,5.8,PAYPAL,shipped,07-Apr-2023
ORD-10976,"April 10, 2024",CUST1273,Shelly Alexander,shelly.alexander59@gmail.com,NORTH,United States,sports & outdoors,Hiking Backpack,3,82.46,0.05,21.94,debit card,Cancelled,08/24/2022
10930,07/29/23,CUST1212,Melissa Martinez,melissa.martinez72@gmail.com,east,Canada,apparel,Cotton T-Shirt,1,52.99,0.25,0.32,Gift Card,Pending,06/01/24
13043,05/18/2023,CUST1736,Charles Turner,charles.turner19@gmail.com,south,canada,Electronic,Wireless Earbuds,5,62.01,0.15,20.64,PayPal,SHIPPED,07-12-2021
ORD-11078,"October 04, 2024",CUST1160,Paul Castaneda,paul.at.gmail.com,CENTRAL,US,Toy,Building Blocks Set,1,8.88,0,8.55,GiftCard,pending,11/04/22
ORD-10539,19-09-2023,CUST1302,Megan Le,megan.le85@outlook.com, North,Canada,Electronics,Wireless Earbuds,6,163.39,15%,,PayPal,delivered,2024-02-29
12801,08/28/23,CUST1785,Laurie Bailey,laurie.bailey17@yahoo.com,East,United States,Sports & Outdoors,Camping Tent,5,92.84,0,11.24,Credit Card,Deliverd,07/24/21
11551,21-02-2024,CUST1191,Karen Graham,,Sth,canada,Beuty,Shampoo Set,-1,59.6,0.2,24.56,GiftCard,PENDING,11/15/2022
10946,"May 22, 2024",CUST1365,Kenneth Lewis,kenneth.lewis9@hotmail.com, West ,United States,apparel,Cotton T-Shirt,1,75.28,0.2,14.27,GiftCard,DELIVERED,06-03-2021
ORD-11877,11-12-2023,CUST1770,Jesse Clark,jesse.clark29@yahoo.com,east,canada,beauty,Hair Dryer,3,57.11,5%,19.78,debit card,DELIVERED,09-Oct-2022
ORD-13021,2023-06-23,CUST1627,Laura Hernandez,laura.hernandez94@yahoo.com,NORTH,canada,beauty,Shampoo Set,2,-56.53,,15.93,Credit_Card,DELIVERED,03/09/22
ORD-12753,14-12-2024,CUST1734,Steven Stein,steven.stein62@yahoo.com,WEST,Canada,toys,Building Blocks Set,3,23.51,0.25,5.87,Debit Card,delivered,04/24/2024
ORD-10295,"September 09, 2023",CUST1025,Judy Baker,judy.baker73@gmail.com,west,Canada,BEAUTY,Face Moisturizer,1,44.63,0,9.53,Credit_Card,Shipped,06/25/21
13136,02/18/23,CUST1227,Michael Warner,michael.warner12@hotmail.com, West ,canada,toys,Puzzle 1000pc,2,33.75,25%,1.43,credit card,returned,08/05/2021
10405,2021-02-05,CUST1501,Brian Fitzgerald,brian.fitzgerald35@gmail.com,WEST,USA,Home and Kitchen,Air Fryer,1,34.8,,4.98,paypal,Returned,02-03-2021
ORD-10923,07-01-2024,CUST1246,Krista Gibson,krista.gibson83@outlook.com,Centrl,Canada,Appare,Denim Jacket,4,$90.00,25%,15.81,paypal,Canceled,09/19/21
ORD-12892,30-09-2024,CUST1451,Courtney Hayes,courtney.hayes66@hotmail.com,SOUTH,canada,apparel,Cotton T-Shirt,2,64.05,0,22.6,gift card,delivered,"May 07, 2023"
12724,26-Jul-2023,CUST1064,Jessica Callahan,jessica.callahan30@yahoo.com,SOUTH,US,TOYS,Board Game,3,13.8,0.05,5.22,Credit_Card,DELIVERED,02/18/21
12439,2024-03-07,CUST1097,  DEBORAH FIGUEROA  ,deborah.figueroa96@gmail.com,north,Mexico,Toy,Building Blocks Set,3,52.07,0.1,17.46,Gift Card,returned,12/18/2022
ORD-12852,2024-07-26,CUST1713,Laurie Goodwin,laurie.goodwin89@yahoo.com,East,USA,Apparel,Running Shoes,4,87.12,0,18.15,Debit Card,Shipped,"March 04, 2024"
11582,01-12-2023,CUST1496,  AUSTIN OSBORNE  ,austin.osborne51@gmail.com, West ,Mexico,home & kitchen,Air Fryer,2,167.39,0.15,1.26,gift card,shipped,09/28/22
ORD-11548,04/27/24,CUST1300,Tanner Mitchell DDS,tanner.dds36@yahoo.com,central,canada,TOYS,Puzzle 1000pc,2,21.86,0.15,15.68,Credit_Card,shipped,04-07-2024
ORD-10711,05/21/24,CUST1159,Jamie Smith,jamie.smith34@outlook.com, West ,Mexico,Home and Kitchen,LED Desk Lamp,6,69.96,0,17.23,Debit Card,shipped,06/30/24
ORD-10672,"September 10, 2023",CUST1791,Cody Reid,cody.reid33@outlook.com,North,USA,electronics,Bluetooth Speaker,6,73.27,0.15,,PayPal,Delivered,10-Feb-2021
ORD-10510,06/11/2023,CUST1028,Zachary Hicks,zachary.hicks86@outlook.com,WEST,Canada,Sports and Outdoors,Yoga Mat,6,108.16,0.1,18.07,Debit Card,pending,"June 17, 2023"
ORD-12010,"July 02, 2023",CUST1514,Angelica Parker,angelica.parker14@yahoo.com, West ,US,Sports and Outdoors,Camping Tent,2,,0.2,24.38,Pay Pal,pending,12/22/2023
11580,2023-02-11,CUST1346,Sharon Boyd,sharon.boyd24@outlook.com,East,canada,electronics,Bluetooth Speaker,3,5045.4,0.05,20.81,Credit_Card,Shipped,2021-03-18
ORD-13049,2023-04-29,CUST1743,Valerie Taylor,valerie.taylor79@gmail.com,Nort,Canada,Sports,Resistance Bands,5,65.44,0,4.04,Gift Card,Shipped,"December 25, 2023"
ORD-11622,07/22/2024,CUST1448,Ryan Rosales,ryan.rosales51@gmail.com,West,canada,Sports & Outdoors,Yoga Mat,6,128.36,,20.95,GiftCard,cancelled,14-12-2022
11484,"January 12, 2024",CUST1799,Donald Medina,donald.medina31@outlook.com,Sth,US,Electronis,Laptop Stand,1,$247.15,0.15,13.02,credit card,DELIVERED,06/13/2021
10348,"February 22, 2023",CUST1510,Rebecca Hicks,rebecca.hicks2@outlook.com,Central,USA,apparel,Denim Jacket,4,29.9,0,4.06,GiftCard,DELIVERED,15-02-2022
ORD-12783,"June 07, 2024",CUST1641,martha bailey,martha.bailey85@yahoo.com,WEST,canada,beauty,Hair Dryer,3,48.46,0.25,7.77,debit card,Shipped,05-11-2022
ORD-12399,15-Nov-2023,CUST1825,Monica Ellis,monica.ellis94@gmail.com,North,USA,Toy,Action Figure,1,10.79,0.05,8.24,Debit Card,Pending,"January 31, 2024"
12014,09/24/23,CUST1640,Michael Stanley,michael.stanley41@hotmail.com, North,Canada,beauty,Face Moisturizer,5,54.16,0,15.94,PayPal,Returned,2021-08-26
ORD-10553,2023-01-03,CUST1092,Denise Jacobs,denise.jacobs63@yahoo.com,West,Canada,Sports and Outdoors,Camping Tent,6,113.9,0.05,13.54,Pay Pal,Shipped,13-Jul-2022
ORD-11611,12/22/24,CUST1311,Victor Taylor,victor.taylor7@outlook.com,WEST,United States,Sports,Yoga Mat,5,,0,23.5,Debit,shipped,"February 26, 2023"
ORD-10183,21-Dec-2023,CUST1425,Gregory Ponce,gregory.ponce41@yahoo.com,Est,Mexico,Beauty,Sunscreen SPF50,1,$55.08,0,,CREDIT CARD,Pending,27-03-2023
11610,12/10/23,CUST1281,Tammie Bright,tammie.bright94@outlook.com,East,Mexico,Sports and Outdoors,Camping Tent,6,103.0,0.25,11.87,GiftCard,shipped,13-Jun-2024
11996,04/13/2023,CUST1599,Susan Thompson,susan.thompson99@gmail.com,South,canada,home & kitchen,LED Desk Lamp,6,165.67,15%,20.04,Gift Card,Delivered,08/29/2023
ORD-11673,"March 04, 2024",CUST1707,Mr. Richard Knight PhD,mr..phd95@outlook.com,Centrl,United States,BEAUTY,Sunscreen SPF50,5,25.92,0.1,23.83,GiftCard,Shipped,10-Mar-2022
ORD-11717,2023-12-23,CUST1201,Ricky Davis II,ricky.ii71@outlook.com,CENTRAL,USA,Electronis,Bluetooth Speaker,3,49.13,0.2,6.43,PAYPAL,returned,"February 20, 2023"
ORD-13035,23-Jul-2024,CUST1132,Mary Marshall,mary.marshall34@yahoo.com,CENTRAL,United States,home & kitchen,Coffee Maker,3,106.79,0,13.25,PayPal,Cancelled,2023-05-21
10871,22-Apr-2024,CUST1667,Tammy Boone,tammy.boone17@gmail.com,central,canada,Home & Kitchen,Air Fryer,3,$79.00,0.2,15.1,Debit,RETURNED,03/05/23
ORD-11489,10/01/24,CUST1409,Jesse Brown,jesse.brown65@outlook.com,WEST,United States,Toy,Action Figure,-3,44.57,10%,22.79,PAYPAL,Shipped,2021-04-20
ORD-11985,2023-02-06,CUST1483,Steve Paul,steve.paul2@yahoo.com,SOUTH,Mexico,TOYS,RC Car,1,60.95,0,,Gift Card,RETURNED,21-06-2023
12158,29-Apr-2024,CUST1041,Fred Smith,fred.smith20@yahoo.com,NORTH,canada,toys,Puzzle 1000pc,2,$36.03,0,9.66,debit card,Cancelled,08/31/2022
13119,2023-09-18,CUST1082,Michael Evans,michael.evans7@yahoo.com,south,US,BEAUTY,Hair Dryer,1,5.23,0.2,12.0,Debit,shipped,06-Sep-2021
11699,07/17/2023,CUST1749,Leslie Gardner,,Est,US,Home&Kitchen,Throw Blanket,1,169.36,0,10.46,Credit_Card,pending,09/02/2024
ORD-12840,07/22/23,CUST1544,Mr. Alexander Landry MD,mr..md25@hotmail.com,SOUTH,US,beauty,Sunscreen SPF50,6,16.52,20%,3.12,debit card,Returned,16-01-2024
ORD-10766,05/31/23,CUST1800,Jim Newton,jim.newton9@hotmail.com,north,US,Home&Kitchen,Non-stick Pan Set,6,17.77,0.25,12.41,PayPal,returned,2024-01-29
ORD-10527,10/17/2024,CUST1734,Steven Stein,steven.stein62@yahoo.com,west,Canada,sports & outdoors,Hiking Backpack,2,87.8,0,8.66,PayPal,Pending,04/24/2024
ORD-11304,"May 12, 2024",CUST1142,  PATRICIA RODRIGUEZ  ,,EAST,USA,toys,Puzzle 1000pc,5,34.16,0.2,24.57,gift card,shipped,30-06-2021
12574,02/04/2023,CUST1700,joseph ochoa,joseph.ochoa52@hotmail.com,West,Mexico,apparel,Cotton T-Shirt,5,38.42,0,7.13,Debit,PENDING,2022-10-10
ORD-11963,12/11/23,CUST1738,Mr. David Wright,mr..wright61@hotmail.com,west,canada,apparel,Cotton T-Shirt,-1,-60.15,0.05,12.23,Debit,Shipped,12/16/2021
ORD-13027,01/24/2023,CUST1166,Alyssa Long,alyssa.long79@hotmail.com,Sth,US,toys,Board Game,3,40.47,0,12.35,GiftCard,Shipped,06/23/24
12926,07/12/2024,CUST1155,Michelle Brown,michelle.brown53@gmail.com,west,Mexico,beauty,Shampoo Set,-3,-12.8,10%,2.49,PAYPAL,cancelled,10/14/22
ORD-12872,"May 02, 2024",CUST1098,Jessica Smith,,Sth,Canada,ELECTRONICS,USB-C Cable,,34.26,0,23.71,Pay Pal,CANCELLED,03/05/2021
ORD-11438,04/09/23,CUST1656,Eric Thomas,eric.thomas5@gmail.com,central,Mexico,BEAUTY,Sunscreen SPF50,4,20.44,0.15,19.19,gift card,shipped,"July 06, 2021"
ORD-10202,"September 25, 2024",CUST1847,Joseph Smith,joseph.smith8@outlook.com, North,USA,Sports,Yoga Mat,1,24.13,0.15,8.95,debit card,delivered,2023-12-20
ORD-10016,12/09/24,CUST1165,John Anderson,john.anderson32@hotmail.com,south,United States,sports & outdoors,Yoga Mat,3,63.05,0,8.23,GiftCard,cancelled,03/05/24
10577,20-04-2024,CUST1493,Mark Cox,mark.cox51@outlook.com,Central,US,Sports & Outdoors,Resistance Bands,4,133.63,0,23.5,GiftCard,delivered,07/11/24
ORD-10181,08/09/23,CUST1809,Heather Page,,EAST,Canada,Electronics,Smartwatch,3,178.31,5%,17.91,CC,PENDING,05-Oct-2023
ORD-11059,03/18/24,CUST1382,Douglas Gregory,douglas.gregory7@outlook.com,Central,canada,apparel,Wool Sweater,1,87.11,0,,PAYPAL,SHIPPED,02/12/23
12726,19-12-2024,CUST1552,Diana Hays,diana.hays94@outlook.com, North,Mexico,Sports & Outdoors,Water Bottle,2,66.95,0,24.11,Gift Card,DELIVERED,09/18/2021
12154,05/11/2024,CUST1728,Aaron Parker,aaron.parker82@outlook.com,CENTRAL,canada,sports & outdoors,Hiking Backpack,5,26.65,5%,8.03,GiftCard,Shipped,"June 24, 2022"
ORD-13074,12/24/23,CUST1484,Jasmine Beltran,jasmine.beltran53@hotmail.com,North,United States,Sports and Outdoors,Water Bottle,five,109.7,15%,9.21,GiftCard,SHIPPED,2022-03-21
ORD-10031,2024-06-24,CUST1717,Brenda Hinton,brenda.hinton11@outlook.com,south,USA,beauty,Sunscreen SPF50,3,,0,1.31,gift card,pending,"October 14, 2021"
10747,2024-02-20,CUST1720,  RANDY FRIEDMAN  ,randy.friedman5@outlook.com,west,Mexico,BEAUTY,Lipstick,1,22.51,0,11.76,GiftCard,RETURNED,"January 19, 2024"
12366,"February 22, 2024",CUST1369,Sabrina Austin,sabrina.austin93@hotmail.com,south,United States,Electronis,Wireless Earbuds,4,76.88,0.05,16.3,gift card,CANCELLED,26-Dec-2023
ORD-11388,03/06/23,CUST1014,Dylan Miller,dylan.miller28@outlook.com, West ,US,apparel,Wool Sweater,4,21.24,0,1.54,PAYPAL,PENDING,03/12/22
ORD-12031,06/01/2024,CUST1481,Howard Norman,howard.at.gmail.com, North,Canada,Apparel,Cotton T-Shirt,6,30.42,0,10.2,PayPal,Cancelled,2023-02-24
ORD-11098,11/27/2023,CUST1166,Alyssa Long,alyssa.long79@hotmail.com,SOUTH,US,toys,Action Figure,2,38.93,0.1,18.12,GiftCard,delivered,06/23/24
ORD-11226,12/03/2024,CUST1723,Todd Reynolds,todd.reynolds79@yahoo.com,west,United States,electronics,USB-C Cable,5,132.47,0.05,8.26,GiftCard,pending,11/19/2023
10673,unknown,CUST1221,Jeremy Dalton,,South,USA,Electronics,Smartwatch,4,170.92,25%,18.7,CC,Shipped,09/10/2022
ORD-13132,02/12/2023,CUST1348,James Parks,james.parks18@hotmail.com,north,USA,sports & outdoors,Yoga Mat,3,100.19,0.05,,PAYPAL,pending,07/13/2022
ORD-11468,2023-11-23,CUST1244,Shannon Rivera,shannon.at.gmail.com,EAST,USA,home & kitchen,Air Fryer,3,96.87,0,22.87,Debit,Cancelled,09/21/2024
ORD-10736,01/10/2023,CUST1652,David Robinson,david.robinson10@hotmail.com,East,USA,Toy,RC Car,2,$48.18,0,6.42,Credit Card,Pending,10/19/2022
ORD-10876,12/12/23,CUST1153,Devon Flores,devon.flores62@outlook.com,Central,US,Sports,Yoga Mat,3,25.09,0,11.89,Debit Card,Pending,"November 12, 2022"
ORD-10861,2024-09-12,CUST1144,amber wright,amber.wright25@outlook.com,west,Canada,Electronis,USB-C Cable,N/A,160.81,0,9.74,gift card,RETURNED,29-Jun-2024
11609,13-Feb-2023,CUST1431,Jack White,jack.at.gmail.com,central,US,beauty,Shampoo Set,6,22.13,0,3.05,CC,Cancelled,09-May-2024
12532,22-Mar-2023,CUST1435,Sophia Johnson,sophia.at.gmail.com,central,canada,BEAUTY,Lipstick,2,57.31,0,21.5,paypal,cancelled,"March 31, 2022"
11756,"October 18, 2023",CUST1608,Rachel Bradley,rachel.bradley95@gmail.com,Central,United States,Electronics,USB-C Cable,2,15490.82,10%,9.62,credit card,Deliverd,04/09/24
ORD-12691,,CUST1415,Antonio Garcia,antonio.garcia12@yahoo.com,Central,canada,electronics,USB-C Cable,4,119.36,0.2,23.36,Debit Card,RETURNED,02-Jun-2023
11919,01/23/23,CUST1284,Stephanie Williams,stephanie.williams5@yahoo.com,Est,USA,Electronic,Laptop Stand,1,138.11,25%,3.88,PAYPAL,delivered,05/18/2021
ORD-11969,18-Apr-2024,CUST1809,Heather Page,,Est,Canada,Appare,Baseball Cap,5,70.71,0,4.39,gift card,Cancelled,05-Oct-2023
ORD-10079,04-05-2023,CUST1662,James Webster,james.webster53@gmail.com,SOUTH,United States,toys,Puzzle 1000pc,4,3753.93,15%,10.85,Gift Card,DELIVERED,"June 05, 2022"
10280,12/23/2023,CUST1560,  NANCY EVANS MD  ,nancy.md5@outlook.com,EAST,Canada,Home and Kitchen,Non-stick Pan Set,4,134.12,0.2,20.15,paypal,Canceled,11-02-2021
ORD-12977,22-Mar-2023,CUST1390,Thomas Atkins,thomas.atkins75@hotmail.com,South,USA,Electronics,Smartwatch,5,176.34,0.2,2.82,PAYPAL,Pending,08/28/2022
ORD-12393,06/16/24,CUST1210,Christopher Smith,christopher.smith65@yahoo.com,WEST,United States,Appare,Cotton T-Shirt,1,41.55,0,0.26,PAYPAL,Returned,11/13/21
11625,05-Apr-2024,CUST1189,Jessica Gross,jessica.gross83@outlook.com,Est,United States,Beuty,Sunscreen SPF50,-3,59.77,0,23.74,Debit Card,DELIVERED,05-May-2021
ORD-12633,11/14/2023,CUST1128,Cameron Fisher,cameron.fisher95@gmail.com,SOUTH,USA,Beuty,Face Moisturizer,2,34.31,0.25,0.38,Gift Card,CANCELLED,03/02/22
ORD-11721,2023-12-03,CUST1379,Megan Nelson,megan.nelson91@yahoo.com,central,US,toys,RC Car,1,65.84,0.05,9.17,PayPal,shipped,2023-08-07
12531,2024-03-14,CUST1531,Mark Jimenez,,West,US,Electronics,Wireless Earbuds,1,148.6,0.25,2.63,CREDIT CARD,Deliverd,21-Mar-2024
ORD-12868,16-11-2023,CUST1156,Joshua Perry,joshua.perry49@hotmail.com,South,US,Home & Kitchen,Non-stick Pan Set,2,142.0,0,17.48,gift card,DELIVERED,09/21/24
ORD-12734,"September 13, 2024",CUST1757,Melissa Stephens,melissa.stephens78@gmail.com,Centrl,Mexico,Beauty,Sunscreen SPF50,-2,59.56,0.2,6.33,Credit Card,DELIVERED,27-Feb-2023
ORD-10389,2024-04-12,CUST1763,Jessica Smith,jessica.smith76@yahoo.com,Nort,Canada,Home&Kitchen,LED Desk Lamp,2,31.99,0.05,19.51,debit card,CANCELLED,2023-11-27
ORD-12871,02/11/24,CUST1460,Kelsey Rodriguez,kelsey.rodriguez55@gmail.com,EAST,Canada,sports & outdoors,Hiking Backpack,3,138.28,0.1,1.99,gift card,Pending,08/31/2024
ORD-12567,2023-02-03,CUST1243,Brandon Bailey MD,brandon.md37@outlook.com,SOUTH,USA,electronics,Bluetooth Speaker,-2,234.83,0.1,11.17,CC,PENDING,"September 06, 2024"
ORD-12766,03/05/2024,CUST1026,Justin Baker,justin.baker69@yahoo.com,west,canada,Appare,Cotton T-Shirt,1,88.31,0,9.24,Gift Card,Canceled,09/20/21
12004,"September 11, 2023",CUST1529,Angel May,, West ,United States,Electronis,Webcam,4,53.34,0.2,19.76,PAYPAL,delivered,05/13/2021
ORD-11111,17-Aug-2023,CUST1371,Debra White,debra.white54@gmail.com,NORTH,Canada,toys,Puzzle 1000pc,5,26.01,0,20.14,Debit Card,PENDING,05/08/2022
11456,"January 21, 2023",CUST1113,Crystal Johnson,crystal.johnson72@yahoo.com,West,US,toys,Board Game,2,22.17,,1.1,GiftCard,PENDING,09/03/23
ORD-12689,04-03-2024,CUST1812,Douglas Ryan,douglas.ryan50@hotmail.com,north,US,Appare,Cotton T-Shirt,1,22.74,0,24.86,credit card,Shipped,28-03-2022
ORD-12960,"July 11, 2023",CUST1152,Denise Jones,denise.jones37@outlook.com,WEST,United States,Appare,Cotton T-Shirt,6,75.99,0.15,5.4,credit card,Deliverd,"April 17, 2024"
12237,10/02/2024,CUST1841,Alexandra Dominguez,alexandra.dominguez15@gmail.com,north,Canada,Toy,Board Game,6,26.49,5%,17.7,credit card,DELIVERED,12/08/23
ORD-12661,12/28/24,CUST1538,Emma Owens,emma.owens50@outlook.com,east,canada,Appare,Wool Sweater,4,45.13,0,,Gift Card,Pending,2022-01-04
ORD-11729,12-04-2023,CUST1317,Ashley Hall,ashley.hall34@outlook.com,north,US,Clothing,Running Shoes,5,45.45,0.05,17.43,CC,cancelled,06-04-2023
ORD-12114,2024-03-11,CUST1225,benjamin smith,benjamin.smith74@hotmail.com,West,USA,apparel,Cotton T-Shirt,2,51.99,0,18.66,gift card,Cancelled,20-Mar-2024
12060,08-Dec-2024,CUST1214,Julie Alexander,julie.alexander73@hotmail.com,NORTH,Canada,Electronics,Smartwatch,2,175.08,0,,Debit,CANCELLED,05/23/2021
ORD-10663,10/24/24,CUST1514,Angelica Parker,angelica.parker14@yahoo.com,West,US,TOYS,RC Car,-2,,0,3.54,Credit_Card,Pending,12/22/2023
ORD-11735,03/03/2024,CUST1048,joshua blair,joshua.blair83@outlook.com, North,Canada,Sports and Outdoors,Water Bottle,1,103.06,0.2,1.58,CC,Pending,26-07-2023
12397,"January 23, 2023",CUST1277,Marie Christian,marie.christian24@hotmail.com,Centrl,USA,Sports and Outdoors,Resistance Bands,1,96.92,0.15,23.08,CC,PENDING,16-10-2023
ORD-12641,07/28/24,CUST1223,theresa clark,theresa.clark69@yahoo.com,east,Canada,BEAUTY,Sunscreen SPF50,1,21.62,0.25,0.35,Pay Pal,Deliverd,"October 22, 2023"
11770,07/10/23,CUST1401,Craig Morrison,craig.morrison52@hotmail.com,SOUTH,USA,Sports,Hiking Backpack,6,38.03,25%,14.34,Debit,Shipped,03/03/2024
12492,2024-06-22,CUST1544,Mr. Alexander Landry MD,mr..md25@hotmail.com,SOUTH,US,Home & Kitchen,Air Fryer,1,149.59,0,22.49,debit card,CANCELLED,16-01-2024
ORD-10140,30-Jun-2024,CUST1531,Mark Jimenez,,WEST,US,BEAUTY,Hair Dryer,2,18.04,0.1,6.93,Gift Card,shipped,21-Mar-2024
11522,09/15/2023,CUST1755,Rachel Jones,rachel.jones44@gmail.com, North,Canada,Clothing,Denim Jacket,2,47.43,0,20.25,Gift Card,Shipped,26-Nov-2021
ORD-11338,08-04-2023,CUST1794,Jerry Brown,jerry.brown58@gmail.com,EAST,US,Sports,Camping Tent,6,148.26,0,13.49,credit card,cancelled,"February 20, 2023"
11461,"January 06, 2023",CUST1255,Kristen Davis,kristen.davis78@yahoo.com,West,USA,Sports & Outdoors,Hiking Backpack,4,78.47,,9.91,Pay Pal,Shipped,2022-05-28
ORD-11299,"March 09, 2024",CUST1178,Lawrence Adkins,lawrence.adkins35@yahoo.com,East,Mexico,Sports,Hiking Backpack,3,32.35,0.2,23.22,GiftCard,Deliverd,11-Jun-2022
12627,2023-06-26,CUST1132,Mary Marshall,mary.marshall34@yahoo.com,Centrl,United States,Toy,RC Car,1,10.95,0.15,12.83,debit card,Pending,2023-05-21
ORD-11147,08-08-2024,CUST1125,Erin Edwards,erin.at.gmail.com,central,US,toys,RC Car,5,19.5,0.25,8.54,PayPal,SHIPPED,2022-05-24
10386,06/15/24,CUST1445,Tracy Montoya,tracy.montoya1@yahoo.com, North,canada,Electronics,Bluetooth Speaker,1,221.21,0.05,18.63,credit card,Canceled,26-02-2022
ORD-10878,"September 27, 2024",CUST1464,Jose Allen,jose.allen69@yahoo.com,Est,USA,apparel,Cotton T-Shirt,2,22.06,,7.28,GiftCard,pending,10/25/22
ORD-12134,"May 21, 2024",CUST1838,Michael Young,michael.young3@outlook.com,EAST,Mexico,Home&Kitchen,Coffee Maker,3,89.51,0.25,3.93,GiftCard,Pending,06/24/2024
12775,27-08-2024,CUST1603,Keith Rodriguez,keith.rodriguez48@outlook.com,north,US,Sports and Outdoors,Hiking Backpack,4,36.68,,5.62,paypal,Pending,09/04/22
ORD-10596,2023-01-17,CUST1240,Andrew Avila,andrew.avila6@yahoo.com,Central,canada,Home&Kitchen,Air Fryer,5,119.79,0,18.19,CC,PENDING,16-Jun-2023
ORD-10589,08/10/23,CUST1797,Michael Perry PhD,michael.phd84@outlook.com,West,USA,Beuty,Shampoo Set,6,10.85,15%,13.81,Debit,Returned,"July 02, 2022"
ORD-10628,"October 20, 2024",CUST1586,Dwayne Klein,dwayne.klein89@hotmail.com,Est,Mexico,TOYS,Board Game,4,62.63,0.2,23.87,PAYPAL,delivered,21-Mar-2021
ORD-12330,"December 05, 2023",CUST1681,Justin Walker,justin.walker78@yahoo.com,West,United States,Apparel,Cotton T-Shirt,4,38.11,,1.42,paypal,SHIPPED,01-02-2022
ORD-10960,2024-03-25,CUST1616,Bryan Parker,bryan.parker39@hotmail.com,South,United States,Home and Kitchen,Throw Blanket,4,92.81,0.15,0.09,gift card,cancelled,04/21/2021
ORD-13092,08-Jun-2024,CUST1507,Emma Reed,emma.reed54@outlook.com,Central,USA,Sports & Outdoors,Hiking Backpack,3,,0.1,15.27,Gift Card,CANCELLED,2022-07-10
12418,"June 25, 2023",CUST1042,Sherry Decker,sherry.decker8@outlook.com,Central,US,Clothing,Baseball Cap,5,31.44,5%,23.97,gift card,shipped,2021-04-28
ORD-11145,"July 31, 2023",CUST1385,Chad Scott,chad.scott25@gmail.com,CENTRAL,Mexico,Appare,Running Shoes,6,37.12,0,20.6,Debit Card,RETURNED,09/08/2023
ORD-12301,08/13/2023,CUST1564,Molly Watts,molly.watts21@gmail.com,south,United States,Appare,Running Shoes,3,24.96,15%,22.16,Debit,Canceled,27-07-2021
12364,"October 07, 2024",CUST1728,Aaron Parker,aaron.parker82@outlook.com,Centrl,canada,Clothing,Baseball Cap,-1,20.85,0.15,11.54,Pay Pal,DELIVERED,"June 24, 2022"
12989,"October 25, 2023",CUST1263,diane evans,diane.evans55@gmail.com,East,Canada,Electronis,USB-C Cable,5,,0,22.87,Gift Card,Pending,08/14/2022
12639,11-Nov-2024,CUST1428,Robin Santiago,robin.santiago4@hotmail.com,East,Mexico,sports & outdoors,Yoga Mat,-3,74.58,0,9.19,CREDIT CARD,PENDING,06-Mar-2022
11847,08/10/2023,CUST1374,Charles Schultz,charles.schultz94@outlook.com,Est,United States,Home & Kitchen,Non-stick Pan Set,4,131.32,0,10.21,PAYPAL,delivered,"March 28, 2024"
12151,"July 26, 2024",CUST1503,Zachary Mitchell,,east,United States,electronics,Webcam,6,208.04,0.15,16.91,paypal,Deliverd,03/06/2024
ORD-11198,09-12-2023,CUST1451,Courtney Hayes,courtney.hayes66@hotmail.com,South,canada,Sports & Outdoors,Camping Tent,2,117.18,0.05,,Debit,cancelled,"May 07, 2023"
ORD-11775,08/04/23,CUST1700,Joseph Ochoa,joseph.ochoa52@hotmail.com,WEST,Mexico,BEAUTY,Lipstick,5,42.66,0.2,11.74,Gift Card,PENDING,2022-10-10
10046,"February 26, 2023",CUST1701,James Watson,james.watson1@gmail.com,North,USA,Electronis,Smartwatch,2,127.03,0,11.96,Debit,Canceled,2024-04-14
12002,07/02/23,CUST1218,Justin Torres,justin.torres78@hotmail.com,Sth,canada,home & kitchen,Throw Blanket,6,44.96,0.25,22.47,Debit,Cancelled,29-04-2023
ORD-12979,01/04/2024,CUST1829,  KENNETH KNIGHT  ,kenneth.knight48@gmail.com,WEST,Canada,Appare,Running Shoes,5,45.56,0.25,8.2,Debit,Deliverd,05/25/2022
ORD-12347,06/30/23,CUST1047,Shane Henderson,shane.henderson34@yahoo.com,East,US,sports & outdoors,Hiking Backpack,2,35.43,,18.14,Debit,DELIVERED,10/06/2022
ORD-10466,2024-08-14,CUST1060,Victoria Garcia,victoria.garcia86@gmail.com, West ,canada,Beauty,Face Moisturizer,3,43.25,0,5.45,Debit,returned,"December 26, 2022"
10841,unknown,CUST1106,Sharon Cherry,sharon.cherry63@gmail.com,West,Mexico,toys,RC Car,4,$35.93,0.05,22.57,Gift Card,RETURNED,07-06-2023
12604,12-Aug-2023,CUST1378,Anthony Moore,anthony.moore49@yahoo.com,SOUTH,United States,Electronis,Wireless Earbuds,2,166.72,15%,17.0,debit card,Returned,07-Jan-2024
ORD-10633,"September 30, 2024",CUST1035,Jeffrey Chavez,jeffrey.chavez44@gmail.com,SOUTH,canada,Electronics,Webcam,4,128.77,0.25,11.34,debit card,Shipped,05/25/2022
ORD-12115,02/18/23,CUST1821,Mark Beard,mark.at.gmail.com,South,USA,ELECTRONICS,Webcam,1,186.46,0.15,,PayPal,cancelled,08/21/2023
ORD-11798,01/19/2023,CUST1756,Karen Morales DDS,karen.dds61@hotmail.com,east,United States,Apparel,Cotton T-Shirt,3,27.95,0,15.43,Debit Card,Cancelled,2021-06-30
ORD-11559,08/11/2024,CUST1836,Danielle Watson,danielle.at.gmail.com,EAST,USA,Electronics,Wireless Earbuds,3,$75.16,0,21.05,Pay Pal,returned,14-Nov-2021
12595,11/04/24,CUST1366,Courtney Rodriguez,courtney.rodriguez99@hotmail.com, West ,US,Electronics,Wireless Earbuds,5,-245.49,20%,17.11,Pay Pal,PENDING,06-Feb-2023
12866,01-Dec-2023,CUST1699,Brent Hernandez,brent.at.gmail.com,west,US,Electronis,Webcam,2,,0,12.08,gift card,PENDING,12-04-2022
ORD-11995,07/05/2024,CUST1769,Todd Thomas,todd.thomas62@gmail.com,West,Mexico,sports & outdoors,Yoga Mat,3,-140.66,0.15,,paypal,Cancelled,2022-06-13
ORD-11279,"December 10, 2024",CUST1213,Katherine Salas,katherine.salas90@outlook.com,north,United States,TOYS,Building Blocks Set,5,59.38,0,23.92,PayPal,DELIVERED,27-11-2022
10742,02/15/24,CUST1713,Laurie Goodwin,laurie.goodwin89@yahoo.com,EAST,USA,Toy,Action Figure,5,37.58,0.15,21.71,Credit_Card,Delivered,"March 04, 2024"
11375,30-Apr-2023,CUST1029,Anthony Rodriguez,anthony.rodriguez9@outlook.com,Central,United States,TOYS,RC Car,5,26.1,,7.33,Debit,PENDING,"February 13, 2021"
ORD-13079,2023-02-10,CUST1490,Heather Williams,heather.williams2@outlook.com,West,canada,Beauty,Lipstick,5,14.96,0.15,17.21,Debit Card,PENDING,10/11/2022
10304,2021-03-20,CUST1242,kevin walters,kevin.walters7@outlook.com,Nort,canada,electronics,Laptop Stand,6,164.01,0.05,17.96,Credit Card,PENDING,15-05-2021
ORD-13000,08/03/2023,CUST1101,Cameron Parker,cameron.parker92@gmail.com, North,canada,Sports and Outdoors,Camping Tent,5,117.89,0.25,12.58,debit card,shipped,02-12-2021
ORD-11260,2023-10-28,CUST1005,Connie Lawrence,connie.lawrence98@outlook.com,WEST,Canada,home & kitchen,LED Desk Lamp,4,$49.82,0.25,3.55,PAYPAL,Pending,2021-07-29
ORD-10975,05/11/2023,CUST1097,Deborah Figueroa,deborah.figueroa96@gmail.com,Nort,Mexico,TOYS,Building Blocks Set,five,39.03,0,,GiftCard,Returned,12/18/2022
10622,13-08-2024,CUST1632,robert cummings,robert.cummings13@outlook.com,Sth,US,Sports and Outdoors,Resistance Bands,,,5%,12.15,Gift Card,CANCELLED,"June 29, 2024"
ORD-12937,12-08-2024,CUST1484,Jasmine Beltran,jasmine.beltran53@hotmail.com,NORTH,United States,Toy,Board Game,2,47.11,0.1,23.44,Gift Card,RETURNED,2022-03-21
10136,27-12-2024,CUST1810,Carol Taylor,carol.taylor38@yahoo.com,east,United States,Sports,Water Bottle,1,37.39,0.1,24.57,Debit Card,DELIVERED,"January 15, 2021"
ORD-12303,26-05-2024,CUST1399,Hannah Luna,hannah.luna90@hotmail.com,Nort,canada,beauty,Shampoo Set,1,36.14,0,23.83,gift card,DELIVERED,2022-01-03
12869,06/10/2024,CUST1671,Kristin Mendoza,kristin.mendoza27@outlook.com,south,Mexico,Sports,Hiking Backpack,4,21.49,0,4.22,credit card,returned,12/09/22
ORD-12642,"October 17, 2023",CUST1111,Shannon Walker,shannon.walker34@outlook.com,EAST,canada,Electronic,Bluetooth Speaker,2,177.33,0,17.56,GiftCard,RETURNED,"July 27, 2022"
ORD-10708,13-Feb-2024,CUST1373,Sergio Knight,sergio.knight70@yahoo.com,Central,USA,Beuty,Hair Dryer,3,38.82,0.2,9.11,GiftCard,cancelled,04/26/2021
ORD-11638,2024-06-30,CUST1378,Anthony Moore,anthony.moore49@yahoo.com,south,United States,toys,Action Figure,4,63.73,0,8.34,Credit Card,DELIVERED,07-Jan-2024
ORD-10287,2023-01-14,CUST1382,Douglas Gregory,douglas.gregory7@outlook.com,CENTRAL,canada,electronics,Bluetooth Speaker,3,166.39,0.1,20.36,Gift Card,Shipped,02/12/23
ORD-12260,2024-06-16,CUST1569,  MICHAEL JOHNSON  ,michael.johnson11@hotmail.com,West,US,Electronis,Smartwatch,4,34.03,0.25,11.44,gift card,RETURNED,25-08-2021
12491,08/13/2023,CUST1832,Scott Alexander,scott.alexander97@outlook.com,south,Canada,home & kitchen,LED Desk Lamp,3,144.86,0.25,20.52,Pay Pal,pending,06/18/23
ORD-10955,06/29/2024,CUST1785,Laurie Bailey,laurie.bailey17@yahoo.com,Est,United States,toys,Puzzle 1000pc,5,12.19,0.25,,credit card,returned,07/24/21
10414,07/07/2024,CUST1250,Isaiah Avila,isaiah.avila5@outlook.com,CENTRAL,US,Sports & Outdoors,Resistance Bands,1,79.03,0,20.27,GiftCard,delivered,06/19/2024
ORD-13088,05-10-2023,CUST1202,Elizabeth Perkins,elizabeth.perkins78@hotmail.com,North,Mexico,Sports & Outdoors,Camping Tent,3,96.81,0,23.3,credit card,Pending,07/23/21
ORD-10627,07-04-2023,CUST1650,Andrew Harper,andrew.harper87@hotmail.com,Centrl,Canada,Beauty,Lipstick,6,22.95,0,5.34,PAYPAL,Shipped,"November 01, 2021"
ORD-12588,"April 23, 2024",CUST1584,Jamie Baird,jamie.baird45@hotmail.com,West,canada,Sports & Outdoors,Water Bottle,5,109.26,0.05,5.87,Credit Card,Cancelled,25-Jun-2022
ORD-12650,07/28/2024,CUST1276,wayne morgan,wayne.morgan16@outlook.com, West ,US,electronics,Laptop Stand,6,164.64,0,7.25,Credit_Card,returned,14-Jun-2023
ORD-11153,01/24/2024,CUST1849,Brittany Jenkins,brittany.jenkins69@hotmail.com,Central,Mexico,Sports,Resistance Bands,4,132.31,0.15,5.29,debit card,RETURNED,01/24/2022
ORD-12150,11-12-2024,CUST1194,John Bishop,john.bishop23@gmail.com,South,Canada,Home and Kitchen,LED Desk Lamp,6,114.08,10%,10.52,Gift Card,Delivered,2024-09-15
ORD-10049,09/24/2023,CUST1135,Jose Schultz,jose.schultz52@outlook.com,West,US,Appare,Running Shoes,6,23.31,0.1,1.03,paypal,pending,"October 22, 2023"
ORD-12469,"September 30, 2023",CUST1771,Mr. Jeffrey Horton,mr..horton90@outlook.com,NORTH,US,toys,RC Car,1,10.71,15%,9.7,paypal,returned,24-05-2022
ORD-10887,02/16/23,CUST1515,Dr. Kelly Hammond DVM,dr..dvm19@outlook.com,SOUTH,canada,ELECTRONICS,Laptop Stand,5,-152.84,0.05,1.42,PayPal,shipped,2021-07-10
ORD-12220,08-Apr-2024,CUST1779,Kevin Price,,Centrl,Canada,Apparel,Cotton T-Shirt,3,61.03,0,0.04,Credit_Card,RETURNED,17-May-2023
ORD-10509,23-05-2024,CUST1320,Susan Turner,susan.turner17@gmail.com,Est,canada,Sports and Outdoors,Camping Tent,2,42.64,0,10.46,gift card,Shipped,18-03-2023
ORD-12503,2023-06-08,CUST1832,Scott Alexander,scott.alexander97@outlook.com,Sth,Canada,Clothing,Running Shoes,6,13.28,0.05,,Pay Pal,returned,06/18/23
ORD-10308,23-05-2023,CUST1394,Tamara Davis,,north,Canada,sports & outdoors,Yoga Mat,,31.15,0,,Gift Card,RETURNED,06/02/21
ORD-13009,"May 19, 2024",CUST1725,Rebecca Marquez,rebecca.marquez30@gmail.com,Sth,Canada,electronics,Bluetooth Speaker,4,113.74,15%,9.25,debit card,pending,26-06-2022
ORD-12950,30-Nov-2024,CUST1567,Lauren Jackson,lauren.jackson47@gmail.com,EAST,Mexico,beauty,Hair Dryer,5,47.49,0,18.09,Debit Card,RETURNED,2023-05-26
ORD-12392,"April 22, 2023",CUST1154,Brenda Hall,brenda.hall42@yahoo.com, West ,United States,Appare,Running Shoes,3,52.18,0.25,18.72,debit card,Canceled,"May 05, 2022"
ORD-10832,04/14/2024,CUST1297,William Barrett,william.barrett17@hotmail.com, North,canada,beauty,Face Moisturizer,6,57.38,0,8.67,paypal,pending,2023-10-27
11341,02/28/2023,CUST1717,Brenda Hinton,brenda.hinton11@outlook.com,South,USA,Home&Kitchen,LED Desk Lamp,5,139.67,0,13.68,CC,SHIPPED,"October 14, 2021"
ORD-12899,09-08-2024,CUST1129,Megan Orr,megan.orr21@yahoo.com,North,United States,sports & outdoors,Water Bottle,6,-69.89,20%,13.23,Debit Card,Returned,"December 22, 2021"
12551,08-Feb-2023,CUST1177,Michael Wang,michael.wang23@yahoo.com,East,canada,Clothing,Running Shoes,1,,0.05,7.71,PAYPAL,RETURNED,"September 28, 2021"
10803,09/09/2024,CUST1010,Monica Herrera,monica.herrera21@outlook.com,east,Mexico,BEAUTY,Shampoo Set,1,29.67,0,14.35,PayPal,delivered,12/29/2022
ORD-10734,08/07/23,CUST1506,Brandon Fleming,brandon.fleming20@yahoo.com,West,United States,Appare,Baseball Cap,2,70.9,0.2,7.44,CC,cancelled,"March 14, 2021"
ORD-11114,"May 28, 2023",CUST1510,Rebecca Hicks,rebecca.hicks2@outlook.com,CENTRAL,USA,beauty,Shampoo Set,4,$8.63,0,18.45,Debit Card,shipped,15-02-2022
ORD-12755,"May 23, 2023",CUST1441,Joann Ferguson,joann.ferguson44@gmail.com,South,canada,Beauty,Face Moisturizer,4,45.04,0.1,9.81,credit card,DELIVERED,12/03/21
10211,01/17/23,CUST1731,Alexander Gomez,alexander.gomez1@yahoo.com,South,Canada,beauty,Lipstick,6,16.22,0.15,8.16,Pay Pal,PENDING,06/20/2023
ORD-10061,2024-04-10,CUST1496,Austin Osborne,austin.osborne51@gmail.com,west,Mexico,toys,Building Blocks Set,2,31.72,0.05,13.0,gift card,Canceled,09/28/22
ORD-11594,21-Dec-2023,CUST1579,David Grant,david.grant81@yahoo.com,Est,Mexico,Clothing,Baseball Cap,1,72.8,0.1,18.46,Debit,RETURNED,03-05-2024
12731,"November 01, 2023",CUST1366,Courtney Rodriguez,courtney.rodriguez99@hotmail.com,West,US,Sports,Yoga Mat,3,$100.01,0,15.59,Pay Pal,SHIPPED,06-Feb-2023
ORD-10594,30-Mar-2023,CUST1102,Rebecca Valencia,,west,US,Home and Kitchen,Air Fryer,2,51.17,15%,12.52,GiftCard,returned,"October 01, 2022"
11477,"March 19, 2023",CUST1020,Margaret Hawkins DDS,margaret.dds97@outlook.com, North,USA,Sports & Outdoors,Resistance Bands,4,96.43,0.1,1.9,Debit Card,returned,05-08-2024
ORD-11650,30-Jul-2024,CUST1779,Kevin Price,,CENTRAL,Canada,electronics,Webcam,6,$171.48,,3.91,PayPal,Returned,17-May-2023
ORD-11471,2024-02-05,CUST1780,Christine Goodwin,christine.goodwin51@yahoo.com,Central,US,Beuty,Lipstick,2,13.53,0.25,10.67,debit card,Shipped,2023-07-26
ORD-10745,12/08/2024,CUST1712,Timothy Edwards,timothy.edwards25@outlook.com,east,canada,Electronis,Laptop Stand,2,218.03,0,7.4,paypal,RETURNED,23-Sep-2023
ORD-12837,2024-05-31,CUST1482,Evelyn Martinez,evelyn.martinez39@yahoo.com,Sth,Canada,TOYS,Action Figure,3,38.31,15%,15.41,Debit,SHIPPED,02/23/2023
ORD-12721,"September 08, 2024",CUST1443,Holly Valentine,holly.valentine81@yahoo.com, West ,US,Beuty,Shampoo Set,1,31.6,0.1,5.28,CC,SHIPPED,01/17/22
ORD-11967,2024-12-24,CUST1313,Tracy Ballard,tracy.ballard64@hotmail.com,West,Canada,Electronics,Laptop Stand,3,29.26,25%,23.6,paypal,Returned,19-10-2023
ORD-11249,01/14/24,CUST1244,Shannon Rivera,shannon.at.gmail.com,EAST,USA,Appare,Cotton T-Shirt,6,63.0,0,9.1,gift card,SHIPPED,09/21/2024
12018,"March 24, 2023",CUST1052,Crystal Robinson,crystal.robinson71@outlook.com,Sth,USA,Home & Kitchen,Coffee Maker,5,138.32,0,17.37,Pay Pal,PENDING,2024-09-20
10906,04/27/2023,CUST1608,Rachel Bradley,rachel.bradley95@gmail.com,central,United States,home & kitchen,Throw Blanket,4,14157.76,15%,2.9,credit card,delivered,04/09/24
12539,12/08/23,CUST1132,Mary Marshall,mary.marshall34@yahoo.com,Centrl,United States,Home and Kitchen,Air Fryer,6,167.05,0,4.52,Pay Pal,Canceled,2023-05-21
ORD-11372,2024-10-17,CUST1359,Ronald Davis,ronald.davis47@gmail.com,Nort,canada,Appare,Baseball Cap,4,83.04,0,5.57,CREDIT CARD,CANCELLED,2024-03-01
10221,22-Oct-2023,CUST1115,Diana May,diana.may48@hotmail.com,Est,US,electronics,USB-C Cable,4,239.95,0.05,12.69,Gift Card,shipped,"February 08, 2024"
ORD-10051,2023-11-12,CUST1041,Fred Smith,fred.smith20@yahoo.com, North,canada,Home & Kitchen,Non-stick Pan Set,-3,111.27,0.05,9.86,gift card,SHIPPED,08/31/2022
ORD-10890,04/14/2024,CUST1184,Lindsay Martinez,lindsay.martinez53@gmail.com,NORTH,USA,Home and Kitchen,LED Desk Lamp,5,88.59,0.25,11.77,Pay Pal,RETURNED,2021-10-14
11876,"February 21, 2023",CUST1623,Colleen Wright,colleen.wright29@outlook.com,North,US,Apparel,Cotton T-Shirt,1,33.97,0.15,18.49,paypal,DELIVERED,10/02/2022
12815,2024-04-04,CUST1068,James Brown,james.brown41@hotmail.com,north,US,beauty,Sunscreen SPF50,5,29.82,0,23.58,CC,shipped,"May 26, 2024"
12388,"February 04, 2024",CUST1520,Amy Martinez,amy.at.gmail.com,Centrl,Canada,Electronis,Webcam,6,233.63,0.05,1.33,Credit_Card,Delivered,02/20/2022
ORD-10573,10/18/2024,CUST1772,Eric Patrick,eric.patrick44@gmail.com,west,USA,Electronis,Smartwatch,5,90.59,0.1,4.05,debit card,returned,02/10/2024
ORD-10952,02-10-2024,CUST1057,Richard Aguirre,richard.aguirre72@gmail.com,SOUTH,canada,Apparel,Denim Jacket,3,51.2,0,17.95,Credit Card,Shipped,2021-08-18
10434,08/16/2024,CUST1145,Joyce Solis,joyce.solis71@yahoo.com,west,Canada,ELECTRONICS,Laptop Stand,-2,240.84,0,24.76,GiftCard,Shipped,13-Aug-2022
12963,12/25/2023,CUST1834,Bonnie Santos,bonnie.santos38@hotmail.com,South,canada,Beuty,Face Moisturizer,3,9.2,25%,23.85,Pay Pal,Pending,"January 24, 2022"
10173,14-Apr-2024,CUST1783,Dennis Huffman,dennis.huffman79@outlook.com,west,US,Beuty,Sunscreen SPF50,1,43.62,0.05,0.41,Gift Card,PENDING,01/20/2023
ORD-11802,06/15/23,CUST1179,Robert Oconnell,robert.oconnell15@hotmail.com,south,Mexico,sports & outdoors,Camping Tent,2,78.2,0.15,1.69,gift card,cancelled,06/04/2021
ORD-11158,"November 18, 2024",CUST1058,Brent Jordan,,CENTRAL,United States,Beauty,Lipstick,3,10.76,,2.68,Credit_Card,Deliverd,"January 27, 2023"
10331,unknown,CUST1268,Cynthia Rowe,cynthia.rowe9@gmail.com, North,Mexico,Sports and Outdoors,Camping Tent,5,66.91,0.2,10.43,credit card,DELIVERED,11-Mar-2023
12715,06/18/2024,CUST1702,karl branch,karl.branch14@outlook.com,NORTH,USA,Home&Kitchen,Non-stick Pan Set,6,111.32,0,15.35,CREDIT CARD,Shipped,"September 10, 2022"
ORD-13012,03/01/24,CUST1039,Brittany Farmer,brittany.farmer52@gmail.com,north,US,BEAUTY,Sunscreen SPF50,1,36.61,25%,23.05,Gift Card,SHIPPED,04-Dec-2021
10735,07/16/24,CUST1098,Jessica Smith,,South,Canada,Home & Kitchen,Coffee Maker,5,31.59,0.1,,Debit,Deliverd,03/05/2021
ORD-11122,05/29/24,CUST1499,Phillip Berry,,north,United States,Beuty,Sunscreen SPF50,5,42.4,0,11.7,Pay Pal,PENDING,10/09/21
ORD-12907,"August 04, 2024",CUST1243,Brandon Bailey MD,brandon.md37@outlook.com,Sth,USA,Electronic,USB-C Cable,6,49.34,0,24.43,GiftCard,Deliverd,"September 06, 2024"
11948,01-Oct-2024,CUST1476,Robin Brown,robin.brown36@gmail.com,EAST,Canada,Home and Kitchen,LED Desk Lamp,4,58.04,0,21.08,Credit_Card,PENDING,02-09-2024
ORD-12367,13-Jul-2024,CUST1095,Anna Henderson,anna.henderson24@gmail.com,EAST,United States,Apparel,Baseball Cap,5,33.15,0,4.98,credit card,delivered,17-Jun-2022
ORD-10963,12/28/24,CUST1775,Christopher Moore,christopher.moore80@outlook.com,NORTH,Canada,Toys,Building Blocks Set,6,58.86,0.1,6.17,Debit Card,CANCELLED,2021-11-16
10355,10-Feb-2023,CUST1445,Tracy Montoya,tracy.montoya1@yahoo.com,NORTH,canada,Beuty,Face Moisturizer,4,8.45,0.1,20.87,debit card,returned,26-02-2022
ORD-10033,"July 19, 2023",CUST1247,Frank Cordova,frank.cordova55@outlook.com,east,United States,Home & Kitchen,Air Fryer,2,$31.12,0.05,16.42,Debit,Delivered,07-02-2021
12148,02/10/2024,CUST1397,Gary Jackson,gary.jackson3@gmail.com,West,Canada,Toys,RC Car,6,20.5,0.25,2.44,gift card,RETURNED,"December 26, 2023"
12525,28-Jun-2023,CUST1611,Michael Lopez,michael.at.gmail.com,east,Mexico,Apparel,Cotton T-Shirt,-1,26.3,0,18.56,Gift Card,Deliverd,09/20/21
ORD-10209,09/01/2023,CUST1266,Kimberly Gibson,kimberly.gibson74@yahoo.com,WEST,Canada,electronics,Laptop Stand,5,$88.04,0,20.9,debit card,Pending,22-10-2021
12857,18-Nov-2024,CUST1277,Marie Christian,marie.christian24@hotmail.com,CENTRAL,USA,Clothing,Baseball Cap,4,42.82,0.1,,PayPal,returned,16-10-2023
ORD-12022,"March 15, 2024",CUST1183,Ashley Barton,ashley.barton79@yahoo.com,West,Mexico,Home and Kitchen,Non-stick Pan Set,6,134.17,,18.06,debit card,pending,2024-08-19
ORD-10193,"October 18, 2023",CUST1000,Allison Hill,allison.hill4@outlook.com,south,Mexico,Electronic,Bluetooth Speaker,6,249.06,5%,23.0,paypal,shipped,05/17/2022
ORD-11542,18-05-2023,CUST1467,William Jones,william.jones87@hotmail.com,central,Mexico,Beauty,Face Moisturizer,5,44.77,0,18.81,Gift Card,shipped,09/30/2023
ORD-13130,21-May-2023,CUST1721,Raymond Johnson,raymond.johnson47@hotmail.com,East,United States,Sports and Outdoors,Water Bottle,1,68.38,0,9.06,PAYPAL,Pending,"April 03, 2022"
ORD-11365,08/17/2024,CUST1411,Lisa Hunter,lisa.hunter46@hotmail.com,Centrl,Mexico,Beauty,Shampoo Set,5,-43.43,0,5.19,debit card,SHIPPED,06/04/2023
ORD-12561,12/23/24,CUST1816,Tamara Riddle,,Nort,United States,Toy,Puzzle 1000pc,4,$44.12,0,4.8,paypal,Returned,"April 12, 2021"
ORD-10910,07/20/23,CUST1213,Katherine Salas,katherine.salas90@outlook.com,North,United States,Electronics,Smartwatch,5,197.22,0.05,21.74,Credit Card,RETURNED,27-11-2022
11295,08/04/2024,CUST1320,Susan Turner,susan.turner17@gmail.com,EAST,canada,Clothing,Running Shoes,6,44.2,0.15,10.52,CREDIT CARD,DELIVERED,18-03-2023
11141,21-Mar-2023,CUST1227,  MICHAEL WARNER  ,michael.warner12@hotmail.com, West ,canada,Sports,Resistance Bands,1,119.51,0,24.25,gift card,pending,08/05/2021
ORD-10587,07/12/2024,CUST1134,Rebecca Jackson,rebecca.jackson73@outlook.com,WEST,Mexico,Toys,Action Figure,4,10.57,0,5.86,Debit,SHIPPED,2023-06-19
10806,04/10/24,CUST1731,Alexander Gomez,alexander.gomez1@yahoo.com,South,Canada,Toy,RC Car,4,52.8,0,2.91,CREDIT CARD,shipped,06/20/2023
ORD-11700,12/13/23,CUST1292,Jeremy Reed,jeremy.reed16@yahoo.com, West ,Canada,home & kitchen,Air Fryer,6,60.71,,9.96,Debit Card,shipped,10/12/2021
ORD-11258,"February 29, 2024",CUST1550,Kelly Lee,kelly.lee21@hotmail.com,EAST,United States,home & kitchen,Throw Blanket,4,179.82,0.05,6.51,PayPal,RETURNED,02-Aug-2024
ORD-11982,07/05/23,CUST1578,melissa bishop,melissa.bishop25@yahoo.com,north,Mexico,Electronis,USB-C Cable,1,126.49,0,19.38,PayPal,SHIPPED,29-Mar-2021
ORD-13122,18-May-2024,CUST1053,Mark Perez,mark.perez14@yahoo.com,Central,United States,beauty,Hair Dryer,6,20.25,0,10.09,gift card,CANCELLED,12-07-2022
11108,"September 15, 2024",CUST1771,Mr. Jeffrey Horton,mr..horton90@outlook.com,NORTH,US,Home&Kitchen,Throw Blanket,4,114.14,0.05,5.46,PayPal,Returned,24-05-2022
11618,05/06/2023,CUST1098,Jessica Smith,,south,Canada,Toys,Board Game,two,47.49,,4.02,Pay Pal,Returned,03/05/2021
ORD-10669,07/13/24,CUST1654,Robert Dennis,robert.dennis11@hotmail.com,west,Canada,Toys,Building Blocks Set,2,23.18,0,4.15,Credit Card,RETURNED,"June 29, 2023"
11734,19-08-2023,CUST1664,Renee Melendez,renee.melendez6@gmail.com,Centrl,canada,Home&Kitchen,Air Fryer,2,62.07,15%,9.43,paypal,pending,12-Jul-2023
ORD-11683,04/07/2023,CUST1189,Jessica Gross,jessica.gross83@outlook.com,EAST,United States,beauty,Lipstick,4,17.87,25%,19.91,Gift Card,RETURNED,05-May-2021
ORD-11370,2024-08-19,CUST1722,Willie Henry,willie.henry66@gmail.com,CENTRAL,Canada,Electronis,Laptop Stand,6,146.22,0,22.65,Pay Pal,Canceled,24-03-2023
12701,13-05-2024,CUST1075,Sarah Moore,sarah.moore42@hotmail.com,south,canada,beauty,Face Moisturizer,5,28.16,10%,0.08,Pay Pal,RETURNED,24-Jun-2023
ORD-11441,02/13/23,CUST1594,Tanya Russell,tanya.russell60@hotmail.com,NORTH,United States,electronics,Smartwatch,5,97.83,0.1,5.67,PayPal,returned,2024-07-25
11407,18-Jan-2023,CUST1835,Timothy Hill,timothy.hill94@hotmail.com,Central,United States,Home&Kitchen,Throw Blanket,1,164.92,0,6.85,debit card,Canceled,"July 18, 2022"
ORD-11792,15-Mar-2023,CUST1230,Jessica Stephens,jessica.stephens45@outlook.com,South,Canada,home & kitchen,LED Desk Lamp,6,125.63,0.2,14.59,Gift Card,Delivered,08/14/2024
10781,13-Aug-2023,CUST1408,Anthony Romero,anthony.romero50@outlook.com,SOUTH,Mexico,Beuty,Lipstick,6,31.27,0.25,12.21,gift card,Delivered,02/26/23
ORD-10599,2022-04-17,CUST1486,Monica Miller,monica.miller83@gmail.com,Centrl,canada,Home and Kitchen,LED Desk Lamp,3,148.38,0,15.45,gift card,DELIVERED,"May 24, 2022"
ORD-10462,,CUST1784,Margaret Harper,margaret.harper90@outlook.com,east,US,Electronics,Wireless Earbuds,6,126.42,0.05,4.43,Credit_Card,shipped,18-Jan-2023
13013,"August 01, 2024",CUST1364,Tracy Burke,tracy.burke10@gmail.com,Nort,canada,apparel,Cotton T-Shirt,1,59.01,0,19.73,paypal,Canceled,18-05-2023
ORD-11803,21-Apr-2024,CUST1374,Charles Schultz,charles.schultz94@outlook.com,EAST,United States,Sports & Outdoors,Water Bottle,1,138.6,0.1,16.17,GiftCard,SHIPPED,"March 28, 2024"
10252,"October 24, 2024",CUST1550,Kelly Lee,kelly.lee21@hotmail.com,East,United States,Home&Kitchen,Air Fryer,3,99.41,,18.05,PAYPAL,Returned,02-Aug-2024
ORD-10230,"June 18, 2024",CUST1182,Angela Vaughn,angela.vaughn14@yahoo.com,CENTRAL,canada,Toy,RC Car,1,17.08,0.05,20.18,GiftCard,pending,2023-08-24
12598,05-Jun-2023,CUST1462,Riley Bryant,riley.bryant76@outlook.com, West ,United States,beauty,Shampoo Set,4,,0,3.47,Debit Card,PENDING,06/03/24
ORD-13113,19-08-2023,CUST1844,Ashley Edwards,ashley.edwards33@gmail.com,Centrl,Mexico,Home and Kitchen,Coffee Maker,5,160.74,0.2,23.71,Credit_Card,Returned,01/21/2023
ORD-10684,11/10/23,CUST1504,Katherine Martinez,katherine.martinez14@gmail.com,CENTRAL,Canada,Apparel,Wool Sweater,5,44.39,0,9.71,gift card,cancelled,04/13/22
13036,01/29/2023,CUST1618,Emily Wilson,emily.wilson81@yahoo.com, North,Canada,Apparel,Baseball Cap,1,79.83,15%,23.4,Credit Card,PENDING,10/04/22
ORD-11520,06/02/23,CUST1349,Theodore Jones Jr.,theodore.jr.59@outlook.com,EAST,USA,Sports & Outdoors,Yoga Mat,5,102.17,20%,9.12,Credit_Card,CANCELLED,2022-01-17
ORD-10883,24-Jan-2024,CUST1592,Jason Love,jason.love68@gmail.com,SOUTH,Canada,Sports & Outdoors,Yoga Mat,1,126.01,0.05,0.3,credit card,RETURNED,12/22/2021
12374,14-01-2023,CUST1788,Cesar Wilson,cesar.wilson63@outlook.com,CENTRAL,Canada,Home and Kitchen,LED Desk Lamp,2,92.29,0,5.25,Debit Card,Deliverd,"May 29, 2022"
10795,19-08-2023,CUST1232,Christopher Parker,christopher.parker81@hotmail.com,Centrl,US,Sports & Outdoors,Water Bottle,4,129.58,0,15.72,paypal,Pending,"August 09, 2023"
ORD-11947,10/02/2023,CUST1418,Jeffrey Mills,jeffrey.mills93@yahoo.com,Sth,Mexico,beauty,Lipstick,4,15.73,0,5.75,Gift Card,SHIPPED,"March 17, 2024"
10904,02/11/23,CUST1327,Trevor Johnson,trevor.johnson84@yahoo.com,WEST,United States,Sports and Outdoors,Yoga Mat,2,143.15,0.1,7.11,PayPal,cancelled,"April 16, 2021"
10998,23-04-2023,CUST1822,Jose Ramirez,jose.ramirez2@gmail.com,west,United States,Electronic,Bluetooth Speaker,1,39.02,0,10.35,Pay Pal,Shipped,25-May-2022
ORD-10940,02/02/2023,CUST1839,Michele Smith,michele.at.gmail.com,South,canada,Appare,Running Shoes,3,33.26,25%,18.54,Credit_Card,delivered,09-Jan-2024
ORD-12169,2024-01-16,CUST1595,Sherry Woods,sherry.woods77@hotmail.com,central,canada,Beauty,Shampoo Set,6,14.85,0,13.04,credit card,PENDING,30-Dec-2021
ORD-10441,14-09-2024,CUST1111,Shannon Walker,shannon.walker34@outlook.com,Est,canada,apparel,Cotton T-Shirt,4,33.53,0,1.68,Credit Card,delivered,"July 27, 2022"
10771,"February 23, 2023",CUST1588,Dale Ryan,dale.ryan39@outlook.com,North,United States,BEAUTY,Shampoo Set,3,44.81,0,1.35,CREDIT CARD,Cancelled,29-Jul-2022
12985,12-10-2024,CUST1189,Jessica Gross,jessica.gross83@outlook.com,east,United States,Sports,Camping Tent,2,82.2,0.15,12.21,PAYPAL,Delivered,05-May-2021
ORD-10613,12-Mar-2024,CUST1031,james ferrell,james.ferrell43@gmail.com,EAST,Mexico,Beuty,Shampoo Set,-2,55.67,0,,GiftCard,Returned,11/19/2023
ORD-10043,12/10/2023,CUST1647,Molly Rodriguez,molly.rodriguez57@gmail.com,EAST,Canada,Apparel,Wool Sweater,5,23.7,,5.74,GiftCard,Pending,10-05-2021
ORD-11797,26-Apr-2023,CUST1709,Sean Clay,sean.clay7@hotmail.com, North,USA,Sports,Water Bottle,5,68.61,0.25,19.64,Gift Card,pending,"August 13, 2024"
ORD-10616,01-Jul-2024,CUST1277,Marie Christian,marie.christian24@hotmail.com,CENTRAL,USA,Electronics,Webcam,-3,212.5,0.15,17.38,Debit,shipped,16-10-2023
10315,08/21/2023,CUST1118,victor baker,victor.baker98@yahoo.com,West,USA,electronics,USB-C Cable,6,29.75,0,12.31,GiftCard,Delivered,01/28/2022
ORD-12027,12-10-2023,CUST1234,Michael Lyons,michael.at.gmail.com,EAST,USA,Appare,Baseball Cap,3,43.3,0.15,2.41,Debit Card,PENDING,06/25/23
ORD-10749,05/05/24,CUST1029,Anthony Rodriguez,anthony.rodriguez9@outlook.com,Central,United States,toys,Puzzle 1000pc,6,50.68,0.2,6.14,debit card,returned,"February 13, 2021"
ORD-12417,20-Jan-2023,CUST1767,Haley Johnson,haley.johnson33@outlook.com,CENTRAL,US,Home&Kitchen,Non-stick Pan Set,two,95.09,0,14.45,Debit,returned,26-Jun-2023
ORD-10004,2024-09-08,CUST1788,Cesar Wilson,cesar.wilson63@outlook.com,Central,Canada,Home & Kitchen,Non-stick Pan Set,4,97.9,,10.8,Gift Card,Canceled,"May 29, 2022"
ORD-12029,"February 23, 2023",CUST1682,Dean Donovan,dean.donovan10@yahoo.com,Centrl,Canada,Appare,Denim Jacket,2,48.19,0.2,22.94,Gift Card,RETURNED,12/22/21
ORD-12104,"May 08, 2023",CUST1144,amber wright,amber.wright25@outlook.com,west,Canada,Apparel,Wool Sweater,4,70.94,0,13.25,CREDIT CARD,returned,29-Jun-2024
ORD-12803,11-11-2023,CUST1169,Daniel Murphy,daniel.at.gmail.com,EAST,Mexico,TOYS,Action Figure,1,28.01,0.05,22.09,Pay Pal,RETURNED,"December 09, 2022"
10145,2024-12-15,CUST1701,James Watson,james.watson1@gmail.com,North,USA,Toy,Action Figure,5,$62.58,10%,22.05,Debit Card,DELIVERED,2024-04-14
ORD-11034,16-09-2023,CUST1039,Brittany Farmer,brittany.farmer52@gmail.com,Nort,US,Electronis,Webcam,3,71.37,0,19.88,PAYPAL,RETURNED,04-Dec-2021
ORD-12285,18-Jul-2023,CUST1742,George Ochoa,george.ochoa65@hotmail.com, North,United States,TOYS,Puzzle 1000pc,2,$21.27,0.2,2.84,Debit Card,pending,"November 03, 2021"
ORD-11885,11-Jun-2023,CUST1551,Angel Gordon,angel.gordon72@outlook.com,central,United States,Sports & Outdoors,Hiking Backpack,4,120.88,,7.46,gift card,Cancelled,04/03/22
10996,05/12/2023,CUST1708,Joseph Williams,joseph.williams29@outlook.com,Sth,Mexico,ELECTRONICS,Laptop Stand,3,243.22,0.15,19.17,PayPal,Returned,2022-02-02
ORD-10538,31-Jan-2024,CUST1252,Tanya Kim,tanya.kim31@hotmail.com,west,United States,home & kitchen,Air Fryer,2,79.83,0,,Debit,shipped,04-06-2024
ORD-11434,06/22/2024,CUST1521,Christopher Morris,christopher.morris22@hotmail.com, West ,Canada,Home&Kitchen,LED Desk Lamp,2,71.96,0,18.36,debit card,Pending,13-08-2023
ORD-10759,"September 13, 2023",CUST1808,Patricia Young PhD,patricia.phd1@yahoo.com, West ,canada,Beauty,Sunscreen SPF50,2,9.65,,2.1,Debit Card,RETURNED,06-12-2022
ORD-10369,10/01/2024,CUST1577,Raymond Le,raymond.le87@yahoo.com,SOUTH,United States,Home&Kitchen,Coffee Maker,2,86.09,0,13.37,Credit Card,shipped,04-Sep-2021
10640,22-Nov-2023,CUST1436,Ralph Anderson,ralph.anderson74@yahoo.com, West ,US,electronics,USB-C Cable,1,64.62,0.15,13.51,Debit Card,shipped,02-07-2023
ORD-10902,26-01-2024,CUST1471,Richard Cooper,richard.cooper46@gmail.com,SOUTH,US,sports & outdoors,Water Bottle,6,89.81,0.1,15.79,Gift Card,RETURNED,31-Dec-2023
ORD-11430,2024-05-26,CUST1185,Dr. Hannah Patterson,dr..patterson15@gmail.com,south,US,Toy,Puzzle 1000pc,4,58.94,0,6.41,credit card,SHIPPED,"April 26, 2022"
ORD-11124,05/29/23,CUST1068,James Brown,james.brown41@hotmail.com, North,US,TOYS,Action Figure,5,37.87,0.1,10.62,Debit Card,Returned,"May 26, 2024"
ORD-12394,2023-06-24,CUST1801,Krista Wilson,krista.wilson11@gmail.com,south,Canada,sports & outdoors,Resistance Bands,6,146.72,0,8.63,Debit,pending,"June 22, 2022"
11502,31-Jul-2023,CUST1292,Jeremy Reed,jeremy.reed16@yahoo.com, West ,Canada,Home & Kitchen,LED Desk Lamp,5,129.46,0,,Debit,pending,10/12/2021
ORD-12980,01/02/2024,CUST1437,  CHRISTOPHER GUERRA  ,christopher.guerra76@yahoo.com,west,Canada,Electronis,USB-C Cable,1,50.1,10%,10.17,PayPal,shipped,2022-12-08
ORD-11225,30-07-2023,CUST1482,Evelyn Martinez,evelyn.martinez39@yahoo.com,south,Canada,Sports & Outdoors,Camping Tent,6,44.14,0,8.39,CC,returned,02/23/2023
ORD-11538,"January 28, 2023",CUST1116,William Herrera,william.herrera71@outlook.com,west,USA,apparel,Wool Sweater,4,64.39,0,10.58,PayPal,delivered,12/22/22
ORD-12905,07/24/2024,CUST1731,Alexander Gomez,alexander.gomez1@yahoo.com,south,Canada,apparel,Denim Jacket,1,24.67,0.05,7.63,gift card,shipped,06/20/2023
ORD-10342,2023-02-13,CUST1254,Cynthia Moore,cynthia.moore37@hotmail.com,WEST,United States,Sports,Resistance Bands,5,75.33,0.15,10.19,Gift Card,delivered,"October 27, 2023"
ORD-12403,12/08/2024,CUST1125,Erin Edwards,erin.at.gmail.com,Centrl,US,electronics,USB-C Cable,1,98.35,0.1,9.49,Debit Card,CANCELLED,2022-05-24
ORD-10507,12-12-2024,CUST1601,Jennifer Simpson DVM,jennifer.dvm45@hotmail.com,West,USA,Sports & Outdoors,Camping Tent,1,114.78,0,9.39,GiftCard,RETURNED,06/01/2022
ORD-11404,-,CUST1495,Lawrence Harrington,lawrence.harrington11@outlook.com,Sth,United States,Beuty,Lipstick,3,53.75,,11.67,debit card,Canceled,"June 11, 2021"
ORD-12378,20-03-2024,CUST1363,Nicole Parrish,nicole.parrish40@gmail.com,Nort,Mexico,Beauty,Lipstick,6,-32.01,0,17.94,Credit_Card,Returned,22-03-2023
12786,07-01-2024,CUST1595,Sherry Woods,sherry.woods77@hotmail.com,CENTRAL,canada,apparel,Denim Jacket,6,83.36,0,12.63,debit card,pending,30-Dec-2021
ORD-12082,"November 20, 2024",CUST1056,  TIMOTHY DUNCAN  ,timothy.duncan17@outlook.com, West ,canada,sports & outdoors,Water Bottle,4,92.05,5%,9.07,Gift Card,CANCELLED,11/27/21
ORD-12259,2023-04-12,CUST1283,Shelia Wallace,shelia.wallace87@yahoo.com,central,Mexico,ELECTRONICS,USB-C Cable,4,120.21,0.1,,debit card,SHIPPED,03/05/2021
ORD-12069,2023-10-20,CUST1774,Carly Riggs,carly.riggs31@yahoo.com,Sth,United States,Appare,Baseball Cap,4,21.64,0,9.83,gift card,PENDING,06/28/2022
12092,"June 29, 2024",CUST1808,Patricia Young PhD,patricia.phd1@yahoo.com,west,canada,Sports & Outdoors,Yoga Mat,6,37.63,0,24.01,debit card,CANCELLED,06-12-2022
ORD-11440,07/06/23,CUST1461,eric williams,eric.williams45@gmail.com,south,United States,Electronic,USB-C Cable,1,58.22,0.15,4.08,PayPal,Pending,2023-06-19
10593,12-Apr-2023,CUST1445,Tracy Montoya,tracy.montoya1@yahoo.com,NORTH,canada,electronics,USB-C Cable,1,61.1,0.15,4.5,CREDIT CARD,Pending,26-02-2022
ORD-12376,01-Jan-2024,CUST1583,Denise Martinez,denise.martinez98@gmail.com,NORTH,USA,ELECTRONICS,Webcam,6,23.51,0.15,15.37,gift card,Pending,"August 05, 2021"
ORD-10549,2023-11-20,CUST1187,Samantha Garcia,samantha.garcia63@hotmail.com,Est,United States,Electronis,Laptop Stand,3,208.22,0,3.29,CC,DELIVERED,2022-07-27
ORD-12546,01/08/23,CUST1155,Michelle Brown,michelle.brown53@gmail.com,west,Mexico,apparel,Baseball Cap,3,18.27,0.05,6.99,GiftCard,SHIPPED,10/14/22
ORD-13140,"December 16, 2024",CUST1139,Angel Perry,angel.perry36@yahoo.com,west,Canada,Clothing,Running Shoes,5,25.86,0.25,8.3,Pay Pal,RETURNED,13-Apr-2024
ORD-11821,15-06-2023,CUST1749,leslie gardner,,east,US,Beauty,Lipstick,5,58.91,0,2.91,debit card,cancelled,09/02/2024
11293,,CUST1764,Jorge Stone,jorge.stone93@outlook.com,SOUTH,canada,electronics,Wireless Earbuds,3,,25%,5.32,debit card,PENDING,13-12-2022
10760,16-May-2024,CUST1150,David Wright,david.wright19@hotmail.com,Centrl,Mexico,electronics,USB-C Cable,6,95.34,25%,18.47,Debit Card,Delivered,"January 26, 2022"
ORD-11810,"April 13, 2023",CUST1753,Jennifer Porter,jennifer.porter40@outlook.com,south,Mexico,ELECTRONICS,Webcam,3,$245.60,0.25,17.08,Debit,Returned,03/27/23
ORD-10138,"August 23, 2024",CUST1684,James Whitaker,james.whitaker33@gmail.com,South,Canada,beauty,Sunscreen SPF50,5,10.47,0.05,20.44,Gift Card,SHIPPED,08-Nov-2022
10166,"May 28, 2024",CUST1669,Michael Morrison,michael.morrison44@outlook.com,SOUTH,US,Sports and Outdoors,Water Bottle,5,15.6,0.25,12.44,credit card,RETURNED,07/17/2023
ORD-12797,24-05-2023,CUST1745,Vincent Novak,vincent.novak6@hotmail.com,West,USA,Home and Kitchen,Coffee Maker,1,160.4,0,23.95,PayPal,Pending,15-Apr-2022
ORD-10234,12/27/2024,CUST1688,Katherine Stark,katherine.stark12@outlook.com,EAST,USA,Beauty,Sunscreen SPF50,2,46.87,0,12.64,Debit,DELIVERED,03/30/2022
ORD-12666,"July 16, 2023",CUST1710,Anthony Jones,anthony.jones33@gmail.com,Central,US,ELECTRONICS,Laptop Stand,1,116.82,0.15,5.76,Pay Pal,Canceled,02/09/22
ORD-12498,04/02/24,CUST1832,Scott Alexander,scott.alexander97@outlook.com,south,Canada,Electronis,Wireless Earbuds,2,13355.8,25%,2.92,GiftCard,DELIVERED,06/18/23
ORD-13026,08/08/2024,CUST1514,Angelica Parker,angelica.parker14@yahoo.com,West,US,Sports and Outdoors,Resistance Bands,6,27.82,0.25,,Debit,returned,12/22/2023
11714,"June 12, 2024",CUST1562,Robert Richardson,robert.at.gmail.com,Centrl,canada,TOYS,Action Figure,6,46.47,,15.76,paypal,Canceled,10-07-2021
ORD-10044,"March 20, 2024",CUST1753,Jennifer Porter,jennifer.porter40@outlook.com,south,Mexico,Beauty,Sunscreen SPF50,6,6.85,10%,18.83,Gift Card,Canceled,03/27/23
11202,2023-12-26,CUST1412,Julian Conner,julian.conner99@outlook.com,North,Canada,Toys,Puzzle 1000pc,4,59.07,0,1.98,debit card,SHIPPED,05/20/22
11321,"July 31, 2023",CUST1167,Alyssa Day,alyssa.day19@yahoo.com,East,US,sports & outdoors,Resistance Bands,1,101.14,,7.89,Gift Card,RETURNED,08/03/23
ORD-11555,07-04-2023,CUST1684,James Whitaker,james.whitaker33@gmail.com,Sth,Canada,Electronis,Wireless Earbuds,5,53.25,0.05,23.69,Debit,delivered,08-Nov-2022
ORD-10030,03/04/23,CUST1311,Victor Taylor,victor.taylor7@outlook.com,West,United States,TOYS,Action Figure,3,23.63,0,4.37,Debit,pending,"February 26, 2023"
ORD-12709,12/27/23,CUST1607,David Lopez,,east,US,Sports,Resistance Bands,1,121.43,0.25,21.44,CREDIT CARD,CANCELLED,16-10-2023
11480,05-02-2024,CUST1119,Jeffrey Chandler,jeffrey.chandler98@outlook.com,east,United States,sports & outdoors,Camping Tent,6,144.54,0.05,,debit card,RETURNED,07/25/2021
ORD-12958,2024-08-10,CUST1344,kayla rodriguez,kayla.rodriguez8@gmail.com,South,canada,Home & Kitchen,Coffee Maker,5,145.78,10%,1.58,Credit Card,CANCELLED,"August 28, 2024"
ORD-12071,"December 31, 2024",CUST1323,brandy chavez,brandy.chavez20@yahoo.com,EAST,United States,Sports,Water Bottle,4,44.62,0.2,17.09,paypal,RETURNED,"November 03, 2022"
ORD-11905,"September 12, 2024",CUST1561,Kim Erickson,kim.at.gmail.com,SOUTH,Mexico,Home & Kitchen,Throw Blanket,3,110.66,0,13.16,credit card,Deliverd,15-Dec-2021
ORD-12358,-,CUST1263,Diane Evans,diane.evans55@gmail.com,East,Canada,apparel,Baseball Cap,2,83.58,15%,24.54,GiftCard,DELIVERED,08/14/2022
11159,01-Jan-2024,CUST1010,Monica Herrera,monica.herrera21@outlook.com,EAST,Mexico,Beuty,Lipstick,1,20.3,0,1.45,PAYPAL,Returned,12/29/2022
ORD-12351,01/17/2023,CUST1038,Elizabeth Fowler,elizabeth.fowler97@yahoo.com,WEST,US,Apparel,Running Shoes,5,17.4,0.15,24.3,CREDIT CARD,Pending,07-Dec-2021
ORD-11032,,CUST1369,Sabrina Austin,sabrina.austin93@hotmail.com,SOUTH,United States,electronics,Wireless Earbuds,2,73.91,0,24.0,GiftCard,Pending,26-Dec-2023
ORD-11566,03/24/23,CUST1032,Tricia Valencia,tricia.valencia70@yahoo.com,west,United States,Electronis,Bluetooth Speaker,2,70.96,10%,18.42,Gift Card,Cancelled,"March 15, 2024"
ORD-12769,29-Jul-2024,CUST1032,Tricia Valencia,tricia.valencia70@yahoo.com,WEST,United States,TOYS,Building Blocks Set,2,27.24,0,13.31,Debit Card,SHIPPED,"March 15, 2024"
ORD-11906,03-04-2023,CUST1545,Cindy Gomez,,central,United States,apparel,Wool Sweater,3,-47.19,0.2,2.6,Debit Card,Returned,04/26/2021
ORD-12834,05-01-2024,CUST1493,Mark Cox,mark.cox51@outlook.com,CENTRAL,US,toys,RC Car,6,24.7,0,1.4,gift card,Shipped,07/11/24
ORD-11703,08/28/23,CUST1300,Tanner Mitchell DDS,tanner.dds36@yahoo.com,Centrl,canada,Beauty,Hair Dryer,4,48.33,0.05,20.0,paypal,shipped,04-07-2024
ORD-11662,06/14/2023,CUST1533,Dr. Michael Evans,dr..evans36@outlook.com,NORTH,canada,Apparel,Denim Jacket,5,79.59,0,,PayPal,SHIPPED,07/03/2023
12831,21-11-2023,CUST1680,Suzanne Wood,suzanne.wood80@hotmail.com,East,canada,Electronics,Bluetooth Speaker,1,34.58,0,23.69,Debit Card,pending,04/07/22
ORD-10574,12-06-2024,CUST1151,Pamela Boyd,pamela.boyd9@outlook.com,Centrl,USA,Home and Kitchen,Air Fryer,3,127.73,20%,17.29,paypal,CANCELLED,30-04-2023
12776,01/15/2024,CUST1401,Craig Morrison,craig.morrison52@hotmail.com,south,USA,Home & Kitchen,LED Desk Lamp,5,153.58,0,6.07,Debit Card,Shipped,03/03/2024
ORD-10570,04/20/23,CUST1067,carol tucker,carol.tucker34@gmail.com,West,USA,Electronic,Bluetooth Speaker,4,30.78,10%,21.69,paypal,RETURNED,"August 11, 2021"
ORD-11162,04/24/2024,CUST1185,Dr. Hannah Patterson,dr..patterson15@gmail.com,South,US,Electronic,Laptop Stand,6,206.23,15%,23.82,CC,pending,"April 26, 2022"
ORD-13114,2023-09-02,CUST1536,Morgan Valencia,morgan.valencia68@yahoo.com, North,US,sports & outdoors,Resistance Bands,1,17.25,0.2,0.24,gift card,DELIVERED,"July 15, 2024"
ORD-12258,N/A,CUST1022,Ethan Adams,ethan.adams81@outlook.com,CENTRAL,United States,BEAUTY,Face Moisturizer,1,6.1,25%,22.18,paypal,delivered,"August 01, 2024"
13098,"February 04, 2023",CUST1757,Melissa Stephens,melissa.stephens78@gmail.com,Central,Mexico,sports & outdoors,Camping Tent,1,139.39,20%,6.85,Debit Card,CANCELLED,27-Feb-2023
ORD-12322,2023-12-20,CUST1743,Valerie Taylor,valerie.taylor79@gmail.com, North,Canada,Sports,Yoga Mat,2,34.23,0,16.85,CREDIT CARD,Cancelled,"December 25, 2023"
ORD-12942,07/16/2023,CUST1151,Pamela Boyd,pamela.boyd9@outlook.com,Centrl,USA,Home&Kitchen,Coffee Maker,5,79.37,0,18.77,GiftCard,SHIPPED,30-04-2023
ORD-11354,07/27/23,CUST1177,Michael Wang,michael.wang23@yahoo.com,East,canada,Sports,Camping Tent,1,5849.99,0,15.35,Pay Pal,Shipped,"September 28, 2021"
ORD-11080,"March 11, 2023",CUST1320,Susan Turner,susan.turner17@gmail.com,Est,canada,Sports,Water Bottle,6,67.17,0.1,11.19,paypal,CANCELLED,18-03-2023
ORD-11239,27-05-2024,CUST1269,Patrick Thornton,patrick.thornton48@outlook.com, North,USA,Sports and Outdoors,Yoga Mat,1,139.23,0.2,8.03,PayPal,shipped,03-02-2021
ORD-11536,02/13/2023,CUST1424,Felicia Aguilar,felicia.aguilar84@yahoo.com,Central,Mexico,beauty,Lipstick,6,41.4,,15.97,debit card,Deliverd,08-09-2022
12656,"October 25, 2024",CUST1071,Whitney Peters,whitney.peters80@outlook.com,East,canada,ELECTRONICS,Smartwatch,1,159.82,0,9.19,Gift Card,PENDING,2024-09-20
ORD-11784,2024-08-19,CUST1661,Emma Butler,emma.butler14@gmail.com,SOUTH,Mexico,Toys,Puzzle 1000pc,3,50.88,0.05,22.59,Debit,Returned,03-Dec-2021
ORD-11608,"August 13, 2023",CUST1576,Thomas Peterson,thomas.at.gmail.com,Centrl,canada,Sports & Outdoors,Camping Tent,6,99.77,0.05,,PAYPAL,CANCELLED,"March 13, 2021"
ORD-11962,30-01-2023,CUST1036,Sherri Baker,sherri.baker55@yahoo.com,South,Canada,TOYS,Board Game,4,46.45,0,10.38,CREDIT CARD,returned,25-Jul-2022
12703,27-08-2024,CUST1717,Brenda Hinton,brenda.hinton11@outlook.com,south,USA,toys,Puzzle 1000pc,3,16.75,25%,1.33,Debit,pending,"October 14, 2021"
ORD-10005,"February 13, 2024",CUST1050,Jessica Holmes,jessica.holmes45@gmail.com,east,United States,Sports and Outdoors,Resistance Bands,4,149.59,0.05,10.34,Pay Pal,Canceled,16-05-2022
ORD-11261,14-Dec-2024,CUST1085,Daniel Baker,daniel.baker32@outlook.com,South,USA,Beauty,Shampoo Set,1,42.47,0,,Debit Card,Returned,04-Dec-2023
ORD-11144,06-Mar-2024,CUST1327,Trevor Johnson,trevor.johnson84@yahoo.com,West,United States,Toy,Action Figure,4,61.29,0,8.0,Gift Card,Canceled,"April 16, 2021"
ORD-10556,05/22/23,CUST1093,  CHRISTINA WALTERS  ,christina.walters86@hotmail.com,SOUTH,canada,electronics,USB-C Cable,2,52.37,0,10.29,Debit Card,returned,05-Dec-2021
ORD-12049,04-04-2024,CUST1708,Joseph Williams,joseph.williams29@outlook.com,south,Mexico,ELECTRONICS,Laptop Stand,3,25.95,0.1,10.97,gift card,DELIVERED,2022-02-02
ORD-12136,2024-07-22,CUST1237,David Davis,david.davis50@hotmail.com,Nort,US,Appare,Denim Jacket,5,60.76,25%,12.01,PayPal,RETURNED,"April 03, 2024"
11848,02-11-2023,CUST1699,Brent Hernandez,brent.at.gmail.com, West ,US,beauty,Hair Dryer,4,49.41,0.1,12.98,Debit Card,Deliverd,12-04-2022
12613,13-Apr-2024,CUST1371,Debra White,debra.white54@gmail.com,NORTH,Canada,sports & outdoors,Hiking Backpack,1,37.55,0.05,1.02,Pay Pal,PENDING,05/08/2022
12554,11-08-2023,CUST1250,Isaiah Avila,isaiah.avila5@outlook.com,Central,US,beauty,Shampoo Set,1,41.73,0.25,9.81,Gift Card,Shipped,06/19/2024
ORD-13028,2023-10-17,CUST1708,Joseph Williams,joseph.williams29@outlook.com,SOUTH,Mexico,Beuty,Lipstick,5,41.95,0,6.49,Credit Card,Delivered,2022-02-02
ORD-11113,"December 12, 2024",CUST1327,Trevor Johnson,trevor.johnson84@yahoo.com,west,United States,Toy,Board Game,1,52.83,10%,,Debit Card,returned,"April 16, 2021"
ORD-12250,25-Feb-2024,CUST1629,Kevin Davis,kevin.davis69@gmail.com,north,Mexico,Sports and Outdoors,Yoga Mat,2,15.34,0.15,13.52,CC,Canceled,2024-05-01
12329,2023-04-27,CUST1249,Kimberly Gutierrez,kimberly.at.gmail.com,Centrl,Mexico,Toy,RC Car,1,50.66,0,0.78,Gift Card,DELIVERED,"July 27, 2021"
ORD-10182,20-May-2024,CUST1327,Trevor Johnson,trevor.johnson84@yahoo.com,West,United States,Electronis,Bluetooth Speaker,1,158.33,0,10.07,CREDIT CARD,Delivered,"April 16, 2021"
ORD-11832,15-04-2023,CUST1363,Nicole Parrish,nicole.parrish40@gmail.com,NORTH,Mexico,Apparel,Denim Jacket,2,46.52,0.1,18.86,Credit_Card,RETURNED,22-03-2023
ORD-11902,08-10-2023,CUST1420,George Harper,george.at.gmail.com,West,USA,Beuty,Shampoo Set,1,44.64,0,4.91,PAYPAL,pending,10-06-2023
ORD-11630,16-09-2023,CUST1708,Joseph Williams,joseph.williams29@outlook.com,South,Mexico,Electronis,Laptop Stand,4,224.9,0.25,23.77,Pay Pal,Shipped,2022-02-02
ORD-12247,"September 14, 2023",CUST1292,Jeremy Reed,jeremy.reed16@yahoo.com,west,Canada,Beauty,Face Moisturizer,5,56.71,0.1,14.6,Pay Pal,Canceled,10/12/2021
ORD-11278,2023-07-09,CUST1821,Mark Beard,mark.at.gmail.com,Sth,USA,Clothing,Denim Jacket,N/A,57.65,5%,24.49,Debit Card,Returned,08/21/2023
ORD-11966,N/A,CUST1156,Joshua Perry,joshua.perry49@hotmail.com,Sth,US,Toy,Building Blocks Set,6,29.94,0.2,23.13,CREDIT CARD,CANCELLED,09/21/24
ORD-12636,10/31/2023,CUST1620,Casey Hernandez,casey.hernandez56@hotmail.com,west,US,electronics,Bluetooth Speaker,6,102.05,0.15,23.02,Debit,shipped,07-Apr-2023
11585,03/20/24,CUST1160,Paul Castaneda,paul.at.gmail.com,Central,US,Toys,Puzzle 1000pc,3,28.31,0.15,8.6,GiftCard,delivered,11/04/22
ORD-10487,07/25/24,CUST1843,Benjamin Reyes,benjamin.reyes5@hotmail.com,Central,canada,Sports,Water Bottle,2,38.04,0.1,22.99,Credit Card,shipped,09-Sep-2024
11018,"May 24, 2023",CUST1401,Craig Morrison,craig.morrison52@hotmail.com,South,USA,Home&Kitchen,Non-stick Pan Set,6,116.08,0.15,4.25,Credit Card,Returned,03/03/2024
12107,2023-02-17,CUST1426,Jenna Larson,jenna.larson63@yahoo.com,EAST,US,TOYS,RC Car,2,39.5,0.25,23.47,PayPal,delivered,30-Oct-2022
10063,2024-06-02,CUST1481,Howard Norman,howard.at.gmail.com, North,Canada,BEAUTY,Lipstick,-3,24.19,0,8.93,PayPal,cancelled,2023-02-24
ORD-12845,03/21/2024,CUST1259,Mrs. Kristen Reyes,mrs..reyes11@outlook.com,Est,Canada,apparel,Wool Sweater,4,71.42,0,24.3,debit card,cancelled,2022-04-05
ORD-10895,20-09-2024,CUST1042,Sherry Decker,sherry.decker8@outlook.com,CENTRAL,US,apparel,Baseball Cap,2,45.92,20%,18.34,Debit Card,Cancelled,2021-04-28
ORD-10162,01/27/23,CUST1712,Timothy Edwards,timothy.edwards25@outlook.com,East,canada,Toys,Board Game,4,12.78,0,18.7,PAYPAL,PENDING,23-Sep-2023
ORD-13139,02/14/2023,CUST1255,Kristen Davis,kristen.davis78@yahoo.com,west,USA,Apparel,Baseball Cap,3,52.32,0.1,9.15,GiftCard,RETURNED,2022-05-28
ORD-12800,11-06-2024,CUST1704,Shannon Malone,shannon.malone29@yahoo.com,Est,Mexico,BEAUTY,Shampoo Set,3,10.38,0,1.73,Debit,Pending,"March 12, 2023"
ORD-10739,12/04/24,CUST1047,Shane Henderson,shane.henderson34@yahoo.com,EAST,US,Toy,Building Blocks Set,five,,5%,4.35,CREDIT CARD,Canceled,10/06/2022
ORD-13091,2023-06-08,CUST1342,Anthony Harmon,anthony.harmon18@gmail.com,west,Mexico,Home and Kitchen,LED Desk Lamp,6,73.33,0.1,15.24,Pay Pal,CANCELLED,02/02/2024
ORD-10157,22-Jan-2024,CUST1768,Jason Nixon,jason.nixon97@outlook.com,West,canada,apparel,Cotton T-Shirt,3,85.09,0,18.99,Gift Card,returned,07/29/23
11347,2024-01-09,CUST1160,Paul Castaneda,paul.at.gmail.com,Central,US,Sports and Outdoors,Water Bottle,1,$25.68,0.25,23.46,Gift Card,DELIVERED,11/04/22
10191,01/04/2024,CUST1591,Kiara Little,kiara.little8@yahoo.com,Centrl,US,Toys,Puzzle 1000pc,6,40.67,0,23.63,Pay Pal,Cancelled,15-05-2021
11130,2023-09-13,CUST1832,Scott Alexander,scott.alexander97@outlook.com,South,Canada,Sports & Outdoors,Camping Tent,1,49.77,0,23.91,Debit,Shipped,06/18/23
ORD-10091,25-12-2023,CUST1681,Justin Walker,justin.walker78@yahoo.com,west,United States,Toy,Action Figure,4,36.17,0,22.21,Gift Card,Pending,01-02-2022
ORD-10953,08/20/23,CUST1592,Jason Love,jason.love68@gmail.com,South,Canada,Home & Kitchen,LED Desk Lamp,4,51.7,25%,21.85,credit card,Delivered,12/22/2021
10288,16-11-2023,CUST1812,douglas ryan,douglas.ryan50@hotmail.com,Nort,US,beauty,Face Moisturizer,4,56.58,0.25,6.16,Debit Card,Pending,28-03-2022
10180,"March 09, 2024",CUST1739,Linda Gonzalez,linda.gonzalez75@yahoo.com,Central,USA,Beuty,Sunscreen SPF50,3,29.72,0,16.13,PAYPAL,Delivered,06/30/24
11389,"June 09, 2024",CUST1691,Pamela Gutierrez,pamela.gutierrez88@outlook.com,West,USA,Home and Kitchen,Non-stick Pan Set,4,149.53,0.2,16.16,GiftCard,Shipped,2023-02-21
ORD-12730,06/07/2023,CUST1606,Brian Martin,brian.martin77@hotmail.com,South,Mexico,TOYS,Puzzle 1000pc,6,51.26,0.25,12.58,Pay Pal,SHIPPED,14-09-2024
ORD-10244,2022-12-20,CUST1024,Matthew Foster,matthew.foster3@gmail.com,South,Canada,Beauty,Lipstick,4,34.42,0,17.22,Debit,SHIPPED,14-01-2023
ORD-10859,"May 22, 2023",CUST1459,Ruben Dunn,ruben.dunn70@outlook.com,West,canada,Sports and Outdoors,Resistance Bands,3,98.09,0,0.46,PayPal,Delivered,2024-01-16
12292,-,CUST1380,  KARLA RAMOS  ,karla.ramos72@yahoo.com,Est,United States,Beauty,Sunscreen SPF50,5,22.44,0.25,9.36,credit card,Pending,03/07/2023
ORD-11406,01/25/24,CUST1786,Lisa Cervantes,lisa.cervantes49@yahoo.com,south,US,Apparel,Running Shoes,6,49.3,0.1,19.44,PayPal,Pending,10/26/21
ORD-10578,unknown,CUST1191,Karen Graham,,south,canada,Toy,Puzzle 1000pc,1,36.8,0.05,4.85,CREDIT CARD,Delivered,11/15/2022
11280,09/17/24,CUST1724,mary miller,mary.miller73@yahoo.com,north,United States,Sports,Hiking Backpack,5,48.36,0,22.82,PAYPAL,Canceled,18-09-2023
ORD-10568,02/09/2024,CUST1817,Beth Cline,beth.cline37@outlook.com, West ,Mexico,Beauty,Sunscreen SPF50,,19.28,0,17.25,Debit,RETURNED,09/14/21
ORD-11401,05-01-2023,CUST1166,Alyssa Long,alyssa.long79@hotmail.com,SOUTH,US,Apparel,Running Shoes,4,53.57,0,20.31,gift card,Deliverd,06/23/24
11920,02/14/2023,CUST1766,Raymond Chapman,raymond.chapman14@gmail.com,east,Canada,Beauty,Lipstick,6,52.32,0,22.62,Pay Pal,SHIPPED,28-10-2023
ORD-10404,18-06-2023,CUST1586,Dwayne Klein,dwayne.klein89@hotmail.com,EAST,Mexico,Appare,Wool Sweater,6,85.6,15%,21.51,CC,pending,21-Mar-2021
ORD-11771,2024-07-11,CUST1185,Dr. Hannah Patterson,dr..patterson15@gmail.com,Sth,US,Home&Kitchen,Throw Blanket,3,50.2,0.1,19.28,paypal,returned,"April 26, 2022"
ORD-11397,06-Feb-2024,CUST1443,Holly Valentine,holly.valentine81@yahoo.com,West,US,Electronis,Webcam,-1,-151.82,0.1,,Credit Card,Pending,01/17/22
10990,21-03-2024,CUST1301,Heather Fields,heather.at.gmail.com,Centrl,canada,home & kitchen,Air Fryer,4,47.03,,12.96,gift card,returned,08/05/2024
ORD-10929,09/22/2023,CUST1504,Katherine Martinez,katherine.martinez14@gmail.com,Centrl,Canada,apparel,Wool Sweater,2,-72.92,0,11.79,Credit Card,SHIPPED,04/13/22
12021,06/21/24,CUST1135,Jose Schultz,jose.schultz52@outlook.com,WEST,US,Home & Kitchen,Non-stick Pan Set,6,159.86,0.2,7.46,CREDIT CARD,CANCELLED,"October 22, 2023"
11981,02/15/2023,CUST1548,jessica khan,jessica.khan91@yahoo.com,Est,Canada,Sports & Outdoors,Water Bottle,2,35.76,0.25,17.78,debit card,Pending,"August 16, 2021"
12108,07/24/2024,CUST1567,Lauren Jackson,lauren.jackson47@gmail.com,Est,Mexico,Sports and Outdoors,Water Bottle,1,90.01,0,7.12,CREDIT CARD,DELIVERED,2023-05-26
ORD-11194,15-11-2024,CUST1422,Michael Mitchell,michael.mitchell59@gmail.com,North,US,Sports & Outdoors,Camping Tent,2,80.06,0.2,21.19,paypal,returned,05-10-2021
12970,"November 20, 2023",CUST1730,Jerry Peters,jerry.peters29@hotmail.com,west,US,sports & outdoors,Resistance Bands,3,116.66,0,15.4,Credit Card,PENDING,24-12-2022
10089,09-01-2023,CUST1738,Mr. David Wright,mr..wright61@hotmail.com,west,canada,Toy,Board Game,6,29.41,0,0.92,PAYPAL,Canceled,12/16/2021
ORD-10752,2023-06-29,CUST1185,Dr. Hannah Patterson,dr..patterson15@gmail.com,Sth,US,Sports,Resistance Bands,4,3425.77,0,15.63,Debit,delivered,"April 26, 2022"
ORD-12482,08/23/23,CUST1016,Holly Wood,holly.wood69@outlook.com,Central,US,Home & Kitchen,Air Fryer,6,119.2,20%,6.83,gift card,DELIVERED,12-Apr-2024
ORD-12176,"February 21, 2024",CUST1438,Rhonda Martin,rhonda.martin11@gmail.com,east,USA,Toys,Action Figure,5,26.29,0.15,21.71,gift card,Deliverd,18-10-2021
ORD-11191,15-05-2024,CUST1404,Joann Glass,joann.glass43@gmail.com,South,United States,Beuty,Sunscreen SPF50,6,41.51,20%,6.82,debit card,RETURNED,2023-12-18
10789,12/11/2024,CUST1055,Michael Lewis,michael.at.gmail.com,north,Canada,Home&Kitchen,Throw Blanket,2,22.88,0.15,1.79,PAYPAL,cancelled,18-05-2023
ORD-10925,2024-04-28,CUST1001,Noah Rhodes,noah.rhodes95@gmail.com,North,Canada,Sports & Outdoors,Camping Tent,4,81.7,0.1,12.47,CC,Shipped,24-Apr-2024
ORD-12548,,CUST1257,Kathleen Moran,kathleen.moran66@yahoo.com,south,US,BEAUTY,Lipstick,2,59.81,0,19.99,CC,Pending,2023-06-15
ORD-11469,26-Feb-2023,CUST1845,Breanna Ayala,breanna.at.gmail.com,WEST,Canada,Home & Kitchen,Air Fryer,4,138.73,0.2,5.22,Gift Card,Returned,03/04/22
10314,02/27/23,CUST1774,Carly Riggs,carly.riggs31@yahoo.com,South,United States,electronics,Bluetooth Speaker,3,43.52,25%,10.41,GiftCard,Cancelled,06/28/2022
ORD-10029,23-06-2024,CUST1493,Mark Cox,mark.cox51@outlook.com,Central,US,Clothing,Cotton T-Shirt,,53.14,15%,24.01,Pay Pal,Cancelled,07/11/24
12838,04/27/2023,CUST1417,Carrie Wright,carrie.wright42@hotmail.com,west,US,Home & Kitchen,Non-stick Pan Set,3,27.98,0,21.56,Credit_Card,shipped,26-01-2021
ORD-12059,11/09/2024,CUST1625,Michael Miller,michael.miller67@outlook.com,South,USA,Home and Kitchen,Non-stick Pan Set,5,117.14,0.2,0.54,CC,Delivered,06/08/23
12823,03/02/24,CUST1384,aimee turner,aimee.turner28@hotmail.com,EAST,Canada,Beauty,Shampoo Set,4,38.04,0.05,13.69,CC,Delivered,04-03-2022
ORD-12334,22-10-2023,CUST1676,  KRISTEN ROWE  ,kristen.rowe27@gmail.com,north,canada,Sports and Outdoors,Water Bottle,2,102.7,0,10.04,debit card,CANCELLED,05-Jan-2023
ORD-11223,11/30/23,CUST1454,Alfred Galvan,, West ,United States,Toy,Building Blocks Set,1,60.38,5%,4.78,debit card,returned,2023-01-06
ORD-10897,10-10-2024,CUST1233,Laura Roberts,laura.roberts73@outlook.com,SOUTH,US,Sports and Outdoors,Water Bottle,6,28.07,0,8.49,PAYPAL,Cancelled,08-07-2024
ORD-10668,08/29/2024,CUST1773,Samuel Wong,samuel.wong74@outlook.com,South,US,Clothing,Wool Sweater,5,69.6,0.1,0.65,Credit_Card,Shipped,01/10/22
ORD-11554,"July 19, 2023",CUST1720,Randy Friedman,randy.friedman5@outlook.com, West ,Mexico,apparel,Wool Sweater,4,79.33,5%,12.9,Credit Card,cancelled,"January 19, 2024"
11172,02/03/23,CUST1327,Trevor Johnson,trevor.johnson84@yahoo.com,West,United States,Appare,Cotton T-Shirt,6,79.67,20%,7.16,CREDIT CARD,cancelled,"April 16, 2021"
ORD-10919,12-08-2024,CUST1291,Stephanie Byrd,stephanie.byrd9@outlook.com,Sth,USA,TOYS,Board Game,6,67.94,0.2,7.65,Pay Pal,Shipped,09/07/2022
ORD-12404,28-05-2024,CUST1090,matthew mcmillan,, West ,Canada,apparel,Running Shoes,4,74.03,0.1,2.69,CC,returned,25-Mar-2024
12575,2024-07-30,CUST1131,Dustin Jordan,dustin.jordan30@outlook.com, West ,Canada,Toys,RC Car,5,27.64,0,18.91,Gift Card,RETURNED,08/03/22
ORD-12559,06-07-2024,CUST1018,Lisa Jackson,lisa.jackson88@hotmail.com,west,US,Beauty,Lipstick,6,$46.78,0,3.53,Gift Card,pending,2024-05-06
13001,2023-10-02,CUST1348,James Parks,james.parks18@hotmail.com,Nort,USA,Electronis,Smartwatch,6,$228.03,15%,23.98,Credit Card,RETURNED,07/13/2022
ORD-10764,09-09-2023,CUST1341,Cynthia Morris,cynthia.morris7@gmail.com,west,Canada,Sports,Yoga Mat,-3,11.89,0,20.37,PAYPAL,Delivered,27-04-2023
ORD-11192,26-09-2024,CUST1433,Chad Jones,chad.jones69@gmail.com,East,United States,Home & Kitchen,Throw Blanket,2,137.59,0.2,11.19,gift card,Pending,08/12/2021
ORD-12750,09/05/23,CUST1094,John Whitehead,john.whitehead51@gmail.com,West,United States,Clothing,Baseball Cap,5,30.3,0,23.3,Debit,cancelled,06/21/21
ORD-11800,06/18/2024,CUST1039,brittany farmer,brittany.farmer52@gmail.com,Nort,US,Beuty,Shampoo Set,4,20.2,0.1,21.29,CC,RETURNED,04-Dec-2021
12663,2024-03-24,CUST1360,Parker Cain,parker.cain26@yahoo.com,Centrl,US,Clothing,Baseball Cap,5,44.43,,6.58,Debit,DELIVERED,03-12-2021
ORD-11953,08-10-2023,CUST1267,Colin Terry,colin.terry31@hotmail.com,NORTH,canada,Sports and Outdoors,Resistance Bands,4,41.18,0,16.3,paypal,Delivered,01/19/22
11475,16-07-2024,CUST1678,Jose Crawford,jose.crawford90@outlook.com,west,US,Home & Kitchen,Coffee Maker,5,57.82,0.25,13.95,CC,pending,2024-09-22
ORD-12699,05-06-2024,CUST1471,richard cooper,richard.cooper46@gmail.com,South,US,ELECTRONICS,Wireless Earbuds,4,119.53,20%,5.42,Credit_Card,CANCELLED,31-Dec-2023
11782,02/16/23,CUST1266,Kimberly Gibson,kimberly.gibson74@yahoo.com,WEST,Canada,electronics,Webcam,4,162.72,,1.18,Pay Pal,Shipped,22-10-2021
ORD-12289,2022-07-30,CUST1316,Lauren Carson,lauren.carson84@hotmail.com,north,Canada,Appare,Baseball Cap,1,-87.84,0.05,16.3,Debit,pending,"August 09, 2022"
ORD-12928,2023-05-03,CUST1553,Barbara Hester,barbara.hester51@gmail.com,east,canada,Home and Kitchen,LED Desk Lamp,4,77.59,25%,11.64,PAYPAL,Cancelled,"January 08, 2022"
ORD-12457,2023-01-28,CUST1375,Paul Lewis,paul.lewis19@yahoo.com,EAST,Canada,Electronic,Wireless Earbuds,3,128.43,0.1,12.67,PAYPAL,SHIPPED,27-04-2023
11322,25-May-2023,CUST1588,Dale Ryan,dale.ryan39@outlook.com,NORTH,United States,Sports and Outdoors,Resistance Bands,6,54.87,0.1,13.28,Gift Card,Deliverd,29-Jul-2022
ORD-11027,07/20/2023,CUST1379,megan nelson,megan.nelson91@yahoo.com,Central,US,home & kitchen,Air Fryer,5,128.65,0,5.76,Gift Card,pending,2023-08-07
ORD-11409,2024-08-26,CUST1430,Maria Henderson,maria.henderson31@outlook.com,west,US,Sports and Outdoors,Resistance Bands,5,139.45,0,6.65,PayPal,shipped,09/10/2024
ORD-12858,2024-12-01,CUST1799,Donald Medina,donald.medina31@outlook.com,SOUTH,US,Home & Kitchen,Air Fryer,2,,20%,17.34,gift card,Deliverd,06/13/2021
ORD-11040,2023-03-02,CUST1107,Sierra Johnson,sierra.johnson23@outlook.com,WEST,US,apparel,Denim Jacket,4,31.14,0,1.42,debit card,CANCELLED,"June 15, 2024"
ORD-10171,N/A,CUST1164,Michael Powell,,East,USA,toys,Puzzle 1000pc,2,8.88,0,16.85,PayPal,Pending,25-04-2021
ORD-10683,01/30/2024,CUST1568,Lisa Randall,lisa.randall62@yahoo.com,South,United States,toys,Board Game,4,46.48,0.1,10.06,CREDIT CARD,RETURNED,2021-07-18
ORD-11926,04/21/23,CUST1232,Christopher Parker,christopher.parker81@hotmail.com,Centrl,US,TOYS,Building Blocks Set,1,58.9,0,9.57,debit card,shipped,"August 09, 2023"
ORD-12545,2023-01-15,CUST1422,Michael Mitchell,michael.mitchell59@gmail.com,Nort,US,electronics,Laptop Stand,6,220.74,0,8.39,Gift Card,delivered,05-10-2021
ORD-11095,17-07-2023,CUST1092,Denise Jacobs,denise.jacobs63@yahoo.com, West ,Canada,Beauty,Face Moisturizer,4,7.28,0.2,17.98,Gift Card,pending,13-Jul-2022
ORD-12129,08-11-2024,CUST1560,Nancy Evans MD,nancy.md5@outlook.com,east,Canada,BEAUTY,Lipstick,6,10.95,0,21.07,CC,PENDING,11-02-2021
12684,09/28/24,CUST1300,Tanner Mitchell DDS,tanner.dds36@yahoo.com,central,canada,apparel,Cotton T-Shirt,2,37.06,15%,6.44,CREDIT CARD,delivered,04-07-2024
ORD-11432,10/17/24,CUST1739,Linda Gonzalez,linda.gonzalez75@yahoo.com,Central,USA,Sports and Outdoors,Camping Tent,2,46.85,0.1,24.79,Pay Pal,Pending,06/30/24
ORD-11807,2023-07-29,CUST1324,Natalie Bautista,natalie.bautista79@outlook.com,Centrl,canada,Beauty,Hair Dryer,6,56.84,0,1.87,debit card,cancelled,30-04-2024
ORD-12028,08-Apr-2023,CUST1395,Dana Chapman,dana.chapman81@yahoo.com,south,Canada,Sports & Outdoors,Water Bottle,6,27.5,0,12.52,PAYPAL,Shipped,05/20/21
ORD-11626,09/20/2023,CUST1043,Anthony Humphrey,anthony.humphrey68@yahoo.com,north,United States,apparel,Running Shoes,1,65.43,0.2,3.53,PayPal,Pending,"April 27, 2021"
ORD-12774,22-Jul-2023,CUST1566,Paula Lane,paula.at.gmail.com,central,US,Beuty,Lipstick,2,55.26,,21.54,CREDIT CARD,Shipped,"March 16, 2023"
12959,05-03-2023,CUST1809,Heather Page,,Est,Canada,Beauty,Lipstick,4,11.27,0.1,5.17,paypal,Returned,05-Oct-2023
ORD-12118,"January 14, 2023",CUST1676,Kristen Rowe,kristen.rowe27@gmail.com,Nort,canada,Appare,Wool Sweater,3,61.73,0,2.51,Pay Pal,pending,05-Jan-2023
ORD-11614,"December 12, 2024",CUST1555,Nicole Gonzalez,nicole.at.gmail.com,south,Mexico,electronics,Smartwatch,6,89.0,0.25,17.1,Pay Pal,Cancelled,12-12-2022
ORD-11778,2024-01-30,CUST1418,Jeffrey Mills,jeffrey.mills93@yahoo.com,south,Mexico,home & kitchen,LED Desk Lamp,2,124.85,0.05,8.45,paypal,PENDING,"March 17, 2024"
ORD-11449,2023-09-29,CUST1730,Jerry Peters,jerry.peters29@hotmail.com,West,US,TOYS,RC Car,5,53.13,0,,gift card,RETURNED,24-12-2022
11910,26-Jul-2023,CUST1828,Derrick Clayton,derrick.clayton32@gmail.com,west,Mexico,ELECTRONICS,Smartwatch,5,$140.27,5%,7.61,CC,Pending,"March 28, 2021"
ORD-12389,2023-11-04,CUST1108,Evelyn Galvan,evelyn.galvan94@outlook.com,Nort,USA,Toy,RC Car,4,53.15,,23.73,Credit_Card,Cancelled,10/23/2022
ORD-11006,2024-08-08,CUST1664,Renee Melendez,renee.melendez6@gmail.com,Centrl,canada,Electronics,Bluetooth Speaker,6,248.77,20%,19.62,CREDIT CARD,shipped,12-Jul-2023
ORD-11791,11/29/24,CUST1011,Jamie Arnold,jamie.arnold83@gmail.com,South,canada,Sports,Hiking Backpack,2,53.89,5%,0.52,paypal,cancelled,06/01/24
ORD-10178,11/18/23,CUST1215,Anthony Everett,anthony.everett28@hotmail.com,east,United States,Home & Kitchen,Coffee Maker,5,156.04,0,23.16,Debit,Delivered,10-May-2023
ORD-10010,05/30/23,CUST1736,Charles Turner,charles.turner19@gmail.com,Sth,canada,sports & outdoors,Resistance Bands,1,113.37,0.15,15.31,Debit Card,DELIVERED,07-12-2021
ORD-10612,01/18/2023,CUST1577,Raymond Le,raymond.le87@yahoo.com,SOUTH,United States,Clothing,Denim Jacket,6,59.03,0,8.24,Debit Card,Shipped,04-Sep-2021
ORD-12230,"July 29, 2023",CUST1827,  CLAUDIA JORDAN  ,claudia.jordan56@outlook.com,East,canada,Electronis,Laptop Stand,3,178.7,0.25,5.51,Credit_Card,CANCELLED,01/31/2021
12634,2023-03-23,CUST1184,Lindsay Martinez,lindsay.martinez53@gmail.com,North,USA,Sports & Outdoors,Resistance Bands,3,30.29,15%,0.82,PAYPAL,DELIVERED,2021-10-14
11637,2024-05-24,CUST1466,Jason Beck,jason.beck17@yahoo.com,EAST,United States,Appare,Denim Jacket,2,18.06,25%,5.48,Debit Card,SHIPPED,05/27/2022
10881,"February 12, 2024",CUST1034,Debra Davidson,debra.davidson60@gmail.com,North,Canada,Toy,Board Game,2,16.95,0.15,17.12,debit card,Returned,08/31/24
ORD-12603,2023-03-16,CUST1242,Kevin Walters,kevin.walters7@outlook.com, North,canada,Sports,Resistance Bands,-3,146.95,0.05,22.16,Credit Card,Shipped,15-05-2021
13005,N/A,CUST1306,Edward Burgess,edward.burgess88@hotmail.com,NORTH,Mexico,toys,RC Car,1,35.74,0,8.29,PAYPAL,PENDING,02-Sep-2022
10757,2024-12-03,CUST1745,Vincent Novak,vincent.novak6@hotmail.com,WEST,USA,beauty,Shampoo Set,1,40.18,0.15,22.73,PAYPAL,PENDING,15-Apr-2022
ORD-11675,07/29/2023,CUST1475,Julie Dominguez,julie.dominguez1@hotmail.com,south,Mexico,Appare,Cotton T-Shirt,2,19.6,0.25,13.78,gift card,PENDING,02/19/22
ORD-10078,2024-11-04,CUST1464,Jose Allen,jose.allen69@yahoo.com,Est,USA,Home and Kitchen,Coffee Maker,1,61.69,0,21.64,Credit Card,cancelled,10/25/22
ORD-11499,2023-06-23,CUST1663,Samuel Turner,samuel.turner51@yahoo.com,EAST,Canada,Beuty,Sunscreen SPF50,-1,27.6,0.15,1.19,paypal,Cancelled,07/26/2023
ORD-10106,29-10-2024,CUST1319,Connie Brown,connie.brown50@hotmail.com,central,Mexico,Clothing,Running Shoes,5,33.29,10%,16.01,Debit Card,Returned,01-02-2024
ORD-11411,2024-06-23,CUST1450,Brittany Kim,brittany.kim16@yahoo.com,Sth,USA,BEAUTY,Face Moisturizer,3,7.56,10%,9.06,PayPal,Pending,2022-09-18
ORD-11979,2023-04-04,CUST1091,Brian Rodriguez,brian.rodriguez39@hotmail.com,Centrl,canada,Beuty,Shampoo Set,4,43.37,5%,9.52,Pay Pal,delivered,"May 09, 2023"
10728,03/03/2024,CUST1464,Jose Allen,jose.allen69@yahoo.com,East,USA,Sports,Camping Tent,3,128.08,0.1,6.43,credit card,Pending,10/25/22
ORD-11639,"August 09, 2023",CUST1358,Christian Leblanc,christian.leblanc98@yahoo.com,CENTRAL,US,Electronics,Smartwatch,6,$82.00,25%,17.81,PayPal,RETURNED,2024-05-05
ORD-12804,30-08-2024,CUST1495,Lawrence Harrington,lawrence.harrington11@outlook.com,South,United States,Beauty,Face Moisturizer,4,22.93,0.25,13.41,debit card,CANCELLED,"June 11, 2021"
ORD-10391,05/26/23,CUST1417,Carrie Wright,carrie.wright42@hotmail.com,West,US,beauty,Sunscreen SPF50,4,19.63,0.1,,gift card,delivered,26-01-2021
ORD-12566,19-04-2024,CUST1804,Kimberly Fritz,kimberly.fritz60@outlook.com,South,Mexico,Electronics,Laptop Stand,5,23.19,0.25,17.89,Debit,DELIVERED,29-Jan-2024
ORD-10370,2023-09-20,CUST1219,Bailey Duran DDS,bailey.dds56@gmail.com,CENTRAL,US,Toy,RC Car,2,$45.10,0.25,18.93,Credit_Card,CANCELLED,08/04/22
ORD-11009,"September 20, 2024",CUST1461,Eric Williams,eric.williams45@gmail.com,SOUTH,United States,apparel,Running Shoes,5,56.3,0.15,14.45,debit card,Pending,2023-06-19
ORD-11960,2023-02-19,CUST1339,David Thompson,david.thompson26@outlook.com,East,United States,Beauty,Sunscreen SPF50,6,5.37,0.2,12.07,PAYPAL,PENDING,02/26/24
10792,12/11/2024,CUST1604,Mrs. Virginia Daniels,mrs..at.gmail.com,EAST,USA,TOYS,Action Figure,1,52.26,0,2.52,Credit_Card,RETURNED,07/21/22
ORD-10665,04-09-2024,CUST1119,Jeffrey Chandler,jeffrey.chandler98@outlook.com,EAST,United States,Home and Kitchen,Coffee Maker,N/A,64.24,10%,18.64,paypal,pending,07/25/2021
ORD-12383,12/04/23,CUST1604,Mrs. Virginia Daniels,mrs..at.gmail.com,Est,USA,electronics,Wireless Earbuds,4,183.59,0,21.11,gift card,SHIPPED,07/21/22
ORD-11740,27-Jun-2023,CUST1306,Edward Burgess,edward.burgess88@hotmail.com,NORTH,Mexico,Appare,Wool Sweater,-3,6863.08,0,14.16,Debit,CANCELLED,02-Sep-2022
11840,12/22/23,CUST1451,Courtney Hayes,courtney.hayes66@hotmail.com,SOUTH,canada,electronics,Bluetooth Speaker,4,57.17,0,14.77,Pay Pal,returned,"May 07, 2023"
11252,30-Jul-2023,CUST1575,Kelly Edwards,kelly.edwards69@hotmail.com,West,USA,Sports and Outdoors,Camping Tent,5,149.37,0.25,17.86,Debit,delivered,03/18/2024
11033,"September 06, 2024",CUST1813,Michael Roberts,michael.roberts67@outlook.com,Centrl,USA,Sports,Resistance Bands,2,40.48,0,5.58,GiftCard,Cancelled,08/07/22
ORD-11616,18-Mar-2023,CUST1493,Mark Cox,mark.cox51@outlook.com,CENTRAL,US,toys,Action Figure,6,41.6,0,8.43,Credit_Card,shipped,07/11/24
ORD-10329,08/07/2024,CUST1140,Cheyenne Horton,cheyenne.horton53@outlook.com,Nort,United States,home & kitchen,Throw Blanket,2,45.61,0,12.75,Credit Card,SHIPPED,10/20/22
ORD-12052,"June 30, 2024",CUST1580,William Evans,william.evans9@gmail.com, West ,canada,toys,RC Car,two,1607.89,0,17.89,gift card,pending,"March 06, 2023"
ORD-12408,08-12-2023,CUST1713,Laurie Goodwin,laurie.goodwin89@yahoo.com,EAST,USA,apparel,Denim Jacket,2,81.99,0.2,9.91,GiftCard,CANCELLED,"March 04, 2024"
ORD-11913,03/15/24,CUST1682,Dean Donovan,dean.donovan10@yahoo.com,central,Canada,Toys,RC Car,4,13.17,0,7.43,PayPal,Returned,12/22/21
ORD-10438,11/18/23,CUST1335,Andrea Hubbard,andrea.hubbard91@yahoo.com,west,USA,toys,Building Blocks Set,-1,,0,1.55,Gift Card,pending,29-09-2023
ORD-10236,02/28/2024,CUST1182,Angela Vaughn,angela.vaughn14@yahoo.com,central,canada,Appare,Running Shoes,6,31.16,0,14.63,Debit,Shipped,2023-08-24
ORD-10866,2024-11-30,CUST1452,Alexander Brown,alexander.brown24@hotmail.com,SOUTH,canada,Beuty,Face Moisturizer,4,14.23,,0.19,debit card,pending,"July 25, 2024"
ORD-12791,2023-04-02,CUST1822,Jose Ramirez,jose.ramirez2@gmail.com, West ,United States,toys,Building Blocks Set,5,35.6,0,7.61,paypal,Deliverd,25-May-2022
ORD-11482,03/05/24,CUST1235,Kathryn Snyder,kathryn.snyder46@gmail.com,WEST,Canada,TOYS,Action Figure,4,16.2,,9.43,CREDIT CARD,Canceled,28-Sep-2022
12458,13-Feb-2023,CUST1104,Richard Henson,richard.henson39@gmail.com,EAST,canada,Beauty,Hair Dryer,5,52.3,0.1,21.75,PAYPAL,shipped,2024-03-05
10255,01/15/23,CUST1493,Mark Cox,mark.cox51@outlook.com,CENTRAL,US,apparel,Denim Jacket,1,72.24,0.25,18.53,PayPal,PENDING,07/11/24
ORD-11696,11/12/2024,CUST1575,Kelly Edwards,kelly.edwards69@hotmail.com,West,USA,Beauty,Hair Dryer,3,50.07,20%,,PayPal,Delivered,03/18/2024
ORD-12193,28-May-2024,CUST1741,Manuel Brock,manuel.brock50@yahoo.com,South,canada,Home & Kitchen,Air Fryer,5,147.99,15%,22.79,Debit,SHIPPED,2021-08-11
ORD-11749,"June 08, 2024",CUST1585,Tina Ballard,tina.ballard5@yahoo.com,SOUTH,canada,apparel,Wool Sweater,6,$28.56,0,2.6,CREDIT CARD,Deliverd,19-Jul-2022
ORD-11464,26-Aug-2023,CUST1685,Mr. Michael Scott PhD,mr..phd42@gmail.com,East,US,BEAUTY,Sunscreen SPF50,2,26.58,0,0.33,paypal,PENDING,"July 04, 2024"
ORD-11829,11/27/24,CUST1542,kenneth edwards,kenneth.edwards23@yahoo.com,East,Mexico,Electronic,USB-C Cable,3,79.02,0.05,17.38,credit card,shipped,"April 30, 2022"
ORD-10124,10/11/2024,CUST1503,Zachary Mitchell,,east,United States,beauty,Shampoo Set,3,15.86,10%,19.53,CREDIT CARD,pending,03/06/2024
11500,01/09/23,CUST1807,  ROBERT GONZALES  ,robert.gonzales57@outlook.com,EAST,United States,beauty,Shampoo Set,1,49.45,25%,11.79,PAYPAL,shipped,20-Jan-2023
ORD-11455,10-04-2023,CUST1711,Stephanie Elliott,stephanie.elliott46@yahoo.com,Nort,USA,apparel,Wool Sweater,5,76.29,0,3.51,Gift Card,shipped,09/04/2024
11523,21-Sep-2023,CUST1698,Renee Browning,renee.at.gmail.com,East,canada,electronics,Laptop Stand,1,$233.47,0,8.07,debit card,PENDING,04/22/2021
11516,"January 14, 2023",CUST1831,Richard Stevens,richard.stevens14@yahoo.com,East,canada,Home&Kitchen,Air Fryer,2,53.75,0,12.47,Debit,cancelled,09/27/2023
ORD-11315,11/12/23,CUST1103,Christine Wright,christine.wright26@gmail.com,South,Canada,home & kitchen,Non-stick Pan Set,1,98.36,0,,PayPal,Pending,04/27/24
ORD-10372,04-10-2024,CUST1743,Valerie Taylor,valerie.taylor79@gmail.com,North,Canada,Clothing,Wool Sweater,2,,20%,20.31,Pay Pal,Pending,"December 25, 2023"
ORD-10074,04/25/2024,CUST1700,Joseph Ochoa,joseph.ochoa52@hotmail.com, West ,Mexico,toys,Board Game,3,28.64,0.25,20.25,CREDIT CARD,SHIPPED,2022-10-10
ORD-10898,05/10/2023,CUST1225,Benjamin Smith,benjamin.smith74@hotmail.com, West ,USA,Electronic,Webcam,5,57.54,0.1,19.89,GiftCard,DELIVERED,20-Mar-2024
ORD-12043,14-Feb-2023,CUST1358,christian leblanc,christian.leblanc98@yahoo.com,Central,US,apparel,Denim Jacket,3,37.15,0.25,24.48,CC,returned,2024-05-05
ORD-12227,12/30/2023,CUST1066,Tracy House,tracy.house69@outlook.com,east,United States,Beauty,Shampoo Set,1,6.55,0.2,24.19,gift card,delivered,2021-02-26
ORD-11463,"January 28, 2024",CUST1093,Christina Walters,christina.walters86@hotmail.com,SOUTH,canada,beauty,Shampoo Set,-1,38.36,,19.62,Pay Pal,Returned,05-Dec-2021
ORD-10882,"September 23, 2024",CUST1086,Shirley Suarez,shirley.suarez92@outlook.com,Est,USA,Electronics,USB-C Cable,4,20.27,0,11.78,PayPal,Returned,26-04-2022
11266,17-Jun-2023,CUST1123,Michelle Harmon,michelle.harmon7@outlook.com,Nort,US,toys,Building Blocks Set,4,57.2,0,21.14,GiftCard,CANCELLED,2023-09-06
10805,2024-01-27,CUST1132,Mary Marshall,mary.marshall34@yahoo.com,CENTRAL,United States,beauty,Hair Dryer,4,11.34,0.2,0.23,paypal,returned,2023-05-21
ORD-10390,25-Jul-2024,CUST1056,Timothy Duncan,timothy.duncan17@outlook.com, West ,canada,Sports & Outdoors,Resistance Bands,6,149.26,0,23.75,Debit,Shipped,11/27/21
ORD-12851,,CUST1268,Cynthia Rowe,cynthia.rowe9@gmail.com,Nort,Mexico,Electronic,Laptop Stand,4,188.26,0,11.97,CREDIT CARD,shipped,11-Mar-2023
11769,"January 09, 2023",CUST1628,Joseph Wilson,joseph.wilson16@outlook.com,West,Mexico,Sports,Resistance Bands,6,109.96,0,,CC,Delivered,2024-08-25
ORD-10544,01/16/2024,CUST1102,Rebecca Valencia,,West,US,Beuty,Hair Dryer,-3,20.24,20%,21.64,Gift Card,cancelled,"October 01, 2022"
ORD-10842,26-09-2023,CUST1217,Mark Brown,mark.brown97@gmail.com,WEST,Mexico,Sports and Outdoors,Camping Tent,-1,47.63,0.15,15.68,Gift Card,Shipped,17-06-2021
ORD-10576,2024-04-06,CUST1698,Renee Browning,renee.at.gmail.com,Est,canada,sports & outdoors,Water Bottle,2,108.62,20%,3.26,Debit Card,delivered,04/22/2021
ORD-12991,03/18/23,CUST1680,Suzanne Wood,suzanne.wood80@hotmail.com,EAST,canada,ELECTRONICS,Wireless Earbuds,2,33.67,0.15,23.84,Debit,Delivered,04/07/22
ORD-12890,"June 02, 2024",CUST1683,Jennifer Hernandez,jennifer.hernandez55@outlook.com,south,United States,Home&Kitchen,Coffee Maker,1,63.36,0,2.72,Gift Card,pending,14-02-2024
ORD-11276,21-Nov-2023,CUST1187,Samantha Garcia,samantha.garcia63@hotmail.com,East,United States,Apparel,Running Shoes,3,16.2,0.2,23.15,gift card,PENDING,2022-07-27
ORD-11875,06-01-2023,CUST1819,megan burns,megan.burns54@outlook.com,west,Mexico,toys,Building Blocks Set,2,42.87,15%,5.98,Gift Card,DELIVERED,18-10-2023
11964,"September 07, 2024",CUST1758,Heather Woodard,heather.woodard92@gmail.com, West ,US,Beuty,Face Moisturizer,2,41.34,5%,5.35,credit card,Pending,12/25/21
ORD-12255,2024-07-17,CUST1607,David Lopez,,Est,US,Electronic,Bluetooth Speaker,5,220.61,0,2.76,credit card,Shipped,16-10-2023
ORD-11547,10/06/24,CUST1145,Joyce Solis,joyce.solis71@yahoo.com,west,Canada,Appare,Denim Jacket,3,71.28,0,21.05,gift card,Canceled,13-Aug-2022
ORD-11297,25-01-2023,CUST1157,Jason Stein,jason.stein17@outlook.com, North,canada,Sports,Hiking Backpack,6,31.4,20%,12.59,paypal,Pending,25-Jul-2021
ORD-12978,02/06/2023,CUST1044,Angelica Tucker,angelica.at.gmail.com,south,US,TOYS,RC Car,5,17.38,0.05,9.14,debit card,pending,05/20/21
ORD-10250,"May 22, 2023",CUST1193,Angelica Keith,angelica.keith77@gmail.com,Sth,canada,Electronic,Laptop Stand,6,77.49,10%,4.03,paypal,CANCELLED,07/22/2022
11310,12/27/2023,CUST1160,Paul Castaneda,paul.at.gmail.com,Centrl,US,home & kitchen,LED Desk Lamp,6,167.3,0,24.11,Debit Card,Delivered,11/04/22
ORD-13030,22-04-2023,CUST1117,ashley waller,ashley.waller30@gmail.com, North,Mexico,Appare,Wool Sweater,3,83.52,0,0.02,CC,shipped,30-01-2022
ORD-10429,"August 19, 2024",CUST1527,Michelle Jacobs,michelle.jacobs8@yahoo.com, West ,USA,Electronics,Webcam,1,209.19,0.25,2.64,Gift Card,Cancelled,09/25/2021
ORD-10346,2023-07-21,CUST1650,Andrew Harper,andrew.harper87@hotmail.com,central,Canada,Electronics,Smartwatch,5,22.79,0.05,4.08,CREDIT CARD,Pending,"November 01, 2021"
ORD-11262,09-Oct-2024,CUST1072,Brittney Phillips,brittney.phillips53@outlook.com,Est,canada,Toy,RC Car,6,22.18,,1.45,Pay Pal,Pending,04/05/23
10328,2023-04-29,CUST1730,Jerry Peters,jerry.peters29@hotmail.com,West,US,Sports,Water Bottle,1,135.68,,1.63,Pay Pal,pending,24-12-2022
11941,2023-01-08,CUST1516,William Day,william.day48@hotmail.com, North,canada,Beuty,Lipstick,3,53.63,0.25,1.64,Pay Pal,delivered,"June 23, 2021"
ORD-11073,14-05-2024,CUST1194,John Bishop,john.bishop23@gmail.com,south,Canada,toys,RC Car,3,$36.87,0.1,22.68,Credit_Card,Pending,2024-09-15
ORD-10313,08-Oct-2023,CUST1608,Rachel Bradley,rachel.bradley95@gmail.com,Centrl,United States,Home and Kitchen,LED Desk Lamp,6,35.45,0,8.1,debit card,Shipped,04/09/24
12415,2022-02-16,CUST1680,Suzanne Wood,suzanne.wood80@hotmail.com,Est,canada,Toy,Board Game,5,-27.43,0,8.11,PAYPAL,returned,04/07/22
11999,04/24/2023,CUST1713,Laurie Goodwin,laurie.goodwin89@yahoo.com,east,USA,Electronic,Bluetooth Speaker,6,-156.27,0,24.63,Pay Pal,returned,"March 04, 2024"
ORD-12156,04-06-2023,CUST1783,Dennis Huffman,dennis.huffman79@outlook.com,west,US,Home and Kitchen,Air Fryer,5,$179.16,0.2,6.53,GiftCard,delivered,01/20/2023
ORD-10972,06/12/2024,CUST1755,Rachel Jones,rachel.jones44@gmail.com,Nort,Canada,Sports and Outdoors,Camping Tent,4,100.68,0.1,21.43,debit card,CANCELLED,26-Nov-2021
ORD-10675,01/17/2023,CUST1722,Willie Henry,willie.henry66@gmail.com,Central,Canada,Apparel,Running Shoes,6,,0.1,11.91,PAYPAL,pending,24-03-2023
ORD-11377,03/05/2024,CUST1110,Richard Rodriguez,,WEST,United States,Home & Kitchen,Coffee Maker,2,164.79,0.1,15.02,Pay Pal,Cancelled,10/28/2022
ORD-11037,unknown,CUST1039,Brittany Farmer,brittany.farmer52@gmail.com, North,US,Electronics,Bluetooth Speaker,1,87.86,0,7.77,gift card,Pending,04-Dec-2021
ORD-11569,11/16/2023,CUST1768,Jason Nixon,jason.nixon97@outlook.com, West ,canada,toys,Action Figure,3,50.98,0.1,23.15,credit card,Shipped,07/29/23
ORD-12914,2023-06-27,CUST1713,Laurie Goodwin,laurie.goodwin89@yahoo.com,Est,USA,Beuty,Sunscreen SPF50,-1,18.02,25%,7.64,PayPal,Pending,"March 04, 2024"
11978,"July 13, 2024",CUST1440,Jeremy Mitchell,jeremy.mitchell58@outlook.com,Nort,Mexico,Apparel,Denim Jacket,1,,0.15,2.08,PayPal,PENDING,18-05-2021
ORD-10489,05/12/24,CUST1282,Jessica Garcia,jessica.garcia8@gmail.com,EAST,canada,ELECTRONICS,Smartwatch,3,54.15,0,11.84,PAYPAL,DELIVERED,29-Jul-2024
10601,2024-09-22,CUST1595,sherry woods,sherry.woods77@hotmail.com,central,canada,Sports & Outdoors,Hiking Backpack,6,117.73,0,20.76,paypal,PENDING,30-Dec-2021
10177,23-01-2024,CUST1251,Olivia Harris,olivia.harris24@yahoo.com,west,USA,Toys,Action Figure,1,24.24,0,9.77,Gift Card,Pending,2023-06-16
12217,06/15/2023,CUST1657,Connie Turner,connie.turner66@yahoo.com,WEST,USA,beauty,Shampoo Set,-1,39.83,0.15,16.34,paypal,cancelled,09/02/24
ORD-11359,12/09/24,CUST1565,John Coffey,john.coffey71@outlook.com,Est,United States,Sports,Hiking Backpack,4,88.85,0.1,1.07,CC,DELIVERED,14-09-2024
ORD-12007,"November 30, 2023",CUST1519,Vincent Reynolds,vincent.reynolds95@outlook.com,EAST,United States,electronics,Wireless Earbuds,3,166.28,0.1,3.1,debit card,DELIVERED,14-Oct-2022
11761,04-11-2023,CUST1021,Patty Perez,patty.perez59@gmail.com,SOUTH,canada,Apparel,Wool Sweater,5,54.13,0.05,10.09,gift card,RETURNED,"June 24, 2022"
ORD-10608,29-Jun-2024,CUST1261,Desiree Tyler,desiree.tyler61@yahoo.com,CENTRAL,Canada,Toys,RC Car,6,17.11,0.1,6.91,gift card,cancelled,19-Aug-2023
11865,11/05/2023,CUST1427,Emily Bennett,emily.bennett73@yahoo.com,South,Mexico,Electronics,Webcam,6,242.16,0,2.9,GiftCard,Canceled,"April 27, 2024"
ORD-10964,14-Feb-2024,CUST1344,Kayla Rodriguez,kayla.rodriguez8@gmail.com,Sth,canada,Home and Kitchen,Non-stick Pan Set,5,49.42,0.25,,paypal,pending,"August 28, 2024"
ORD-10716,05/09/23,CUST1521,Christopher Morris,christopher.morris22@hotmail.com,west,Canada,Sports and Outdoors,Resistance Bands,6,13.44,0.1,4.6,gift card,PENDING,13-08-2023
ORD-12119,12-Mar-2024,CUST1453,cynthia vang,cynthia.vang37@yahoo.com, West ,canada,Electronics,Webcam,6,109.69,0,3.6,CREDIT CARD,shipped,19-01-2022
ORD-12268,19-Mar-2023,CUST1249,Kimberly Gutierrez,kimberly.at.gmail.com,central,Mexico,beauty,Face Moisturizer,4,57.8,0,0.57,Debit,Deliverd,"July 27, 2021"
ORD-10040,04/02/23,CUST1498,Meghan Rush,meghan.rush78@gmail.com,Sth,Canada,Toy,RC Car,-1,45.85,0.05,19.56,PAYPAL,delivered,09/26/22
ORD-10310,2020-12-26,CUST1705,james tran,james.tran87@outlook.com,central,United States,Home and Kitchen,Non-stick Pan Set,2,93.57,0.25,5.72,Debit Card,PENDING,"January 23, 2021"
ORD-13042,-,CUST1278,Shannon James,shannon.james94@hotmail.com,Central,United States,TOYS,Action Figure,3,36.26,0,10.56,CREDIT CARD,Returned,11-Jun-2021
ORD-11483,29-06-2023,CUST1143,Christopher Rubio,christopher.rubio99@hotmail.com,CENTRAL,US,Electronis,Laptop Stand,1,17265.13,0.1,18.08,Debit,Shipped,2023-11-20
ORD-10323,"May 28, 2024",CUST1843,Benjamin Reyes,benjamin.reyes5@hotmail.com,Central,canada,Home and Kitchen,Coffee Maker,5,95.71,0,18.75,credit card,Pending,09-Sep-2024
12430,08/18/2024,CUST1457,Brenda Thornton,brenda.thornton29@outlook.com,SOUTH,canada,Sports,Water Bottle,5,92.5,0,10.53,Debit Card,DELIVERED,08-03-2021
12305,2023-07-04,CUST1673,Timothy Hayden,timothy.hayden86@hotmail.com,west,Canada,Clothing,Cotton T-Shirt,3,59.44,0,23.76,CC,DELIVERED,30-12-2023
13093,06/12/2024,CUST1557,Gary Wells,gary.wells9@outlook.com,NORTH,Canada,Appare,Baseball Cap,3,49.45,0,13.98,debit card,Deliverd,2022-06-10
12410,2023-07-09,CUST1600,Casey Gillespie,casey.gillespie29@outlook.com,EAST,US,Apparel,Cotton T-Shirt,2,86.93,0.25,5.68,credit card,shipped,30-05-2024
ORD-11892,03/30/2024,CUST1455,Marie Moody,marie.moody50@hotmail.com,WEST,US,Electronis,Wireless Earbuds,4,186.21,0.25,11.48,PAYPAL,Delivered,04/18/23
ORD-11645,"May 13, 2023",CUST1678,Jose Crawford,jose.crawford90@outlook.com,WEST,US,Electronics,USB-C Cable,1,214.33,0,12.31,paypal,Delivered,2024-09-22
ORD-10491,2024-03-23,CUST1018,Lisa Jackson,lisa.jackson88@hotmail.com, West ,US,electronics,Webcam,5,172.18,20%,14.16,Gift Card,delivered,2024-05-06
ORD-10835,2023-11-25,CUST1383,  MR. ANDREW FOSTER  ,,CENTRAL,Mexico,Beauty,Hair Dryer,4,35.28,0,3.38,Gift Card,Pending,05/30/2021
ORD-11736,09/04/2024,CUST1804,Kimberly Fritz,kimberly.fritz60@outlook.com,South,Mexico,Beauty,Shampoo Set,3,26.87,0.05,7.38,GiftCard,Returned,29-Jan-2024
12901,"February 17, 2023",CUST1743,Valerie Taylor,valerie.taylor79@gmail.com,north,Canada,beauty,Sunscreen SPF50,5,6.76,0,24.35,debit card,Delivered,"December 25, 2023"
12680,07/19/24,CUST1082,Michael Evans,michael.evans7@yahoo.com,South,US,Electronic,Smartwatch,3,201.63,0,21.56,gift card,Cancelled,06-Sep-2021
ORD-11410,12/16/23,CUST1267,Colin Terry,colin.terry31@hotmail.com,NORTH,canada,Sports,Hiking Backpack,2,92.98,0.25,6.51,Gift Card,Returned,01/19/22
12655,01/30/2023,CUST1126,Michelle Evans,michelle.evans80@yahoo.com,WEST,US,Clothing,Denim Jacket,1,34.85,5%,3.19,credit card,Deliverd,07-Dec-2023
12219,03/05/2023,CUST1651,Amber Yang,,WEST,US,home & kitchen,LED Desk Lamp,2,140.22,0.1,20.9,credit card,Deliverd,"November 18, 2021"
11251,12/29/24,CUST1537,Bianca Wood,bianca.wood46@hotmail.com,east,canada,toys,RC Car,4,,0.25,14.62,credit card,Pending,21-Jan-2024
ORD-10721,09/25/2023,CUST1200,  MELISSA BREWER  ,melissa.brewer42@yahoo.com,Est,canada,Appare,Baseball Cap,4,29.14,0.15,23.65,PAYPAL,pending,05/15/2021
ORD-10720,"October 21, 2024",CUST1153,Devon Flores,devon.flores62@outlook.com,Centrl,US,Home and Kitchen,LED Desk Lamp,2,124.16,0,14.02,Gift Card,Delivered,"November 12, 2022"
ORD-11959,10/26/2023,CUST1348,James Parks,james.parks18@hotmail.com,north,USA,Beuty,Shampoo Set,-2,35.71,0.15,3.86,CC,PENDING,07/13/2022
11268,10/01/23,CUST1221,Jeremy Dalton,,SOUTH,USA,Toy,Board Game,1,50.77,0.05,22.46,Debit Card,Pending,09/10/2022
ORD-10696,11-Nov-2023,CUST1725,Rebecca Marquez,rebecca.marquez30@gmail.com,Sth,Canada,beauty,Hair Dryer,2,12.86,0.2,23.62,PayPal,shipped,26-06-2022
11799,03/27/24,CUST1210,Christopher Smith,christopher.smith65@yahoo.com,WEST,United States,Toys,Puzzle 1000pc,6,55.81,0.25,3.45,Debit,Shipped,11/13/21
10351,2024-05-17,CUST1174,Nicole Herring,nicole.herring30@outlook.com,South,canada,BEAUTY,Shampoo Set,6,43.5,0,4.07,gift card,RETURNED,03/25/22
ORD-12240,08/12/24,CUST1327,Trevor Johnson,trevor.johnson84@yahoo.com,west,United States,TOYS,Board Game,4,$65.06,0.1,6.29,CC,CANCELLED,"April 16, 2021"
ORD-12326,16-Apr-2023,CUST1166,Alyssa Long,alyssa.long79@hotmail.com,south,US,TOYS,Puzzle 1000pc,3,24.87,0.25,16.19,Debit,Delivered,06/23/24
12142,2024-12-13,CUST1832,Scott Alexander,scott.alexander97@outlook.com,South,Canada,toys,Puzzle 1000pc,3,45.17,10%,17.4,Debit Card,delivered,06/18/23
ORD-11439,25-Feb-2023,CUST1000,Allison Hill,allison.hill4@outlook.com,Sth,Mexico,electronics,USB-C Cable,4,238.14,0.1,14.69,Pay Pal,SHIPPED,05/17/2022
ORD-12452,07-03-2024,CUST1846,Brandi Haney,brandi.haney82@gmail.com,west,USA,toys,Puzzle 1000pc,5,15.7,0,23.27,credit card,Pending,"January 10, 2023"
ORD-12674,"December 03, 2023",CUST1244,Shannon Rivera,shannon.at.gmail.com,Est,USA,Sports & Outdoors,Water Bottle,1,127.48,0.05,,GiftCard,delivered,09/21/2024
ORD-10463,2023-07-01,CUST1274,Joyce Bowen,joyce.bowen41@outlook.com,central,US,sports & outdoors,Hiking Backpack,3,-130.39,0,4.58,Pay Pal,PENDING,22-Nov-2023
ORD-10994,"September 19, 2023",CUST1490,Heather Williams,heather.williams2@outlook.com,west,canada,Clothing,Cotton T-Shirt,1,18.59,0,10.78,PAYPAL,DELIVERED,10/11/2022
ORD-10038,19-Jun-2024,CUST1121,Kenneth Scott,kenneth.scott71@outlook.com,west,Canada,toys,Building Blocks Set,2,$10.84,0.15,2.43,Debit,Delivered,09/16/21
12736,23-07-2023,CUST1840,Casey Perez,casey.perez99@yahoo.com,EAST,US,Sports and Outdoors,Water Bottle,1,59.15,0.15,5.66,gift card,Returned,09-06-2024
12509,07/03/23,CUST1361,Laurie Hoffman,laurie.hoffman27@hotmail.com,West,Canada,Home and Kitchen,Throw Blanket,3,69.17,20%,11.47,Debit Card,Returned,"July 06, 2021"
ORD-12377,2023-02-28,CUST1540,James Gilbert,james.gilbert21@gmail.com,South,USA,Electronis,Wireless Earbuds,3,146.59,0.2,15.49,Debit,RETURNED,05/23/22
ORD-10410,09/26/24,CUST1537,Bianca Wood,bianca.wood46@hotmail.com,east,canada,Sports,Resistance Bands,6,114.57,0,23.97,Debit Card,Shipped,21-Jan-2024
ORD-12127,09-03-2024,CUST1446,Brenda Wright,brenda.wright69@yahoo.com,SOUTH,US,beauty,Shampoo Set,5,59.82,0.15,1.77,CC,CANCELLED,20-01-2023
11862,2024-12-05,CUST1696,Joseph Hill,joseph.hill14@yahoo.com,west,Mexico,apparel,Wool Sweater,1,$69.23,0.1,23.51,paypal,Returned,01/07/24
ORD-12849,10/04/23,CUST1005,Connie Lawrence,connie.lawrence98@outlook.com, West ,Canada,Sports and Outdoors,Yoga Mat,2,116.65,0,22.59,paypal,pending,2021-07-29
12032,01/16/24,CUST1247,Frank Cordova,frank.cordova55@outlook.com,EAST,United States,apparel,Cotton T-Shirt,3,73.05,0,,Credit Card,PENDING,07-02-2021
ORD-11381,"November 28, 2023",CUST1304,Maria Parker,maria.parker74@hotmail.com,Nort,US,Home & Kitchen,Non-stick Pan Set,6,61.01,,15.04,PAYPAL,CANCELLED,06/19/24
ORD-11175,05-Feb-2023,CUST1408,Anthony Romero,anthony.romero50@outlook.com,SOUTH,Mexico,Electronic,Wireless Earbuds,2,130.99,25%,1.67,debit card,Canceled,02/26/23
11879,06/19/2023,CUST1268,Cynthia Rowe,cynthia.rowe9@gmail.com,North,Mexico,Beauty,Hair Dryer,2,22.92,10%,12.2,PayPal,SHIPPED,11-Mar-2023
ORD-12133,"September 05, 2023",CUST1253,Barbara Dudley,barbara.dudley40@hotmail.com,central,US,beauty,Hair Dryer,6,,0.05,17.79,debit card,PENDING,02-02-2022
ORD-12570,2024-11-20,CUST1152,Denise Jones,denise.jones37@outlook.com,WEST,United States,Beuty,Lipstick,4,32.45,0,0.53,PayPal,CANCELLED,"April 17, 2024"
ORD-10981,10/09/2023,CUST1783,Dennis Huffman,dennis.huffman79@outlook.com,West,US,BEAUTY,Shampoo Set,3,34.03,,23.42,CC,PENDING,01/20/2023
ORD-10467,07-Feb-2024,CUST1383,Mr. Andrew Foster,,central,Mexico,home & kitchen,Air Fryer,4,151.69,0,4.59,credit card,SHIPPED,05/30/2021
12727,02/22/24,CUST1015,Brian Ramirez,brian.ramirez83@hotmail.com,South,United States,Apparel,Denim Jacket,5,20.3,0,3.34,debit card,PENDING,20-10-2021
ORD-10658,08/05/2023,CUST1280,Amanda Jones,amanda.jones92@hotmail.com, West ,USA,Home&Kitchen,Non-stick Pan Set,2,158.31,0,18.76,GiftCard,returned,12/08/21
11127,"November 12, 2023",CUST1208,Dr. William Warren,dr..warren86@gmail.com, West ,Mexico,Appare,Denim Jacket,1,28.34,0.25,,GiftCard,shipped,22-04-2023
ORD-10121,01-01-2024,CUST1438,Rhonda Martin,rhonda.martin11@gmail.com,EAST,USA,Electronis,Bluetooth Speaker,3,125.52,5%,19.78,debit card,DELIVERED,18-10-2021
ORD-10592,03/22/2024,CUST1428,Robin Santiago,robin.santiago4@hotmail.com,EAST,Mexico,Electronics,Laptop Stand,2,94.88,0,4.96,Gift Card,DELIVERED,06-Mar-2022
11532,23-09-2024,CUST1457,Brenda Thornton,brenda.thornton29@outlook.com,South,canada,Home and Kitchen,Air Fryer,3,159.08,,12.37,CREDIT CARD,DELIVERED,08-03-2021
10560,10-May-2023,CUST1325,Patrick Moore,patrick.moore91@outlook.com,Est,USA,ELECTRONICS,USB-C Cable,2,214.88,0,21.98,GiftCard,PENDING,2023-08-31
ORD-12248,26-07-2024,CUST1511,Curtis Taylor,curtis.taylor32@hotmail.com,WEST,United States,Electronic,Laptop Stand,1,221.9,10%,4.8,CC,Returned,"January 25, 2023"
ORD-12608,17-08-2024,CUST1780,Christine Goodwin,christine.goodwin51@yahoo.com,Centrl,US,TOYS,Board Game,1,25.34,0,10.2,debit card,Canceled,2023-07-26
ORD-12718,,CUST1026,  JUSTIN BAKER  ,justin.baker69@yahoo.com, West ,canada,Sports & Outdoors,Camping Tent,4,28.36,25%,9.35,Debit,Shipped,09/20/21
ORD-11685,05/19/23,CUST1318,Stephen Hoffman,,Est,canada,Appare,Baseball Cap,3,80.83,0,11.0,PAYPAL,Pending,02/25/2024
ORD-11020,17-Jun-2024,CUST1446,Brenda Wright,brenda.wright69@yahoo.com,South,US,toys,Board Game,1,49.42,0,15.98,CREDIT CARD,cancelled,20-01-2023
ORD-11826,"February 22, 2024",CUST1823,jackie clements,jackie.clements5@yahoo.com,north,canada,Electronics,Wireless Earbuds,6,141.04,0.1,1.38,Pay Pal,Returned,08/02/23
ORD-12267,2023-04-24,CUST1009,  RYAN MUNOZ  ,ryan.munoz30@gmail.com, West ,Mexico,Clothing,Running Shoes,5,15.49,0.1,16.51,GiftCard,RETURNED,18-02-2023
ORD-10646,06/25/2023,CUST1593,Randy Smith,randy.smith59@gmail.com,South,USA,Electronis,Smartwatch,4,209.5,,1.77,gift card,pending,01/09/23
ORD-12331,07/26/23,CUST1134,Rebecca Jackson,rebecca.jackson73@outlook.com,west,Mexico,Apparel,Denim Jacket,1,25.93,0.1,24.55,GiftCard,Shipped,2023-06-19
ORD-10555,12-03-2023,CUST1266,Kimberly Gibson,kimberly.gibson74@yahoo.com,WEST,Canada,Sports,Yoga Mat,4,93.61,0,1.46,debit card,delivered,22-10-2021
ORD-11131,23-Apr-2024,CUST1075,Sarah Moore,sarah.moore42@hotmail.com,South,canada,Clothing,Cotton T-Shirt,6,38.16,0.05,16.39,PayPal,Canceled,24-Jun-2023
ORD-12101,03-Dec-2023,CUST1773,Samuel Wong,samuel.wong74@outlook.com,South,US,electronics,USB-C Cable,2,231.93,0,11.5,paypal,CANCELLED,01/10/22
ORD-11651,2023-04-04,CUST1117,Ashley Waller,ashley.waller30@gmail.com,north,Mexico,sports & outdoors,Resistance Bands,2,116.57,0,18.81,Debit Card,Canceled,30-01-2022
ORD-11479,12-05-2023,CUST1452,Alexander Brown,alexander.brown24@hotmail.com,South,canada,Electronic,Smartwatch,1,139.12,0.2,10.87,GiftCard,PENDING,"July 25, 2024"
10532,12/01/24,CUST1591,Kiara Little,kiara.little8@yahoo.com,Central,US,Beuty,Hair Dryer,5,45.49,0.25,14.57,Gift Card,shipped,15-05-2021
ORD-10053,16-10-2024,CUST1774,Carly Riggs,carly.riggs31@yahoo.com,south,United States,apparel,Wool Sweater,2,$49.25,0,23.9,Gift Card,returned,06/28/2022
12379,04/25/24,CUST1799,Donald Medina,donald.medina31@outlook.com,South,US,Electronic,Smartwatch,1,62.92,0,17.96,paypal,shipped,06/13/2021
12880,2024-06-05,CUST1659,lori simmons,lori.simmons92@outlook.com,Nort,Mexico,beauty,Lipstick,6,34.43,0.2,9.4,gift card,Delivered,2023-07-16
ORD-12855,2023-03-14,CUST1156,Joshua Perry,joshua.perry49@hotmail.com,south,US,Home&Kitchen,Air Fryer,3,82.58,5%,20.34,gift card,Pending,09/21/24
11240,2024-10-27,CUST1196,Daniel Salinas,daniel.salinas54@gmail.com,West,USA,Sports & Outdoors,Resistance Bands,1,24.49,5%,0.74,debit card,PENDING,11-May-2021
ORD-12204,28-05-2024,CUST1343,Nichole Alvarez,nichole.alvarez61@hotmail.com,Est,USA,Home & Kitchen,Coffee Maker,5,107.29,0,0.83,Pay Pal,RETURNED,08/25/2024
ORD-10885,09/22/24,CUST1154,Brenda Hall,brenda.hall42@yahoo.com,West,United States,Home & Kitchen,Throw Blanket,3,13360.18,0.1,23.44,debit card,pending,"May 05, 2022"
ORD-11019,2023-10-19,CUST1276,Wayne Morgan,wayne.morgan16@outlook.com,WEST,US,Toy,Action Figure,2,8.35,0,22.25,Debit Card,SHIPPED,14-Jun-2023
11061,08-Sep-2024,CUST1548,Jessica Khan,jessica.khan91@yahoo.com,East,Canada,Toy,Building Blocks Set,4,$56.81,0,14.78,gift card,Returned,"August 16, 2021"
ORD-11514,"February 20, 2024",CUST1182,  ANGELA VAUGHN  ,angela.vaughn14@yahoo.com,central,canada,apparel,Running Shoes,4,30.58,0.1,6.46,paypal,pending,2023-08-24
ORD-11744,19-10-2024,CUST1004,Cristian Santos,cristian.santos1@yahoo.com,Est,United States,apparel,Denim Jacket,6,21.12,5%,6.28,Pay Pal,CANCELLED,16-05-2023
ORD-12361,2024-07-11,CUST1305,Kevin Oconnor,kevin.oconnor70@outlook.com,West,United States,Home & Kitchen,Air Fryer,5,49.65,0,1.72,Credit_Card,shipped,07-08-2024
ORD-13106,2024-01-23,CUST1371,Debra White,debra.white54@gmail.com,north,Canada,toys,Board Game,4,43.98,0.1,10.38,debit card,DELIVERED,05/08/2022
ORD-10744,02/25/2024,CUST1105,Marc Moore,marc.moore48@gmail.com,East,Canada,ELECTRONICS,Bluetooth Speaker,2,140.88,0,20.58,Gift Card,pending,11/03/23
ORD-10027,2023-10-16,CUST1573,Nancy Brown,nancy.brown86@gmail.com,Est,canada,TOYS,Board Game,3,42.44,0,16.75,Debit Card,Delivered,06/25/21
ORD-12947,02/07/2024,CUST1676,Kristen Rowe,kristen.rowe27@gmail.com,North,canada,Electronics,Bluetooth Speaker,6,$178.83,0.05,1.84,Credit_Card,Canceled,05-Jan-2023
10220,2023-08-08,CUST1090,Matthew Mcmillan,,west,Canada,toys,Building Blocks Set,2,38.02,0.15,12.26,GiftCard,RETURNED,25-Mar-2024
11793,09/03/23,CUST1150,David Wright,david.wright19@hotmail.com,CENTRAL,Mexico,toys,Building Blocks Set,-1,17.57,0.25,15.93,gift card,Returned,"January 26, 2022"
ORD-12209,N/A,CUST1300,Tanner Mitchell DDS,tanner.dds36@yahoo.com,Centrl,canada,Sports and Outdoors,Camping Tent,3,26.16,0,10.98,Credit Card,delivered,04-07-2024
ORD-11283,01-Jul-2023,CUST1685,Mr. Michael Scott PhD,mr..phd42@gmail.com,Est,US,Electronic,Bluetooth Speaker,4,78.6,0.05,0.27,GiftCard,DELIVERED,"July 04, 2024"
ORD-10908,07/29/24,CUST1222,Elizabeth Oliver DDS,elizabeth.dds16@gmail.com, West ,United States,apparel,Wool Sweater,1,60.08,0,5.44,CC,Deliverd,10/16/23
11166,03/05/23,CUST1376,Glen Wood,glen.wood76@yahoo.com, West ,canada,Apparel,Baseball Cap,3,55.24,0.05,7.64,Credit Card,Returned,07/06/24
ORD-11160,07-06-2023,CUST1529,Angel May,,WEST,United States,Electronic,Bluetooth Speaker,4,153.6,0.2,7.24,credit card,Deliverd,05/13/2021
ORD-11997,11/17/2024,CUST1000,Allison Hill,allison.hill4@outlook.com,south,Mexico,Sports & Outdoors,Water Bottle,3,,0.25,1.58,PAYPAL,shipped,05/17/2022
ORD-10368,09/08/23,CUST1247,Frank Cordova,frank.cordova55@outlook.com,east,United States,Toy,Action Figure,two,43.21,0.2,20.11,Debit,PENDING,07-02-2021
ORD-12836,02/18/23,CUST1146,Victoria Larson,,Sth,Mexico,Toy,Building Blocks Set,5,24.36,0.2,12.9,credit card,Cancelled,"July 14, 2024"
10630,09-Feb-2024,CUST1136,Robert Potter,robert.at.gmail.com,east,canada,Home and Kitchen,Throw Blanket,1,168.95,0.05,6.28,Credit Card,PENDING,23-Mar-2021
ORD-10751,21-05-2024,CUST1821,Mark Beard,mark.at.gmail.com,South,USA,Clothing,Cotton T-Shirt,5,76.47,0,16.68,Credit Card,Canceled,08/21/2023
ORD-10680,2023-04-24,CUST1417,Carrie Wright,carrie.wright42@hotmail.com,west,US,apparel,Denim Jacket,5,24.48,0.25,0.8,PayPal,DELIVERED,26-01-2021
ORD-12910,14-02-2023,CUST1497,James Bradley,james.bradley31@gmail.com,west,Canada,home & kitchen,Non-stick Pan Set,2,43.27,0,6.49,CC,PENDING,2022-05-16
11822,04/30/24,CUST1839,Michele Smith,michele.at.gmail.com,SOUTH,canada,Home&Kitchen,Air Fryer,4,107.26,0.1,3.3,Debit Card,DELIVERED,09-Jan-2024
13011,09/16/24,CUST1529,Angel May,,West,United States,Beuty,Sunscreen SPF50,3,22.19,10%,8.22,PayPal,Shipped,05/13/2021
ORD-12746,"May 24, 2024",CUST1613,David Molina,david.molina96@outlook.com,East,USA,TOYS,Action Figure,1,25.93,0.2,1.63,Gift Card,cancelled,12-05-2023
ORD-10667,01/14/2024,CUST1307,Carlos Ryan,,WEST,US,Appare,Wool Sweater,5,85.92,0.2,15.84,paypal,Canceled,20-Jun-2023
10786,11/25/23,CUST1087,Christopher Bass,christopher.bass11@yahoo.com,west,Mexico,beauty,Face Moisturizer,3,9.91,0.2,12.8,PAYPAL,Deliverd,11/05/2021
12056,2023-01-18,CUST1195,Allen Rosales,allen.rosales31@outlook.com,Est,Canada,Home and Kitchen,LED Desk Lamp,1,$155.41,0.25,3.2,Pay Pal,Shipped,02/02/2021
ORD-11457,06/22/24,CUST1811,Daniel Brown,daniel.brown72@hotmail.com,South,Mexico,Toys,Action Figure,1,44.61,0.15,23.2,PayPal,SHIPPED,03/20/2023
11776,09-11-2023,CUST1517,Michael Cooper,michael.cooper51@gmail.com,NORTH,US,Electronic,Laptop Stand,3,158.58,0,2.23,Debit Card,DELIVERED,"April 27, 2024"
ORD-10644,07-Aug-2024,CUST1526,Todd Moore,todd.moore72@yahoo.com,north,United States,Clothing,Cotton T-Shirt,4,38.85,5%,11.09,Credit_Card,Pending,13-Jul-2021
ORD-10297,02/25/24,CUST1824,Aaron Schroeder,aaron.schroeder27@hotmail.com,Est,USA,Appare,Denim Jacket,3,43.69,0,6.15,Debit,Canceled,03/08/23
ORD-10693,"October 13, 2024",CUST1073,Lauren Daniels,lauren.daniels54@hotmail.com,CENTRAL,USA,Sports and Outdoors,Resistance Bands,4,53.62,0.1,13.45,Debit Card,delivered,"December 23, 2021"
ORD-10266,26-07-2023,CUST1322,Johnathan Davis,johnathan.davis6@gmail.com,east,US,Appare,Cotton T-Shirt,6,81.91,0,4.97,GiftCard,Delivered,10/08/21
ORD-12990,11-08-2023,CUST1653,Amy Gordon,, West ,US,ELECTRONICS,Bluetooth Speaker,5,210.94,0.1,22.87,Credit Card,PENDING,"April 02, 2022"
ORD-10118,30-Nov-2023,CUST1377,Paula Bradley,paula.bradley45@hotmail.com,West,US,Sports & Outdoors,Yoga Mat,-2,-58.11,0.15,11.61,Gift Card,delivered,11-12-2023
ORD-12117,04-May-2023,CUST1390,Thomas Atkins,thomas.atkins75@hotmail.com,South,USA,BEAUTY,Hair Dryer,3,56.19,0.1,21.68,CREDIT CARD,cancelled,08/28/2022
ORD-10718,"July 12, 2023",CUST1507,Emma Reed,emma.reed54@outlook.com,Central,USA,Home & Kitchen,Air Fryer,4,63.0,0,20.57,PAYPAL,Returned,2022-07-10
10002,18-09-2023,CUST1558,Larry Robertson,larry.robertson94@hotmail.com, West ,US,Electronics,Smartwatch,1,157.03,0.15,12.78,Debit Card,Deliverd,07-Dec-2021
ORD-11922,28-01-2024,CUST1418,  JEFFREY MILLS  ,jeffrey.mills93@yahoo.com,Sth,Mexico,Sports,Yoga Mat,1,140.56,0,5.69,gift card,SHIPPED,"March 17, 2024"
ORD-10276,"October 05, 2024",CUST1120,Larry Dixon,larry.dixon39@gmail.com,EAST,Canada,ELECTRONICS,Webcam,1,160.31,0.05,10.65,Debit,pending,12/30/2023
10534,09/30/2023,CUST1268,Cynthia Rowe,cynthia.rowe9@gmail.com,north,Mexico,Beuty,Hair Dryer,5,-34.05,0,24.65,GiftCard,DELIVERED,11-Mar-2023
12749,"May 13, 2024",CUST1320,Susan Turner,susan.turner17@gmail.com,Est,canada,Home & Kitchen,Coffee Maker,6,132.61,0.1,1.24,credit card,returned,18-03-2023
ORD-10920,08/22/2023,CUST1835,Timothy Hill,timothy.hill94@hotmail.com,Centrl,United States,Toys,Building Blocks Set,6,50.35,5%,5.99,Pay Pal,shipped,"July 18, 2022"
ORD-12011,02/28/2024,CUST1383,Mr. Andrew Foster,,Centrl,Mexico,Toy,Puzzle 1000pc,,22.68,0.25,17.64,debit card,shipped,05/30/2021
ORD-12716,2023-06-14,CUST1805,  RONALD POTTER  ,ronald.potter76@hotmail.com,Centrl,US,TOYS,RC Car,5,30.58,0,16.65,credit card,delivered,07/16/24
ORD-11907,09/24/23,CUST1366,Courtney Rodriguez,courtney.rodriguez99@hotmail.com,WEST,US,Electronis,Bluetooth Speaker,3,131.83,0,12.86,PayPal,Canceled,06-Feb-2023
ORD-12309,13-03-2024,CUST1585,Tina Ballard,tina.ballard5@yahoo.com,SOUTH,canada,Beuty,Lipstick,3,56.63,25%,3.46,Credit_Card,Delivered,19-Jul-2022
10877,"August 25, 2023",CUST1198,Adam Vaughan,adam.vaughan85@outlook.com,North,Canada,toys,Action Figure,2,21.91,5%,3.15,Debit,CANCELLED,07/28/23
ORD-12600,09-10-2024,CUST1021,Patty Perez,patty.perez59@gmail.com,south,canada,Beauty,Face Moisturizer,3,$8.80,0.1,10.33,Debit,Shipped,"June 24, 2022"
10400,2024-08-31,CUST1335,Andrea Hubbard,andrea.hubbard91@yahoo.com,WEST,USA,Clothing,Baseball Cap,-2,33.1,0.1,13.56,Pay Pal,Canceled,29-09-2023
11881,28-Dec-2023,CUST1271,Veronica Simpson,,South,Mexico,Toy,Puzzle 1000pc,3,46.38,0.05,2.66,CC,CANCELLED,24-01-2024
ORD-13050,05/14/2023,CUST1648,jennifer miranda,jennifer.miranda87@yahoo.com,Centrl,Mexico,sports & outdoors,Yoga Mat,1,59.49,0.05,9.91,Gift Card,Returned,"November 24, 2022"
ORD-12956,12-12-2023,CUST1788,Cesar Wilson,cesar.wilson63@outlook.com,CENTRAL,Canada,Electronis,USB-C Cable,6,237.18,0.2,3.98,CC,Delivered,"May 29, 2022"
ORD-12700,09/02/24,CUST1762,Jennifer Goodwin,jennifer.at.gmail.com,EAST,Mexico,electronics,Bluetooth Speaker,4,146.73,0.1,15.55,Gift Card,returned,20-Jul-2022
ORD-12827,07/12/2023,CUST1132,Mary Marshall,mary.marshall34@yahoo.com,Centrl,United States,Appare,Running Shoes,3,69.57,0.2,3.11,Pay Pal,Deliverd,2023-05-21
ORD-12090,01-Dec-2023,CUST1789,Clayton Steele,clayton.steele89@yahoo.com,Est,US,Appare,Wool Sweater,4,83.91,10%,13.79,gift card,Pending,05/03/2021
ORD-12752,29-Feb-2024,CUST1562,Robert Richardson,robert.at.gmail.com,Centrl,canada,Toys,Building Blocks Set,6,46.33,0,8.7,CC,returned,10-07-2021
ORD-12617,"January 18, 2024",CUST1733,Edgar Hughes,edgar.hughes16@yahoo.com, North,US,Sports & Outdoors,Water Bottle,1,106.79,0.25,3.66,PayPal,delivered,30-04-2023
ORD-11221,"June 01, 2024",CUST1568,Lisa Randall,lisa.randall62@yahoo.com,south,United States,toys,Building Blocks Set,1,18.69,0.15,22.42,PayPal,returned,2021-07-18
ORD-12632,2023-01-04,CUST1304,Maria Parker,maria.parker74@hotmail.com, North,US,Sports & Outdoors,Water Bottle,6,76.38,0.1,10.67,debit card,returned,06/19/24
12477,04/18/23,CUST1535,Mr. Lawrence Edwards,mr..at.gmail.com,Sth,US,Beuty,Hair Dryer,5,42.51,10%,3.04,Pay Pal,DELIVERED,27-Jul-2022
ORD-11348,2023-05-09,CUST1346,Sharon Boyd,sharon.boyd24@outlook.com,East,canada,beauty,Lipstick,3,23.59,,9.6,PAYPAL,Returned,2021-03-18
ORD-11429,2024-08-01,CUST1452,Alexander Brown,alexander.brown24@hotmail.com,South,canada,Apparel,Wool Sweater,3,-46.08,0.15,17.92,Debit Card,RETURNED,"July 25, 2024"
ORD-11353,"May 23, 2023",CUST1260,katie suarez,katie.suarez84@outlook.com,North,USA,ELECTRONICS,Wireless Earbuds,3,150.06,0,0.15,PayPal,Pending,10/27/2021
ORD-10169,21-Apr-2023,CUST1837,Carol Sanders,carol.sanders59@gmail.com,WEST,Mexico,Electronic,Smartwatch,4,249.18,0,24.7,Gift Card,returned,"July 30, 2024"
ORD-11765,07/17/23,CUST1756,Karen Morales DDS,karen.dds61@hotmail.com,east,United States,Clothing,Running Shoes,5,18.86,0,16.24,Debit,delivered,2021-06-30
ORD-10232,07/27/2024,CUST1354,Patricia Le,patricia.le47@yahoo.com,North,US,Clothing,Running Shoes,5,10.45,0.2,24.89,Pay Pal,Delivered,05/08/21
11602,"March 06, 2024",CUST1151,Pamela Boyd,pamela.boyd9@outlook.com,central,USA,Clothing,Running Shoes,3,79.25,15%,5.26,Gift Card,Delivered,30-04-2023
ORD-10775,02/17/23,CUST1720,  RANDY FRIEDMAN  ,randy.friedman5@outlook.com,WEST,Mexico,BEAUTY,Hair Dryer,3,56.66,0.05,24.9,credit card,shipped,"January 19, 2024"
ORD-12896,N/A,CUST1584,Jamie Baird,jamie.baird45@hotmail.com,West,canada,Apparel,Cotton T-Shirt,4,10.73,0.05,9.15,debit card,returned,25-Jun-2022
ORD-12825,08/20/23,CUST1354,Patricia Le,patricia.le47@yahoo.com,north,US,apparel,Cotton T-Shirt,5,$88.24,25%,14.79,credit card,pending,05/08/21
ORD-12830,09/05/2023,CUST1804,Kimberly Fritz,kimberly.fritz60@outlook.com,South,Mexico,TOYS,Action Figure,2,12.45,0.2,16.05,debit card,Deliverd,29-Jan-2024
ORD-11048,"May 26, 2024",CUST1702,Karl Branch,karl.branch14@outlook.com,NORTH,USA,home & kitchen,LED Desk Lamp,4,132.36,0.2,7.2,debit card,delivered,"September 10, 2022"
12931,01/07/24,CUST1586,Dwayne Klein,dwayne.klein89@hotmail.com,east,Mexico,Toys,Action Figure,3,,0,20.95,GiftCard,CANCELLED,21-Mar-2021
11527,2023-06-28,CUST1383,Mr. Andrew Foster,,CENTRAL,Mexico,Electronis,Laptop Stand,4,197.01,0,24.44,gift card,SHIPPED,05/30/2021
ORD-11335,29-Jul-2023,CUST1377,Paula Bradley,paula.bradley45@hotmail.com,west,US,Beuty,Shampoo Set,2,42.48,0,14.22,GiftCard,pending,11-12-2023
ORD-11818,01/28/2024,CUST1086,Shirley Suarez,shirley.suarez92@outlook.com,East,USA,Beauty,Lipstick,1,35.7,0.15,23.16,Credit_Card,PENDING,26-04-2022
11601,09/06/23,CUST1227,Michael Warner,michael.warner12@hotmail.com, West ,canada,TOYS,Board Game,3,$19.58,0.2,1.12,GiftCard,Returned,08/05/2021
ORD-10334,10-10-2024,CUST1298,Keith Jennings,keith.jennings22@yahoo.com,Sth,USA,Home and Kitchen,Throw Blanket,4,108.75,0.05,20.3,PAYPAL,PENDING,10/23/22
ORD-10142,07-01-2024,CUST1416,Gwendolyn Klein,gwendolyn.klein14@gmail.com,central,Canada,Home & Kitchen,Air Fryer,3,77.47,0.05,17.51,Pay Pal,Shipped,03-07-2021
ORD-12174,03/04/24,CUST1545,Cindy Gomez,,central,United States,apparel,Running Shoes,1,19.21,10%,2.62,gift card,Deliverd,04/26/2021
ORD-11200,"July 25, 2024",CUST1682,Dean Donovan,dean.donovan10@yahoo.com,CENTRAL,Canada,Home and Kitchen,LED Desk Lamp,2,19.26,0.1,5.57,debit card,CANCELLED,12/22/21
ORD-10265,19-08-2023,CUST1638,Maria Fisher,maria.fisher13@outlook.com,west,USA,BEAUTY,Hair Dryer,2,24.51,0,2.52,credit card,shipped,08/12/2024
ORD-10415,28-Jun-2023,CUST1596,Victor Morris,victor.morris21@outlook.com,north,US,Toy,Action Figure,5,16.57,0,18.82,credit card,returned,05-07-2021
ORD-10388,,CUST1741,Manuel Brock,manuel.brock50@yahoo.com,SOUTH,canada,Beauty,Lipstick,5,59.55,0.2,14.32,GiftCard,RETURNED,2021-08-11
ORD-10617,"March 17, 2023",CUST1197,Spencer Haynes,spencer.haynes14@hotmail.com,CENTRAL,Canada,Home & Kitchen,Air Fryer,6,-57.99,0,20.53,Credit Card,Returned,10/29/2023
ORD-11267,2024-05-07,CUST1284,Stephanie Williams,stephanie.williams5@yahoo.com,Est,USA,Sports & Outdoors,Camping Tent,3,$107.61,0.25,21.95,PAYPAL,Returned,05/18/2021
ORD-11446,03/02/23,CUST1302,Megan Le,megan.le85@outlook.com,north,Canada,Sports & Outdoors,Water Bottle,4,121.28,0.05,22.33,paypal,delivered,2024-02-29
ORD-12518,02/24/2024,CUST1552,Diana Hays,diana.hays94@outlook.com,Nort,Mexico,Sports,Camping Tent,5,93.5,0.05,24.72,Credit Card,PENDING,09/18/2021
ORD-11212,"March 23, 2024",CUST1346,Sharon Boyd,sharon.boyd24@outlook.com,EAST,canada,Electronis,Webcam,1,180.59,15%,6.06,Gift Card,CANCELLED,2021-03-18
ORD-10918,13-Jul-2023,CUST1369,Sabrina Austin,sabrina.austin93@hotmail.com,South,United States,Appare,Baseball Cap,,54.96,25%,16.52,PayPal,Returned,26-Dec-2023
ORD-12402,30-May-2024,CUST1590,Laurie Sanchez,laurie.sanchez25@hotmail.com,West,canada,electronics,Bluetooth Speaker,6,238.78,0.15,3.33,gift card,cancelled,09-Mar-2022
ORD-12514,2023-03-31,CUST1603,Keith Rodriguez,keith.rodriguez48@outlook.com,north,US,Electronic,Laptop Stand,6,210.92,5%,13.59,gift card,Deliverd,09/04/22
ORD-12611,2024-11-10,CUST1790,Jennifer Taylor,jennifer.taylor13@hotmail.com,Est,USA,toys,RC Car,3,16.14,25%,8.02,Debit,DELIVERED,17-11-2022
11164,2023-06-15,CUST1219,Bailey Duran DDS,bailey.dds56@gmail.com,Centrl,US,Toy,Building Blocks Set,4,39.39,0.05,,PAYPAL,SHIPPED,08/04/22
ORD-11236,21-Nov-2023,CUST1123,Michelle Harmon,michelle.harmon7@outlook.com,NORTH,US,ELECTRONICS,Webcam,3,166.47,10%,3.93,Gift Card,RETURNED,2023-09-06
11180,"September 27, 2023",CUST1273,Shelly Alexander,shelly.alexander59@gmail.com,Nort,United States,electronics,USB-C Cable,4,21.03,0,21.79,gift card,returned,08/24/2022
ORD-10083,20-Dec-2024,CUST1119,Jeffrey Chandler,jeffrey.chandler98@outlook.com,Est,United States,beauty,Shampoo Set,4,10.65,0.25,24.98,Credit_Card,pending,07/25/2021
ORD-10349,2024-04-29,CUST1415,Antonio Garcia,antonio.garcia12@yahoo.com,CENTRAL,canada,Clothing,Wool Sweater,3,41.71,0,2.07,Credit Card,delivered,02-Jun-2023
ORD-10163,-,CUST1159,Jamie Smith,jamie.smith34@outlook.com, West ,Mexico,BEAUTY,Hair Dryer,2,58.52,5%,4.59,Credit_Card,pending,06/30/24
10477,09/19/2023,CUST1120,Larry Dixon,larry.dixon39@gmail.com,EAST,Canada,TOYS,Puzzle 1000pc,5,10.44,0.25,3.69,Debit,RETURNED,12/30/2023
ORD-10144,"March 14, 2024",CUST1479,Kaylee Hays,kaylee.hays10@yahoo.com,central,Mexico,Home & Kitchen,Non-stick Pan Set,1,2987.32,0,20.21,Credit_Card,SHIPPED,04/30/2024
ORD-12190,27-Jun-2023,CUST1608,Rachel Bradley,rachel.bradley95@gmail.com,CENTRAL,United States,Electronis,Laptop Stand,1,59.96,0,18.16,Debit Card,Returned,04/09/24
ORD-11730,03-Aug-2024,CUST1763,Jessica Smith,jessica.smith76@yahoo.com,Nort,Canada,Sports & Outdoors,Camping Tent,2,26.55,0.2,16.88,GiftCard,pending,2023-11-27
10625,10/16/23,CUST1292,Jeremy Reed,jeremy.reed16@yahoo.com,West,Canada,ELECTRONICS,Wireless Earbuds,3,165.04,0,21.67,paypal,Deliverd,10/12/2021
ORD-12817,03/26/2023,CUST1263,Diane Evans,diane.evans55@gmail.com,east,Canada,Toy,Action Figure,3,19.93,0.1,3.55,Credit_Card,Pending,08/14/2022
ORD-12720,2024-01-20,CUST1666,David Harris,david.harris75@hotmail.com,central,United States,home & kitchen,Coffee Maker,5,65.87,20%,23.91,PAYPAL,Deliverd,11/08/2023
ORD-10926,05/18/24,CUST1158,Melissa Gates,melissa.gates2@yahoo.com,Sth,Canada,toys,Action Figure,4,58.35,15%,2.25,Debit,Deliverd,04/20/23
ORD-10258,30-06-2023,CUST1416,Gwendolyn Klein,gwendolyn.klein14@gmail.com,CENTRAL,Canada,Home and Kitchen,Non-stick Pan Set,3,65.95,20%,1.64,GiftCard,Returned,03-07-2021
10812,23-07-2024,CUST1271,veronica simpson,,SOUTH,Mexico,Apparel,Cotton T-Shirt,3,60.54,5%,24.36,gift card,Canceled,24-01-2024
10324,2024-05-31,CUST1192,Debra Christian,debra.christian98@yahoo.com,SOUTH,USA,Clothing,Running Shoes,2,53.36,0.05,23.78,gift card,Pending,04/15/2024
11157,11/26/2024,CUST1048,Joshua Blair,joshua.blair83@outlook.com,NORTH,Canada,Appare,Denim Jacket,6,54.97,0,16.38,Debit,DELIVERED,26-07-2023
11088,10/14/24,CUST1199,Nathan Freeman,nathan.freeman52@hotmail.com,West,Canada,beauty,Face Moisturizer,-1,55.33,0,,Debit Card,pending,10-Aug-2021
13108,06/04/2024,CUST1030,Rebecca Henderson,rebecca.henderson1@gmail.com,South,Canada,Electronics,Bluetooth Speaker,4,85.24,0.15,1.76,PAYPAL,DELIVERED,2024-07-16
11342,04-Jan-2023,CUST1537,Bianca Wood,bianca.wood46@hotmail.com,east,canada,Clothing,Cotton T-Shirt,3,87.86,0,12.2,credit card,CANCELLED,21-Jan-2024
ORD-12900,2024-02-02,CUST1020,Margaret Hawkins DDS,margaret.dds97@outlook.com,NORTH,USA,Home & Kitchen,Non-stick Pan Set,5,$127.28,,9.0,PayPal,Cancelled,05-08-2024
ORD-11772,05-06-2024,CUST1067,Carol Tucker,carol.tucker34@gmail.com,West,USA,beauty,Shampoo Set,6,36.51,25%,16.62,Pay Pal,Returned,"August 11, 2021"
10481,"October 28, 2024",CUST1053,Mark Perez,mark.perez14@yahoo.com,central,United States,Sports & Outdoors,Water Bottle,4,123.34,0.05,,Credit_Card,shipped,12-07-2022
ORD-12934,25-07-2024,CUST1207,Cathy Robinson,cathy.robinson48@yahoo.com,CENTRAL,canada,toys,Board Game,1,-44.39,0.2,,GiftCard,Cancelled,2024-02-14
ORD-11318,18-Oct-2023,CUST1591,Kiara Little,kiara.little8@yahoo.com,Centrl,US,Electronic,Webcam,1,96.24,0,12.38,Gift Card,shipped,15-05-2021
ORD-10547,02/12/23,CUST1209,Brian Lee,,Est,USA,Sports and Outdoors,Camping Tent,1,131.82,0,20.19,Credit_Card,Deliverd,"August 13, 2022"
ORD-12882,04-Mar-2023,CUST1301,Heather Fields,heather.at.gmail.com,Centrl,canada,Sports,Hiking Backpack,6,89.86,,21.78,Credit Card,DELIVERED,08/05/2024
ORD-12862,07/26/24,CUST1321,Charles Shah,charles.shah97@yahoo.com,central,US,Home and Kitchen,Throw Blanket,4,16.77,0.2,15.86,CREDIT CARD,PENDING,"February 12, 2022"
10531,29-Aug-2024,CUST1453,Cynthia Vang,cynthia.vang37@yahoo.com,WEST,canada,apparel,Wool Sweater,1,58.37,,17.24,Credit Card,SHIPPED,19-01-2022
12479,2023-09-12,CUST1662,James Webster,james.webster53@gmail.com,Sth,United States,home & kitchen,LED Desk Lamp,2,98.03,0,10.65,GiftCard,RETURNED,"June 05, 2022"
ORD-12264,07-Aug-2024,CUST1280,Amanda Jones,amanda.jones92@hotmail.com,West,USA,apparel,Denim Jacket,6,21.56,25%,11.85,credit card,Pending,12/08/21
ORD-11679,"September 04, 2023",CUST1670,Chelsea Gill,chelsea.gill96@outlook.com,CENTRAL,Mexico,sports & outdoors,Yoga Mat,6,34.53,0,13.35,PayPal,Pending,27-01-2024
ORD-11890,08/17/24,CUST1509,Michelle Ho,michelle.ho9@hotmail.com,Est,Canada,ELECTRONICS,Bluetooth Speaker,five,105.95,0.1,7.35,gift card,Deliverd,02-08-2022
ORD-13135,06-11-2023,CUST1533,Dr. Michael Evans,dr..evans36@outlook.com,north,canada,Sports,Resistance Bands,4,140.75,0.25,7.77,CREDIT CARD,DELIVERED,07/03/2023
11501,16-08-2024,CUST1117,Ashley Waller,ashley.waller30@gmail.com,North,Mexico,Home&Kitchen,LED Desk Lamp,5,111.18,0,5.26,Debit,returned,30-01-2022
ORD-11759,09/13/23,CUST1123,Michelle Harmon,michelle.harmon7@outlook.com,Nort,US,Beauty,Face Moisturizer,3,45.57,20%,21.49,paypal,returned,2023-09-06
ORD-12467,2023-02-09,CUST1200,Melissa Brewer,melissa.brewer42@yahoo.com,EAST,canada,electronics,Wireless Earbuds,5,21.21,0,17.09,debit card,Delivered,05/15/2021
11613,2024-01-18,CUST1040,Paula Moreno,paula.moreno59@outlook.com,CENTRAL,Mexico,Appare,Baseball Cap,1,44.98,0.25,17.96,Gift Card,returned,05/17/23
12758,26-07-2023,CUST1757,Melissa Stephens,melissa.stephens78@gmail.com,Central,Mexico,sports & outdoors,Yoga Mat,3,17.56,0.05,3.8,gift card,Delivered,27-Feb-2023
ORD-10858,"May 30, 2023",CUST1032,  TRICIA VALENCIA  ,tricia.valencia70@yahoo.com,west,United States,Beuty,Shampoo Set,2,5383.87,0.1,24.54,Pay Pal,cancelled,"March 15, 2024"
13127,11/10/2023,CUST1188,Madison Poole,madison.poole31@outlook.com,EAST,canada,Electronis,Wireless Earbuds,3,197.28,0.2,23.68,PayPal,returned,07/23/21
10356,18-Sep-2023,CUST1836,Danielle Watson,danielle.at.gmail.com,East,USA,Clothing,Denim Jacket,4,$44.40,0.15,16.58,GiftCard,Canceled,14-Nov-2021
ORD-10839,05/29/2023,CUST1288,Lisa Allen,lisa.allen67@hotmail.com,east,USA,Home&Kitchen,Coffee Maker,1,91.15,0,16.98,CREDIT CARD,delivered,2024-02-25
11189,08/09/23,CUST1779,Kevin Price,,central,Canada,BEAUTY,Hair Dryer,5,12.43,10%,8.3,Credit Card,shipped,17-May-2023
ORD-11273,2023-05-29,CUST1357,Jeffery Ortega,jeffery.ortega48@hotmail.com,Central,Mexico,Home&Kitchen,Throw Blanket,6,56.88,15%,13.25,PAYPAL,CANCELLED,30-Jan-2024
10290,10/22/23,CUST1313,Tracy Ballard,tracy.ballard64@hotmail.com,West,Canada,Apparel,Running Shoes,-2,69.83,0,20.59,GiftCard,SHIPPED,19-10-2023
ORD-12079,2024-02-10,CUST1605,Todd Rosales MD,todd.md92@outlook.com,Centrl,United States,toys,Puzzle 1000pc,1,14.85,0.25,5.71,Credit_Card,cancelled,01/21/2022
ORD-10399,N/A,CUST1508,Joshua Vance,joshua.vance87@gmail.com,Central,Canada,toys,RC Car,3,62.15,5%,10.12,Debit,delivered,01/03/2022
ORD-12075,08-Jul-2023,CUST1466,jason beck,jason.beck17@yahoo.com,East,United States,ELECTRONICS,Laptop Stand,6,228.11,5%,5.98,CREDIT CARD,pending,05/27/2022
11709,16-11-2024,CUST1297,William Barrett,william.barrett17@hotmail.com,North,canada,ELECTRONICS,USB-C Cable,1,134.58,0,12.74,paypal,CANCELLED,2023-10-27
ORD-12037,12-01-2023,CUST1752,Michael Fuentes,michael.fuentes72@hotmail.com,central,canada,Electronics,Wireless Earbuds,6,174.35,0,23.78,Debit,RETURNED,02-01-2022
ORD-12941,2021-04-09,CUST1409,Jesse Brown,jesse.brown65@outlook.com,west,United States,Toys,Puzzle 1000pc,1,61.73,0.25,1.37,Gift Card,returned,2021-04-20
ORD-10240,2022-06-28,CUST1092,Denise Jacobs,denise.jacobs63@yahoo.com, West ,Canada,Beuty,Shampoo Set,2,46.97,0,16.87,GiftCard,PENDING,13-Jul-2022
ORD-12762,"January 13, 2024",CUST1759,Margaret Miller,,EAST,United States,Sports and Outdoors,Camping Tent,2,45.5,0,5.57,CC,Delivered,"September 07, 2024"
ORD-11655,19-Sep-2023,CUST1729,Derrick Anderson,derrick.anderson84@hotmail.com,NORTH,canada,Sports & Outdoors,Yoga Mat,6,122.12,,2.67,Credit_Card,SHIPPED,"January 19, 2023"
ORD-10674,04-12-2023,CUST1788,Cesar Wilson,cesar.wilson63@outlook.com,Central,Canada,Appare,Denim Jacket,1,14.91,5%,19.68,Credit Card,Pending,"May 29, 2022"
ORD-10186,11/16/23,CUST1540,james gilbert,james.gilbert21@gmail.com,South,USA,apparel,Running Shoes,6,46.19,0.05,21.9,credit card,Deliverd,05/23/22
ORD-11563,2023-11-01,CUST1466,Jason Beck,jason.beck17@yahoo.com,Est,United States,Electronics,USB-C Cable,4,74.33,0.1,0.02,paypal,pending,05/27/2022
ORD-12298,2024-04-14,CUST1309,Dawn Summers,dawn.summers45@hotmail.com,Centrl,canada,Electronic,Laptop Stand,3,237.9,0,22.44,Debit Card,cancelled,25-09-2021
ORD-11495,02/11/2024,CUST1656,Eric Thomas,eric.thomas5@gmail.com,central,Mexico,Electronics,Webcam,1,135.44,0.2,14.31,CREDIT CARD,returned,"July 06, 2021"
ORD-10375,"October 11, 2024",CUST1151,Pamela Boyd,pamela.boyd9@outlook.com,Centrl,USA,Appare,Running Shoes,1,71.24,0.25,17.2,Gift Card,PENDING,30-04-2023
ORD-10620,"May 01, 2023",CUST1172,Joshua Cooke,joshua.cooke90@outlook.com,WEST,USA,Apparel,Cotton T-Shirt,3,78.49,0,6.02,Credit Card,SHIPPED,02/14/21
ORD-10989,13-Oct-2024,CUST1685,Mr. Michael Scott PhD,mr..phd42@gmail.com,East,US,beauty,Hair Dryer,2,46.58,0,3.38,CC,Canceled,"July 04, 2024"
ORD-11380,05-12-2024,CUST1167,Alyssa Day,alyssa.day19@yahoo.com,east,US,Sports,Resistance Bands,5,64.41,,0.2,GiftCard,Pending,08/03/23
11518,"September 06, 2024",CUST1818,Michael Poole,,North,US,beauty,Shampoo Set,3,21.62,0,19.93,Gift Card,cancelled,07/04/2021
ORD-12513,11/21/23,CUST1152,Denise Jones,denise.jones37@outlook.com,west,United States,ELECTRONICS,Webcam,6,76.11,0.05,5.23,Gift Card,PENDING,"April 17, 2024"
ORD-11665,29-Jan-2024,CUST1562,Robert Richardson,robert.at.gmail.com,central,canada,Beauty,Hair Dryer,6,30.74,0.05,17.16,Credit Card,pending,10-07-2021
12016,06-11-2024,CUST1022,Ethan Adams,ethan.adams81@outlook.com,Central,United States,Home and Kitchen,LED Desk Lamp,3,149.86,0,3.91,PayPal,delivered,"August 01, 2024"
ORD-10602,11/11/2024,CUST1735,Laura Jackson,laura.jackson17@yahoo.com,central,Canada,home & kitchen,LED Desk Lamp,5,74.2,0.25,0.05,paypal,Returned,10/03/21
,,,,,,,,,,,,,,,
ORD-10249,01/07/24,CUST1428,Robin Santiago,robin.santiago4@hotmail.com,EAST,Mexico,Beuty,Shampoo Set,3,$29.72,0.2,17.08,Credit_Card,SHIPPED,06-Mar-2022
10207,06/17/2024,CUST1286,joseph knight,joseph.knight98@gmail.com,Central,USA,Home and Kitchen,Air Fryer,-2,122.23,0,1.49,gift card,Deliverd,03/21/2024
10254,05/12/2023,CUST1301,Heather Fields,heather.at.gmail.com,CENTRAL,canada,toys,Building Blocks Set,5,39.53,0.1,16.1,Pay Pal,pending,08/05/2024
ORD-10029,23-06-2024,CUST1493,Mark Cox,mark.cox51@outlook.com,Central,US,Clothing,Cotton T-Shirt,,53.14,15%,24.01,Pay Pal,Cancelled,07/11/24
ORD-10496,16-Oct-2023,CUST1781,Amy Garcia,amy.garcia2@gmail.com,CENTRAL,Canada,home & kitchen,Coffee Maker,5,27.04,0.15,11.27,Debit,returned,08-Mar-2022
ORD-11976,29-01-2024,CUST1415,Antonio Garcia,antonio.garcia12@yahoo.com,Central,canada,Beauty,Lipstick,N/A,33.48,0,11.65,GiftCard,Delivered,02-Jun-2023
ORD-11067,2024-08-21,CUST1424,Felicia Aguilar,felicia.aguilar84@yahoo.com,Central,Mexico,Home and Kitchen,Air Fryer,five,-46.34,0,6.57,Credit_Card,returned,08-09-2022
ORD-12848,02/18/23,CUST1841,Alexandra Dominguez,alexandra.dominguez15@gmail.com, North,Canada,electronics,Laptop Stand,3,227.08,15%,5.38,CC,PENDING,12/08/23
12048,27-08-2024,CUST1105,Marc Moore,marc.moore48@gmail.com,east,Canada,Sports,Camping Tent,5,42.62,10%,7.0,debit card,returned,11/03/23
ORD-10529,09/09/2024,CUST1584,Jamie Baird,jamie.baird45@hotmail.com,West,canada,apparel,Cotton T-Shirt,5,43.7,5%,12.65,Debit,DELIVERED,25-Jun-2022
ORD-10347,03/23/23,CUST1169,Daniel Murphy,daniel.at.gmail.com,EAST,Mexico,sports & outdoors,Hiking Backpack,6,56.28,0.25,6.13,Credit_Card,pending,"December 09, 2022"
10034,08/02/2024,CUST1384,Aimee Turner,aimee.turner28@hotmail.com,EAST,Canada,Home&Kitchen,Air Fryer,2,60.6,0,9.71,CREDIT CARD,Returned,04-03-2022
ORD-10275,2023-03-10,CUST1213,  KATHERINE SALAS  ,katherine.salas90@outlook.com, North,United States,apparel,Wool Sweater,3,61.69,25%,3.8,Gift Card,returned,27-11-2022
10818,01-Aug-2024,CUST1129,megan orr,megan.orr21@yahoo.com,Nort,United States,toys,Board Game,3,66.15,0,20.05,Gift Card,RETURNED,"December 22, 2021"
ORD-10517,09/15/2024,CUST1160,Paul Castaneda,paul.at.gmail.com,central,US,Home and Kitchen,Throw Blanket,1,25.44,0.2,16.27,GiftCard,RETURNED,11/04/22
ORD-12282,"July 01, 2024",CUST1745,Vincent Novak,vincent.novak6@hotmail.com,WEST,USA,Toy,Board Game,4,47.68,0.15,23.04,Credit Card,DELIVERED,15-Apr-2022
13055,17-04-2024,CUST1438,  RHONDA MARTIN  ,rhonda.martin11@gmail.com,Est,USA,apparel,Denim Jacket,1,62.6,0.2,19.17,credit card,returned,18-10-2021
ORD-12688,28-Jan-2023,CUST1219,Bailey Duran DDS,bailey.dds56@gmail.com,Central,US,Sports,Yoga Mat,two,117.55,0.2,23.8,Debit,pending,08/04/22
ORD-10102,12/10/24,CUST1280,Amanda Jones,amanda.jones92@hotmail.com, West ,USA,Electronis,Webcam,5,174.81,0,22.1,Debit Card,returned,12/08/21
10692,25-10-2024,CUST1163,Jeffrey Johnson,jeffrey.johnson98@gmail.com,East,Canada,Toys,RC Car,-3,65.5,0.1,3.39,Debit,Pending,06/28/2023
ORD-10082,03-May-2024,CUST1404,Joann Glass,joann.glass43@gmail.com,Sth,United States,home & kitchen,Throw Blanket,1,37.29,0.1,15.65,Debit Card,returned,2023-12-18
ORD-10985,22-Jun-2023,CUST1226,Kirk Carter,kirk.carter3@outlook.com,West,Mexico,sports & outdoors,Yoga Mat,1,78.71,0.05,5.05,Credit_Card,Delivered,"December 18, 2021"
ORD-11653,2021-08-14,CUST1355,Jesse Perez,jesse.perez52@outlook.com,East,USA,apparel,Baseball Cap,5,72.88,0.15,18.95,gift card,SHIPPED,08/29/21
ORD-12462,16-May-2023,CUST1186,Jonathan Peterson,jonathan.peterson86@hotmail.com,SOUTH,US,Sports & Outdoors,Yoga Mat,2,27.07,0,7.75,Debit Card,Deliverd,04/17/24
ORD-10512,2023-01-09,CUST1548,Jessica Khan,jessica.khan91@yahoo.com,EAST,Canada,Home & Kitchen,Throw Blanket,5,37.04,25%,20.8,PAYPAL,pending,"August 16, 2021"
ORD-11259,2023-06-28,CUST1816,Tamara Riddle,, North,United States,Home and Kitchen,Air Fryer,-3,51.97,0,0.48,CREDIT CARD,returned,"April 12, 2021"
11486,2023-05-23,CUST1658,Travis Hobbs,travis.hobbs7@yahoo.com,CENTRAL,canada,beauty,Sunscreen SPF50,five,9.1,0.1,10.41,gift card,Canceled,20-07-2023
ORD-10460,02/17/2024,CUST1360,Parker Cain,parker.cain26@yahoo.com,CENTRAL,US,Appare,Wool Sweater,3,71.12,20%,14.71,Debit,returned,03-12-2021
ORD-10411,2024-10-22,CUST1064,Jessica Callahan,jessica.callahan30@yahoo.com,South,US,Sports & Outdoors,Yoga Mat,4,38.55,0.2,4.52,PAYPAL,pending,02/18/21
12450,2022-04-28,CUST1829,Kenneth Knight,kenneth.knight48@gmail.com, West ,Canada,Electronis,Wireless Earbuds,3,-158.55,0,,Credit Card,cancelled,05/25/2022
10018,2024-02-28,CUST1212,Melissa Martinez,melissa.martinez72@gmail.com,east,Canada,electronics,Webcam,3,84.77,,20.8,debit card,RETURNED,06/01/24
ORD-12344,10-09-2024,CUST1291,Stephanie Byrd,stephanie.byrd9@outlook.com,SOUTH,USA,Home & Kitchen,Air Fryer,5,4379.27,0.1,3.0,Debit,shipped,09/07/2022
ORD-12252,02/23/23,CUST1458,Aaron Miller,aaron.miller59@hotmail.com,north,canada,Sports and Outdoors,Camping Tent,1,-20.06,0.25,15.41,CC,pending,"January 31, 2024"
ORD-12200,"October 27, 2024",CUST1721,Raymond Johnson,raymond.johnson47@hotmail.com,east,United States,Toys,Building Blocks Set,2,37.69,0.2,0.3,Pay Pal,returned,"April 03, 2022"
11716,2023-04-30,CUST1434,Ashley Wise,ashley.wise6@hotmail.com,Nort,Canada,Appare,Wool Sweater,4,81.75,0,13.27,PAYPAL,Pending,11-Nov-2022
ORD-10942,01/27/2023,CUST1321,Charles Shah,charles.shah97@yahoo.com,Centrl,US,Apparel,Cotton T-Shirt,5,8074.22,0,18.69,CC,RETURNED,"February 12, 2022"
ORD-10274,06/27/2024,CUST1371,Debra White,debra.white54@gmail.com,north,Canada,toys,RC Car,4,68.09,0.2,3.4,PayPal,DELIVERED,05/08/2022
ORD-10590,2023-10-08,CUST1173,matthew harrington,,West,USA,ELECTRONICS,Webcam,3,170.68,0,10.76,Debit Card,pending,"April 11, 2021"
12470,11/05/23,CUST1059,John Daniel,john.daniel6@outlook.com,Est,United States,Electronis,Laptop Stand,5,156.31,0,15.19,PAYPAL,Pending,2023-01-17
ORD-10632,06/08/2023,CUST1291,Stephanie Byrd,stephanie.byrd9@outlook.com,south,USA,Clothing,Wool Sweater,-2,27.47,0,23.14,Gift Card,Canceled,09/07/2022
12944,03-Nov-2023,CUST1117,Ashley Waller,ashley.waller30@gmail.com,north,Mexico,Clothing,Running Shoes,1,67.48,0.15,16.26,Debit,SHIPPED,30-01-2022
ORD-11633,"May 16, 2023",CUST1543,Kathleen Robertson,kathleen.robertson76@gmail.com,Centrl,United States,apparel,Cotton T-Shirt,1,24.97,0,2.4,Gift Card,RETURNED,"December 22, 2022"
ORD-11215,2023-03-08,CUST1666,David Harris,david.harris75@hotmail.com,CENTRAL,United States,Beuty,Shampoo Set,2,30.99,0,2.14,Credit_Card,RETURNED,11/08/2023
12751,04/01/2023,CUST1459,Ruben Dunn,ruben.dunn70@outlook.com, West ,canada,Sports & Outdoors,Camping Tent,5,87.59,0.15,8.9,paypal,Pending,2024-01-16
ORD-11896,24-Oct-2023,CUST1374,Charles Schultz,charles.schultz94@outlook.com,East,United States,Sports & Outdoors,Hiking Backpack,6,-20.0,0.15,23.91,Credit_Card,SHIPPED,"March 28, 2024"
ORD-10085,04-Jan-2024,CUST1426,Jenna Larson,jenna.larson63@yahoo.com,east,US,Home & Kitchen,Throw Blanket,2,114.95,0.15,8.93,Debit Card,Shipped,30-Oct-2022
10933,unknown,CUST1430,Maria Henderson,maria.henderson31@outlook.com,West,US,Sports,Resistance Bands,3,99.31,15%,14.43,Gift Card,Canceled,09/10/2024
ORD-10262,04/28/2024,CUST1378,Anthony Moore,anthony.moore49@yahoo.com,Sth,United States,apparel,Baseball Cap,5,26.0,0.1,1.7,Pay Pal,PENDING,07-Jan-2024
12995,,CUST1300,Tanner Mitchell DDS,tanner.dds36@yahoo.com,Centrl,canada,home & kitchen,Air Fryer,5,141.61,,10.92,CC,shipped,04-07-2024
ORD-10198,29-01-2023,CUST1475,Julie Dominguez,julie.dominguez1@hotmail.com,South,Mexico,BEAUTY,Face Moisturizer,6,54.89,0,12.52,debit card,shipped,02/19/22
ORD-11007,30-07-2024,CUST1132,Mary Marshall,mary.marshall34@yahoo.com,Centrl,United States,Home&Kitchen,Air Fryer,1,119.9,0.1,,credit card,returned,2023-05-21
ORD-10619,2023-12-13,CUST1401,craig morrison,craig.morrison52@hotmail.com,Sth,USA,toys,RC Car,3,45.5,25%,19.05,gift card,Deliverd,03/03/2024
ORD-12468,05/15/2023,CUST1453,Cynthia Vang,cynthia.vang37@yahoo.com,WEST,canada,Electronis,Laptop Stand,2,182.44,0.15,0.5,Debit Card,Cancelled,19-01-2022
11965,25-02-2023,CUST1045,Philip Cannon,philip.cannon73@yahoo.com,north,canada,Home&Kitchen,LED Desk Lamp,2,93.94,0,12.93,CREDIT CARD,Canceled,"March 31, 2024"
ORD-11658,12/13/2023,CUST1561,Kim Erickson,kim.at.gmail.com,Sth,Mexico,Sports and Outdoors,Resistance Bands,5,70.13,0.2,24.46,PayPal,PENDING,15-Dec-2021
ORD-10293,09/20/23,CUST1068,James Brown,james.brown41@hotmail.com,NORTH,US,BEAUTY,Lipstick,4,53.71,5%,2.73,Debit Card,Pending,"May 26, 2024"
ORD-12061,"July 29, 2023",CUST1148,Kathy Rivas,kathy.rivas15@hotmail.com,south,US,Electronic,USB-C Cable,1,100.68,0,23.84,Pay Pal,Delivered,08/29/21
ORD-10179,2023-08-11,CUST1221,Jeremy Dalton,,south,USA,home & kitchen,Throw Blanket,4,131.83,0,21.15,PAYPAL,DELIVERED,09/10/2022
ORD-12464,22-06-2023,CUST1696,Joseph Hill,joseph.hill14@yahoo.com,west,Mexico,Home and Kitchen,Air Fryer,6,41.41,,7.77,Gift Card,returned,01/07/24
ORD-12557,09/22/23,CUST1385,  CHAD SCOTT  ,chad.scott25@gmail.com,central,Mexico,beauty,Sunscreen SPF50,6,25.56,0,16.54,Pay Pal,Returned,09/08/2023
ORD-10800,03/09/23,CUST1431,Jack White,jack.at.gmail.com,Centrl,US,Apparel,Running Shoes,2,$77.64,0.1,7.43,PAYPAL,RETURNED,09-May-2024
12494,2023-02-01,CUST1753,Jennifer Porter,jennifer.porter40@outlook.com,Sth,Mexico,Apparel,Wool Sweater,5,64.83,0,12.32,paypal,Deliverd,03/27/23
ORD-11686,02/18/2024,CUST1584,Jamie Baird,jamie.baird45@hotmail.com,West,canada,Sports & Outdoors,Water Bottle,5,$76.79,20%,20.6,Gift Card,Pending,25-Jun-2022
11005,25-Nov-2023,CUST1012,lisa hensley,lisa.hensley21@hotmail.com,central,United States,Sports & Outdoors,Hiking Backpack,6,28.01,0,12.81,Credit Card,delivered,17-02-2023
ORD-12829,2023-08-21,CUST1455,Marie Moody,marie.moody50@hotmail.com,West,US,toys,Building Blocks Set,4,23.52,0.2,13.59,GiftCard,Canceled,04/18/23
ORD-12811,2024-01-20,CUST1509,Michelle Ho,michelle.ho9@hotmail.com,Est,Canada,Toys,Board Game,1,59.91,0.2,14.81,Pay Pal,shipped,02-08-2022
ORD-12935,"December 12, 2024",CUST1430,Maria Henderson,maria.henderson31@outlook.com, West ,US,Home and Kitchen,Non-stick Pan Set,2,18.4,0.2,3.41,Debit,pending,09/10/2024
ORD-12234,06/24/23,CUST1089,Aimee Montoya,aimee.montoya8@yahoo.com,Central,Mexico,Beauty,Lipstick,6,31.89,,5.48,Pay Pal,cancelled,11-May-2023
ORD-12657,10-09-2024,CUST1061,Gerald Hensley,gerald.hensley31@yahoo.com,North,United States,BEAUTY,Hair Dryer,2,35.66,15%,11.74,Debit Card,delivered,29-Dec-2021
ORD-13147,10/09/24,CUST1373,Sergio Knight,sergio.knight70@yahoo.com,Central,USA,home & kitchen,LED Desk Lamp,2,143.89,25%,16.2,Debit Card,Canceled,04/26/2021
ORD-11790,12/09/2024,CUST1157,Jason Stein,jason.stein17@outlook.com,NORTH,canada,BEAUTY,Face Moisturizer,1,37.97,0.25,22.35,Credit_Card,delivered,25-Jul-2021
ORD-11809,24-Sep-2024,CUST1665,Tracy Grant,tracy.grant64@gmail.com, North,canada,beauty,Face Moisturizer,4,7.76,0,22.26,PayPal,RETURNED,12/23/23
ORD-12425,unknown,CUST1777,  CODY DAVIDSON  ,cody.davidson48@outlook.com,EAST,US,electronics,Wireless Earbuds,4,64.79,0.15,0.4,GiftCard,Returned,"October 06, 2023"
ORD-12999,25-04-2023,CUST1090,Matthew Mcmillan,,West,Canada,BEAUTY,Hair Dryer,3,38.17,25%,15.48,CC,RETURNED,25-Mar-2024
ORD-11629,06/14/2023,CUST1651,Amber Yang,, West ,US,Toys,Puzzle 1000pc,1,36.53,20%,24.59,GiftCard,PENDING,"November 18, 2021"
ORD-10459,"August 04, 2024",CUST1300,tanner mitchell dds,tanner.dds36@yahoo.com,central,canada,sports & outdoors,Camping Tent,6,26.18,0,20.12,credit card,Delivered,04-07-2024
12365,07-07-2023,CUST1773,Samuel Wong,samuel.wong74@outlook.com,SOUTH,US,Home&Kitchen,Coffee Maker,1,95.57,0.1,9.37,CREDIT CARD,Canceled,01/10/22
ORD-12806,2024-01-26,CUST1238,Sara Johnston,sara.johnston74@yahoo.com,West,canada,Sports and Outdoors,Water Bottle,4,94.7,0,12.49,debit card,SHIPPED,"October 21, 2022"
ORD-12685,27-02-2023,CUST1288,Lisa Allen,lisa.allen67@hotmail.com,East,USA,Electronic,USB-C Cable,1,190.55,0.25,19.88,Debit,Cancelled,2024-02-25
ORD-11120,06/09/23,CUST1074,Amy Silva,amy.silva1@outlook.com,WEST,canada,home & kitchen,Throw Blanket,1,97.85,0,1.09,debit card,Pending,08/11/2022
11780,18-07-2024,CUST1754,Dana Hopkins,dana.hopkins30@hotmail.com,South,canada,Clothing,Baseball Cap,2,39.39,25%,24.02,Debit,SHIPPED,2021-11-28
ORD-10284,03/08/2023,CUST1633,Robert Reese,robert.reese14@gmail.com,North,US,Home&Kitchen,Coffee Maker,-3,172.53,0.1,5.38,gift card,SHIPPED,2022-08-02
ORD-10763,2023-04-01,CUST1611,Michael Lopez,michael.at.gmail.com,east,Mexico,toys,Building Blocks Set,-2,25.22,0,6.05,Pay Pal,Returned,09/20/21
10147,2021-06-27,CUST1005,connie lawrence,connie.lawrence98@outlook.com,West,Canada,beauty,Sunscreen SPF50,4,17.44,15%,10.96,Gift Card,Canceled,2021-07-29
11860,09/30/2024,CUST1421,Maria Jones,maria.jones10@outlook.com, West ,canada,beauty,Face Moisturizer,4,56.68,0.1,10.11,PayPal,returned,05/31/2022
ORD-11713,14-Oct-2023,CUST1439,Jason Rhodes,jason.rhodes27@hotmail.com,north,US,Toys,Building Blocks Set,2,52.14,0.2,20.96,GiftCard,delivered,15-Dec-2022
ORD-10867,"June 12, 2024",CUST1687,Robert Jackson,robert.jackson24@gmail.com, West ,canada,Home&Kitchen,Air Fryer,5,135.54,0,8.21,Gift Card,cancelled,11/01/2023
ORD-12317,09/04/24,CUST1662,James Webster,james.webster53@gmail.com,Sth,United States,Electronis,Wireless Earbuds,6,53.52,0,9.54,Debit,returned,"June 05, 2022"
13029,"October 11, 2023",CUST1094,  JOHN WHITEHEAD  ,john.whitehead51@gmail.com,West,United States,Home&Kitchen,LED Desk Lamp,1,116.27,0.05,2.87,Debit Card,PENDING,06/21/21
ORD-12063,"February 04, 2024",CUST1144,Amber Wright,amber.wright25@outlook.com,West,Canada,Electronic,USB-C Cable,five,192.15,0.25,17.66,CREDIT CARD,Pending,29-Jun-2024
ORD-11851,"June 20, 2023",CUST1366,Courtney Rodriguez,courtney.rodriguez99@hotmail.com,west,US,Toy,Building Blocks Set,1,$64.34,0,23.22,PAYPAL,Delivered,06-Feb-2023
12955,04-06-2023,CUST1499,  PHILLIP BERRY  ,,Nort,United States,Appare,Baseball Cap,4,47.57,0.05,10.22,paypal,CANCELLED,10/09/21
ORD-10521,02/13/24,CUST1531,  MARK JIMENEZ  ,,West,US,sports & outdoors,Hiking Backpack,1,120.93,0,24.66,debit card,CANCELLED,21-Mar-2024
10784,2021-11-04,CUST1084,zachary ferrell,zachary.ferrell71@hotmail.com,WEST,US,Beauty,Face Moisturizer,6,25.61,0.15,10.42,CREDIT CARD,cancelled,11/22/21
12299,10-02-2023,CUST1112,Julia Torres,,SOUTH,Mexico,Sports & Outdoors,Yoga Mat,1,18.67,0.05,10.62,Credit Card,RETURNED,2022-01-27
ORD-10424,2023-08-01,CUST1816,Tamara Riddle,, North,United States,beauty,Face Moisturizer,five,28.31,0.2,14.82,CREDIT CARD,Deliverd,"April 12, 2021"
ORD-12421,22-Feb-2023,CUST1530,marilyn wang,marilyn.at.gmail.com, North,US,Toys,Board Game,5,16.25,0.15,3.97,Debit Card,cancelled,2022-11-11
ORD-10626,2024-02-23,CUST1716,Steven Rivera,steven.rivera46@outlook.com,NORTH,United States,Beuty,Face Moisturizer,two,28.19,0.15,0.68,paypal,Delivered,"September 25, 2023"
ORD-10778,12-Nov-2024,CUST1286,Joseph Knight,joseph.knight98@gmail.com,Central,USA,Apparel,Denim Jacket,6,70.79,0,7.25,CC,DELIVERED,03/21/2024
ORD-10522,2023-03-04,CUST1409,Jesse Brown,jesse.brown65@outlook.com,WEST,United States,Home & Kitchen,Coffee Maker,6,109.57,,18.42,PayPal,shipped,2021-04-20
ORD-10160,2023-03-10,CUST1815,Anna Estes,anna.estes58@outlook.com,SOUTH,USA,Apparel,Running Shoes,6,24.55,0.1,13.73,GiftCard,Shipped,29-Jun-2024
11075,"May 11, 2023",CUST1594,Tanya Russell,tanya.russell60@hotmail.com,North,United States,Apparel,Running Shoes,4,61.33,0.25,16.1,paypal,returned,2024-07-25
ORD-10099,03/18/2024,CUST1742,George Ochoa,george.ochoa65@hotmail.com,NORTH,United States,TOYS,Puzzle 1000pc,3,$21.06,0.05,0.11,credit card,PENDING,"November 03, 2021"
ORD-10093,16-01-2024,CUST1296,Laura Haney,laura.haney67@outlook.com,Centrl,United States,electronics,Bluetooth Speaker,1,200.27,0,10.44,PAYPAL,returned,"September 20, 2021"
ORD-10962,12/27/2023,CUST1406,Lori Hernandez,lori.hernandez70@gmail.com,NORTH,United States,Appare,Baseball Cap,4,32.17,0,2.96,GiftCard,CANCELLED,03-01-2022
ORD-11955,03-09-2023,CUST1376,Glen Wood,glen.wood76@yahoo.com,west,canada,apparel,Baseball Cap,5,$34.04,0.05,9.52,debit card,Shipped,07/06/24
ORD-12854,"April 15, 2023",CUST1240,andrew avila,andrew.avila6@yahoo.com,CENTRAL,canada,Home&Kitchen,LED Desk Lamp,5,$101.55,0,5.41,GiftCard,Cancelled,16-Jun-2023
ORD-12587,2023-11-04,CUST1676,Kristen Rowe,kristen.rowe27@gmail.com, North,canada,Beauty,Face Moisturizer,4,55.11,0.25,23.6,GiftCard,pending,05-Jan-2023
ORD-12888,07-Feb-2024,CUST1688,Katherine Stark,katherine.stark12@outlook.com,EAST,USA,Home & Kitchen,Air Fryer,1,47.01,0.1,2.63,GiftCard,returned,03/30/2022
ORD-11818,01/28/2024,CUST1086,Shirley Suarez,shirley.suarez92@outlook.com,East,USA,Beauty,Lipstick,1,35.7,0.15,23.16,Credit_Card,PENDING,26-04-2022
ORD-10817,2024-05-12,CUST1608,Rachel Bradley,rachel.bradley95@gmail.com,CENTRAL,United States,Beauty,Hair Dryer,4,36.1,0,1.84,Debit Card,delivered,04/09/24
ORD-12076,2024-11-16,CUST1197,Spencer Haynes,spencer.haynes14@hotmail.com,central,Canada,Beuty,Face Moisturizer,5,3511.33,0,23.6,gift card,shipped,10/29/2023
11205,"November 21, 2023",CUST1016,Holly Wood,holly.wood69@outlook.com,Centrl,US,Home&Kitchen,Coffee Maker,5,116.31,0.15,21.8,Gift Card,Cancelled,12-Apr-2024
11545,"October 27, 2023",CUST1842,Virginia Henderson,virginia.henderson17@yahoo.com,NORTH,US,Sports,Resistance Bands,3,79.53,0,18.24,gift card,Returned,03/06/2021
ORD-10791,02/15/2023,CUST1513,Robert Arnold,robert.arnold45@gmail.com,WEST,Mexico,Toys,RC Car,five,26.72,0,24.93,GiftCard,DELIVERED,2022-11-18
ORD-11185,2024-12-18,CUST1222,Elizabeth Oliver DDS,elizabeth.dds16@gmail.com, West ,United States,Sports & Outdoors,Resistance Bands,1,,0.15,,Debit,Returned,10/16/23
ORD-12325,19-Nov-2023,CUST1668,Nathaniel Lee,nathaniel.lee65@hotmail.com,south,USA,Clothing,Cotton T-Shirt,4,85.72,5%,24.27,Gift Card,CANCELLED,"May 08, 2023"
ORD-11065,17-Jan-2024,CUST1460,Kelsey Rodriguez,kelsey.rodriguez55@gmail.com,EAST,Canada,Sports,Yoga Mat,3,113.23,0,12.28,CREDIT CARD,SHIPPED,08/31/2024
12055,08/28/23,CUST1228,Michael Bradshaw,michael.bradshaw11@hotmail.com,East,United States,apparel,Cotton T-Shirt,-2,$16.87,0.1,16.3,Debit Card,delivered,09/28/22
11465,2024-11-05,CUST1207,Cathy Robinson,cathy.robinson48@yahoo.com,central,canada,Electronis,USB-C Cable,4,112.75,25%,16.94,paypal,returned,2024-02-14
ORD-12972,09/09/24,CUST1574,Daniel Nguyen,daniel.nguyen97@yahoo.com, West ,canada,TOYS,Board Game,2,5767.84,0.25,12.0,Debit Card,Pending,2024-02-08
ORD-11691,11/19/24,CUST1360,Parker Cain,parker.cain26@yahoo.com,CENTRAL,US,Beauty,Shampoo Set,5,26.5,0.25,19.21,gift card,SHIPPED,03-12-2021
10159,"February 14, 2023",CUST1369,Sabrina Austin,sabrina.austin93@hotmail.com,SOUTH,United States,beauty,Sunscreen SPF50,6,24.16,0,19.97,credit card,Canceled,26-Dec-2023
11496,"June 21, 2023",CUST1365,Kenneth Lewis,kenneth.lewis9@hotmail.com,WEST,United States,apparel,Cotton T-Shirt,5,20.26,0.05,15.43,Gift Card,pending,06-03-2021
12502,"August 15, 2024",CUST1569,michael johnson,michael.johnson11@hotmail.com, West ,US,Beauty,Sunscreen SPF50,3,39.98,0,,debit card,pending,25-08-2021
10036,04-May-2024,CUST1527,Michelle Jacobs,michelle.jacobs8@yahoo.com,West,USA,beauty,Face Moisturizer,3,34.44,0.05,21.33,PayPal,pending,09/25/2021
11137,05-Feb-2023,CUST1593,Randy Smith,randy.smith59@gmail.com,SOUTH,USA,Home&Kitchen,Throw Blanket,2,119.08,0.05,6.91,Debit Card,SHIPPED,01/09/23
ORD-11282,24-Jun-2023,CUST1362,Bryan Gomez,bryan.gomez66@hotmail.com,NORTH,canada,Electronic,Smartwatch,2,188.85,5%,1.51,PayPal,DELIVERED,"July 25, 2023"
12618,06/05/24,CUST1114,Garrett Lin,garrett.lin12@outlook.com,SOUTH,USA,TOYS,Board Game,4,64.95,0.25,2.08,Credit_Card,returned,30-Mar-2022
ORD-10151,2024-09-13,CUST1217,Mark Brown,mark.brown97@gmail.com, West ,Mexico,home & kitchen,Non-stick Pan Set,6,127.69,15%,6.9,Gift Card,delivered,17-06-2021
ORD-12596,"September 08, 2024",CUST1735,Laura Jackson,laura.jackson17@yahoo.com,CENTRAL,Canada,Electronic,Bluetooth Speaker,4,28.5,0,20.06,paypal,Delivered,10/03/21
ORD-12212,"March 05, 2023",CUST1252,Tanya Kim,tanya.kim31@hotmail.com,west,United States,Home & Kitchen,Air Fryer,3,73.07,0.05,2.55,debit card,Shipped,04-06-2024
10197,"August 29, 2023",CUST1307,Carlos Ryan,, West ,US,Toys,Board Game,2,39.71,0,23.98,gift card,returned,20-Jun-2023
ORD-10362,"August 06, 2023",CUST1325,Patrick Moore,patrick.moore91@outlook.com,EAST,USA,Home & Kitchen,LED Desk Lamp,1,105.1,0.05,6.73,credit card,Delivered,2023-08-31
10486,12/29/2023,CUST1848,Jessica Bowen,jessica.at.gmail.com,North,Canada,BEAUTY,Face Moisturizer,1,7.51,0.1,2.47,Gift Card,CANCELLED,"March 19, 2022"
11574,03/04/23,CUST1654,Robert Dennis,robert.dennis11@hotmail.com,West,Canada,beauty,Lipstick,3,40.47,,15.32,gift card,Canceled,"June 29, 2023"
12976,02/15/23,CUST1647,Molly Rodriguez,molly.rodriguez57@gmail.com,East,Canada,beauty,Hair Dryer,6,17.53,15%,,PayPal,returned,10-05-2021
12078,09/17/23,CUST1496,Austin Osborne,austin.osborne51@gmail.com,west,Mexico,Beuty,Face Moisturizer,3,36.24,0,22.64,CREDIT CARD,Pending,09/28/22
ORD-12742,26-12-2023,CUST1099,Stephen Mckee,stephen.mckee31@yahoo.com,Nort,canada,home & kitchen,Air Fryer,5,25.44,0.25,16.81,PayPal,returned,08/28/23
ORD-11374,18-02-2024,CUST1185,  DR. HANNAH PATTERSON  ,dr..patterson15@gmail.com,Sth,US,Home&Kitchen,Coffee Maker,3,175.47,0.15,11.97,PayPal,Deliverd,"April 26, 2022"
ORD-10222,2023-09-24,CUST1400,Robin Young,robin.young25@outlook.com,WEST,Canada,Toys,Puzzle 1000pc,5,14.84,0.05,0.53,Gift Card,returned,27-12-2022
ORD-10218,27-01-2023,CUST1818,Michael Poole,,Nort,US,Sports,Hiking Backpack,4,110.28,0.15,2.91,PayPal,Cancelled,07/04/2021
12295,23-Apr-2023,CUST1383,Mr. Andrew Foster,,CENTRAL,Mexico,Toy,Action Figure,6,34.69,10%,12.55,Debit Card,DELIVERED,05/30/2021
ORD-10595,02-07-2024,CUST1169,Daniel Murphy,daniel.at.gmail.com,east,Mexico,Sports & Outdoors,Water Bottle,1,112.75,0,15.65,PAYPAL,Returned,"December 09, 2022"
13117,03-Nov-2023,CUST1688,Katherine Stark,katherine.stark12@outlook.com,east,USA,Beauty,Hair Dryer,5,54.14,0.1,14.71,Debit,delivered,03/30/2022
10259,2023-07-18,CUST1653,Amy Gordon,,WEST,US,Home&Kitchen,Air Fryer,2,49.7,0.1,12.91,GiftCard,shipped,"April 02, 2022"
ORD-12096,07/28/2023,CUST1204,Erin Warner,erin.warner59@hotmail.com,NORTH,USA,ELECTRONICS,Wireless Earbuds,-2,158.16,15%,2.73,Debit Card,returned,05/02/23
ORD-10567,29-01-2024,CUST1610,Samantha Robertson,samantha.robertson39@yahoo.com,south,USA,sports & outdoors,Camping Tent,1,24.85,0.15,11.64,Credit Card,Canceled,"September 08, 2024"
ORD-12706,28-Apr-2023,CUST1001,Noah Rhodes,noah.rhodes95@gmail.com, North,Canada,Toys,Building Blocks Set,4,61.5,0.25,1.09,CREDIT CARD,shipped,24-Apr-2024
ORD-10944,2023-05-24,CUST1157,jason stein,jason.stein17@outlook.com,NORTH,canada,apparel,Cotton T-Shirt,4,85.36,0,12.4,PAYPAL,CANCELLED,25-Jul-2021
ORD-10108,25-Oct-2023,CUST1366,Courtney Rodriguez,courtney.rodriguez99@hotmail.com,WEST,US,Electronics,Bluetooth Speaker,1,65.5,0,20.79,debit card,DELIVERED,06-Feb-2023
ORD-11417,02/04/2024,CUST1243,Brandon Bailey MD,brandon.md37@outlook.com,Sth,USA,TOYS,Action Figure,3,22.24,20%,3.71,debit card,PENDING,"September 06, 2024"
ORD-10338,30-07-2023,CUST1630,rhonda chavez,rhonda.chavez7@gmail.com, West ,Canada,Clothing,Denim Jacket,1,38.26,,1.62,Credit_Card,shipped,04-May-2023
10695,14-08-2023,CUST1188,Madison Poole,madison.poole31@outlook.com,east,canada,home & kitchen,Non-stick Pan Set,4,56.07,0.15,12.78,Gift Card,Canceled,07/23/21
ORD-12623,11/16/23,CUST1021,Patty Perez,patty.perez59@gmail.com,South,canada,Apparel,Running Shoes,1,-74.35,10%,0.33,Credit Card,SHIPPED,"June 24, 2022"
11746,07/17/24,CUST1601,Jennifer Simpson DVM,jennifer.dvm45@hotmail.com,WEST,USA,Home&Kitchen,Coffee Maker,6,$137.74,0.1,7.52,gift card,DELIVERED,06/01/2022
ORD-11831,10-12-2023,CUST1450,Brittany Kim,brittany.kim16@yahoo.com,SOUTH,USA,Home and Kitchen,LED Desk Lamp,4,18.8,0,19.08,Debit Card,pending,2022-09-18
ORD-10148,02/11/2023,CUST1726,Christian Dawson,christian.dawson67@outlook.com,West,Canada,apparel,Wool Sweater,4,88.63,0.2,23.94,credit card,Canceled,06-Mar-2023
ORD-10134,11/26/2024,CUST1433,Chad Jones,chad.jones69@gmail.com,east,United States,Electronis,Wireless Earbuds,5,143.81,0.05,7.72,CREDIT CARD,shipped,08/12/2021
ORD-11146,06/21/24,CUST1475,Julie Dominguez,julie.dominguez1@hotmail.com,Sth,Mexico,Beuty,Lipstick,5,16.86,0.2,11.1,debit card,Shipped,02/19/22
10268,17-01-2023,CUST1659,Lori Simmons,lori.simmons92@outlook.com,North,Mexico,apparel,Denim Jacket,6,20.24,0,3.94,Debit Card,Shipped,2023-07-16
ORD-13134,25-Mar-2023,CUST1509,Michelle Ho,michelle.ho9@hotmail.com,East,Canada,Home and Kitchen,Air Fryer,2,141.54,0,9.89,GiftCard,Shipped,02-08-2022
10039,12-03-2024,CUST1630,rhonda chavez,rhonda.chavez7@gmail.com, West ,Canada,Home & Kitchen,LED Desk Lamp,3,174.17,15%,10.97,credit card,Deliverd,04-May-2023
ORD-10641,03/19/24,CUST1684,James Whitaker,james.whitaker33@gmail.com,Sth,Canada,Beuty,Shampoo Set,1,16.54,0.2,18.84,GiftCard,pending,08-Nov-2022
ORD-10007,,CUST1264,Yvonne Burns,,CENTRAL,US,Apparel,Running Shoes,6,65.72,0.05,,Gift Card,PENDING,05/10/23
ORD-11029,08/06/2024,CUST1538,Emma Owens,emma.owens50@outlook.com,Est,canada,TOYS,RC Car,4,44.04,0,15.16,Debit Card,Delivered,2022-01-04
10269,2023-06-16,CUST1185,Dr. Hannah Patterson,dr..patterson15@gmail.com,SOUTH,US,home & kitchen,Air Fryer,-2,161.66,0.1,0.37,Debit Card,Pending,"April 26, 2022"
ORD-12912,2023-11-19,CUST1644,Edwin Nunez,edwin.nunez22@gmail.com,Nort,United States,Apparel,Baseball Cap,1,47.97,0.25,19.72,gift card,pending,09/29/21
ORD-10401,03/09/23,CUST1753,Jennifer Porter,jennifer.porter40@outlook.com,Sth,Mexico,Electronis,Wireless Earbuds,6,102.1,0.2,19.51,Credit_Card,PENDING,03/27/23
11583,10/28/2024,CUST1174,Nicole Herring,nicole.herring30@outlook.com,SOUTH,canada,apparel,Cotton T-Shirt,2,$60.35,0,5.16,Debit Card,Cancelled,03/25/22
11534,16-04-2023,CUST1233,Laura Roberts,laura.roberts73@outlook.com,South,US,Sports & Outdoors,Hiking Backpack,1,$30.10,,1.6,CREDIT CARD,pending,08-07-2024
ORD-13086,2023-11-26,CUST1492,William Gould,william.at.gmail.com,NORTH,Canada,electronics,Wireless Earbuds,2,203.62,20%,5.99,Credit_Card,Delivered,06/21/2022
10468,2023-03-13,CUST1226,Kirk Carter,kirk.carter3@outlook.com,West,Mexico,Toy,Building Blocks Set,2,39.65,0,11.1,Debit,DELIVERED,"December 18, 2021"
ORD-11786,07/14/2024,CUST1440,jeremy mitchell,jeremy.mitchell58@outlook.com,NORTH,Mexico,toys,RC Car,2,57.84,0.25,1.69,Credit Card,Delivered,18-05-2021
11628,2024-12-07,CUST1660,William David DDS,william.dds44@outlook.com,CENTRAL,canada,Beauty,Lipstick,3,31.83,0,14.13,Credit Card,pending,21-07-2024
ORD-12064,09-Apr-2023,CUST1308,Kiara Mcintyre,kiara.mcintyre78@yahoo.com,Est,Mexico,Beauty,Lipstick,5,15.56,20%,16.29,Debit Card,delivered,10/03/22
ORD-11323,2024-03-15,CUST1284,Stephanie Williams,stephanie.williams5@yahoo.com,Est,USA,Toy,Building Blocks Set,2,8.09,0,17.36,gift card,PENDING,05/18/2021
ORD-10203,07/13/24,CUST1512,Allison Spencer,allison.spencer70@yahoo.com,WEST,Canada,Toys,Building Blocks Set,6,41.92,0,20.14,CREDIT CARD,Deliverd,2021-11-05
ORD-12938,"October 27, 2024",CUST1428,Robin Santiago,robin.santiago4@hotmail.com,Est,Mexico,Home and Kitchen,Throw Blanket,1,40.71,0.15,22.56,Pay Pal,shipped,06-Mar-2022
ORD-10156,20-03-2024,CUST1770,Jesse Clark,jesse.clark29@yahoo.com,Est,canada,Clothing,Denim Jacket,2,24.09,0.1,1.8,debit card,Pending,09-Oct-2022
ORD-12578,28-12-2023,CUST1736,Charles Turner,charles.turner19@gmail.com,SOUTH,canada,Sports and Outdoors,Resistance Bands,6,136.67,0.2,14.88,GiftCard,PENDING,07-12-2021
ORD-11036,07/26/24,CUST1076,angela lopez,angela.lopez95@yahoo.com,EAST,canada,home & kitchen,Non-stick Pan Set,5,59.05,0.2,24.19,Debit,Cancelled,2024-09-11
ORD-12454,02/14/2023,CUST1644,Edwin Nunez,edwin.nunez22@gmail.com,Nort,United States,Home and Kitchen,LED Desk Lamp,5,92.74,0,2.61,paypal,Shipped,09/29/21
ORD-11507,24-06-2023,CUST1421,Maria Jones,maria.jones10@outlook.com,west,canada,ELECTRONICS,Smartwatch,3,$109.64,0.2,2.84,Pay Pal,RETURNED,05/31/2022
ORD-10307,"March 09, 2023",CUST1370,Allison Hickman,allison.hickman20@outlook.com, North,Canada,Home&Kitchen,Non-stick Pan Set,-2,66.72,0.15,21.16,gift card,pending,01/22/22
10493,14-10-2024,CUST1524,Krista Martinez,krista.martinez42@yahoo.com,South,USA,Apparel,Baseball Cap,4,77.37,0,,Credit Card,CANCELLED,07/06/21
12909,"August 08, 2023",CUST1743,Valerie Taylor,valerie.taylor79@gmail.com, North,Canada,Sports and Outdoors,Resistance Bands,1,54.88,0,8.34,PAYPAL,RETURNED,"December 25, 2023"
10322,05/21/24,CUST1785,Laurie Bailey,laurie.bailey17@yahoo.com,Est,United States,ELECTRONICS,Smartwatch,1,223.5,0.1,13.51,Debit,cancelled,07/24/21
12505,"July 14, 2023",CUST1100,Sandra Aguilar,sandra.aguilar60@outlook.com,Central,canada,beauty,Face Moisturizer,6,59.46,0.05,11.93,Debit Card,pending,01/26/2023
11859,09/27/2024,CUST1614,Elizabeth Sharp,elizabeth.sharp60@gmail.com,Central,canada,apparel,Wool Sweater,1,32.86,0.15,1.96,credit card,Shipped,2023-08-22
ORD-12968,2024-01-10,CUST1082,Michael Evans,michael.evans7@yahoo.com,south,US,Home&Kitchen,Throw Blanket,5,28.04,20%,,credit card,returned,06-Sep-2021
ORD-12211,04-03-2024,CUST1065,Amber Kidd,amber.kidd9@outlook.com,CENTRAL,US,Electronis,Smartwatch,3,6864.21,20%,13.95,Gift Card,returned,12/21/22
ORD-12218,07/04/2023,CUST1484,Jasmine Beltran,jasmine.beltran53@hotmail.com,North,United States,sports & outdoors,Hiking Backpack,1,60.31,0,22.33,Pay Pal,SHIPPED,2022-03-21
ORD-10561,03/24/23,CUST1638,Maria Fisher,maria.fisher13@outlook.com,west,USA,Home & Kitchen,Air Fryer,2,148.04,0.1,7.68,GiftCard,PENDING,08/12/2024
,,,,,,,,,,,,,,,
ORD-12089,23-09-2023,CUST1293,Margaret Coleman,margaret.coleman74@outlook.com,south,canada,Electronics,Smartwatch,5,139.89,0.2,12.45,PayPal,PENDING,"August 16, 2023"
ORD-12098,09/16/2024,CUST1472,Lori Ingram,lori.ingram64@outlook.com,Est,canada,sports & outdoors,Water Bottle,1,99.23,0,22.65,Pay Pal,pending,24-10-2022
10084,unknown,CUST1694,Mary Jensen,mary.at.gmail.com,Central,canada,Home&Kitchen,Throw Blanket,4,121.62,0,22.73,PAYPAL,Canceled,07/16/2021
,,,,,,,,,,,,,,,
ORD-12761,01-11-2023,CUST1765,Laura Griffin,laura.griffin59@hotmail.com,EAST,United States,Electronic,Bluetooth Speaker,3,142.29,0.05,13.57,debit card,delivered,2024-03-23
ORD-11391,2023-04-22,CUST1023,tommy walter,tommy.walter98@yahoo.com,NORTH,canada,Beuty,Shampoo Set,2,11.54,,22.3,Debit,DELIVERED,"January 10, 2024"
ORD-11074,13-May-2023,CUST1693,Jonathan Brooks,jonathan.brooks6@outlook.com,Est,canada,sports & outdoors,Water Bottle,5,72.13,0,4.49,gift card,Pending,08/27/2024
ORD-10827,30-Jan-2023,CUST1841,Alexandra Dominguez,alexandra.dominguez15@gmail.com,NORTH,Canada,Home&Kitchen,Air Fryer,6,59.02,0.2,1.97,debit card,Returned,12/08/23
ORD-10798,"July 31, 2023",CUST1018,Lisa Jackson,lisa.jackson88@hotmail.com,West,US,toys,Board Game,1,63.66,0.1,,CREDIT CARD,Shipped,2024-05-06
ORD-11587,01/29/2023,CUST1193,Angelica Keith,angelica.keith77@gmail.com,south,canada,Sports,Water Bottle,2,60.27,0,8.32,Debit Card,returned,07/22/2022
ORD-12188,2024-09-11,CUST1104,Richard Henson,richard.henson39@gmail.com,East,canada,Home and Kitchen,Throw Blanket,6,74.23,0.2,24.99,Debit Card,DELIVERED,2024-03-05
ORD-10263,07/23/23,CUST1479,Kaylee Hays,kaylee.hays10@yahoo.com,Central,Mexico,Apparel,Wool Sweater,5,74.49,0,19.96,gift card,shipped,04/30/2024
ORD-10978,2024-10-01,CUST1844,Ashley Edwards,ashley.edwards33@gmail.com,central,Mexico,Toys,RC Car,2,67.48,0,8.82,credit card,Deliverd,01/21/2023
10750,25-10-2023,CUST1557,  GARY WELLS  ,gary.wells9@outlook.com,Nort,Canada,Home and Kitchen,Air Fryer,3,148.4,0.05,12.87,CREDIT CARD,pending,2022-06-10
ORD-11888,04/12/24,CUST1301,Heather Fields,heather.at.gmail.com,central,canada,Toy,Building Blocks Set,5,66.59,0,24.77,Gift Card,PENDING,08/05/2024
ORD-12692,13-06-2024,CUST1415,Antonio Garcia,antonio.garcia12@yahoo.com,Centrl,canada,toys,RC Car,2,51.25,0,14.84,Credit Card,SHIPPED,02-Jun-2023
10977,09/08/23,CUST1462,Riley Bryant,riley.bryant76@outlook.com,WEST,United States,Apparel,Wool Sweater,1,51.54,0.15,14.69,credit card,Cancelled,06/03/24
ORD-11464,26-Aug-2023,CUST1685,Mr. Michael Scott PhD,mr..phd42@gmail.com,East,US,BEAUTY,Sunscreen SPF50,2,26.58,0,0.33,paypal,PENDING,"July 04, 2024"
12206,14-Oct-2024,CUST1578,Melissa Bishop,melissa.bishop25@yahoo.com,NORTH,Mexico,Electronics,Wireless Earbuds,5,66.83,0.25,0.91,gift card,returned,29-Mar-2021
ORD-12612,09/22/2024,CUST1190,Debra Morton,debra.morton59@gmail.com,CENTRAL,Canada,toys,Building Blocks Set,4,61.17,,11.99,Debit,shipped,09/19/2024
ORD-12590,18-Jan-2024,CUST1665,Tracy Grant,tracy.grant64@gmail.com,Nort,canada,home & kitchen,Throw Blanket,3,27.12,0.2,9.25,CREDIT CARD,RETURNED,12/23/23
ORD-13048,2023-06-18,CUST1492,William Gould,william.at.gmail.com, North,Canada,TOYS,RC Car,-3,40.08,0.1,6.81,Debit Card,DELIVERED,06/21/2022
ORD-11789,-,CUST1792,Maria Cooke,maria.cooke78@yahoo.com,central,United States,Appare,Running Shoes,1,56.57,0.15,21.43,credit card,shipped,"March 27, 2024"
12159,22-Oct-2023,CUST1270,jasmin alvarado,jasmin.alvarado85@gmail.com,EAST,United States,Apparel,Wool Sweater,5,88.44,0,3.63,credit card,DELIVERED,04/06/24
ORD-12279,04/12/2023,CUST1362,  BRYAN GOMEZ  ,bryan.gomez66@hotmail.com,Nort,canada,Sports & Outdoors,Camping Tent,5,64.86,0,18.81,debit card,Shipped,"July 25, 2023"
ORD-10600,08/07/2024,CUST1022,Ethan Adams,ethan.adams81@outlook.com,Centrl,United States,Electronic,Webcam,4,216.98,0,1.74,Debit,Deliverd,"August 01, 2024"
12335,"January 17, 2023",CUST1188,Madison Poole,madison.poole31@outlook.com,East,canada,electronics,Laptop Stand,4,74.53,0.25,15.79,Pay Pal,SHIPPED,07/23/21
ORD-10779,03/27/2024,CUST1048,Joshua Blair,joshua.blair83@outlook.com,North,Canada,Toy,Board Game,5,53.27,25%,15.67,gift card,PENDING,26-07-2023
12673,unknown,CUST1323,Brandy Chavez,brandy.chavez20@yahoo.com,east,United States,apparel,Baseball Cap,6,68.9,0,23.96,credit card,Shipped,"November 03, 2022"
ORD-12304,2024-02-07,CUST1637,Randy Cannon,randy.cannon86@hotmail.com,Centrl,Canada,sports & outdoors,Yoga Mat,2,29.94,0,21.07,debit card,PENDING,2021-11-02
ORD-11974,2024-06-07,CUST1055,Michael Lewis,michael.at.gmail.com,north,Canada,sports & outdoors,Resistance Bands,4,148.84,0,0.13,gift card,RETURNED,18-05-2023
ORD-11898,01-02-2023,CUST1237,David Davis,david.davis50@hotmail.com,north,US,Clothing,Baseball Cap,2,60.85,0,21.77,gift card,shipped,"April 03, 2024"
10746,2024-07-15,CUST1240,Andrew Avila,andrew.avila6@yahoo.com,central,canada,beauty,Shampoo Set,6,49.48,,15.73,PAYPAL,Pending,16-Jun-2023
ORD-12336,02/08/2023,CUST1776,  TINA HALL  ,tina.hall85@hotmail.com,CENTRAL,Canada,Home and Kitchen,Coffee Maker,1,136.51,0.15,4.14,PAYPAL,delivered,2024-06-11
ORD-12777,"August 09, 2024",CUST1616,Bryan Parker,bryan.parker39@hotmail.com,SOUTH,United States,home & kitchen,Non-stick Pan Set,2,-149.72,0,4.68,Credit Card,Delivered,04/21/2021
ORD-12961,"March 26, 2023",CUST1301,Heather Fields,heather.at.gmail.com,central,canada,BEAUTY,Shampoo Set,1,40.03,0,10.99,debit card,Pending,08/05/2024
ORD-11107,12-10-2023,CUST1063,Donald Wright,donald.wright5@hotmail.com, West ,USA,Clothing,Denim Jacket,6,77.52,0,21.68,PAYPAL,RETURNED,04/01/2022
ORD-10450,17-Apr-2024,CUST1016,Holly Wood,holly.wood69@outlook.com,Central,US,Beuty,Sunscreen SPF50,6,26.1,,16.25,CC,Shipped,12-Apr-2024
ORD-10550,02/19/24,CUST1093,Christina Walters,christina.walters86@hotmail.com,Sth,canada,Home&Kitchen,LED Desk Lamp,1,176.81,0,0.59,debit card,Shipped,05-Dec-2021
ORD-11187,"June 17, 2024",CUST1049,Eric Carney,eric.carney73@gmail.com,South,canada,home & kitchen,Throw Blanket,4,77.45,15%,19.59,PAYPAL,RETURNED,"May 31, 2021"
10936,03/12/24,CUST1577,Raymond Le,raymond.le87@yahoo.com,South,United States,ELECTRONICS,Wireless Earbuds,6,89.54,0,11.18,Debit,PENDING,04-Sep-2021
ORD-12062,07/26/2023,CUST1590,Laurie Sanchez,laurie.sanchez25@hotmail.com, West ,canada,Electronis,Webcam,1,65.46,0.05,23.83,Debit,Canceled,09-Mar-2022
11247,2024-11-02,CUST1626,Amy Kelley,amy.kelley63@outlook.com,West,Canada,electronics,Webcam,2,208.99,0.1,12.15,debit card,delivered,01/21/2022
12433,10/06/2023,CUST1022,ethan adams,ethan.adams81@outlook.com,Centrl,United States,sports & outdoors,Resistance Bands,2,93.1,0.05,16.45,paypal,Deliverd,"August 01, 2024"
11557,10/31/2024,CUST1723,Todd Reynolds,todd.reynolds79@yahoo.com,west,United States,Sports,Water Bottle,2,137.05,0.05,5.57,PayPal,CANCELLED,11/19/2023
ORD-10143,"November 25, 2024",CUST1769,Todd Thomas,todd.thomas62@gmail.com, West ,Mexico,Sports and Outdoors,Water Bottle,6,27.69,0,16.96,GiftCard,Pending,2022-06-13
ORD-11680,10/12/23,CUST1818,Michael Poole,,NORTH,US,Sports & Outdoors,Camping Tent,6,-136.24,0,23.09,PayPal,DELIVERED,07/04/2021
ORD-10915,2024-01-24,CUST1723,Todd Reynolds,todd.reynolds79@yahoo.com,West,United States,Electronic,USB-C Cable,1,231.01,0,6.74,Pay Pal,CANCELLED,11/19/2023
12676,01/15/2023,CUST1779,Kevin Price,,central,Canada,Electronis,Webcam,1,211.4,0.1,8.73,debit card,PENDING,17-May-2023
ORD-12311,12/22/24,CUST1237,David Davis,david.davis50@hotmail.com, North,US,Toy,Puzzle 1000pc,5,30.08,0.1,4.14,Gift Card,PENDING,"April 03, 2024"
ORD-12272,02/08/2023,CUST1022,Ethan Adams,ethan.adams81@outlook.com,central,United States,Apparel,Running Shoes,4,64.47,0.2,2.02,debit card,Canceled,"August 01, 2024"
12035,11-12-2024,CUST1603,Keith Rodriguez,keith.rodriguez48@outlook.com, North,US,Home&Kitchen,Non-stick Pan Set,3,112.4,0,,gift card,RETURNED,09/04/22
12678,2023-07-12,CUST1149,Stephanie Manning,stephanie.manning38@outlook.com,WEST,United States,apparel,Denim Jacket,4,29.55,0,5.04,Gift Card,delivered,01-May-2023
10664,2023-10-12,CUST1144,Amber Wright,amber.wright25@outlook.com,west,Canada,apparel,Cotton T-Shirt,1,21.19,0,5.59,credit card,cancelled,29-Jun-2024
ORD-12196,N/A,CUST1059,John Daniel,john.daniel6@outlook.com,Est,United States,apparel,Wool Sweater,2,28.14,0,14.0,GiftCard,Canceled,2023-01-17
ORD-12550,"February 18, 2023",CUST1514,angelica parker,angelica.parker14@yahoo.com, West ,US,Beauty,Shampoo Set,2,5.02,0.15,21.95,Credit_Card,Canceled,12/22/2023
ORD-11066,28-May-2023,CUST1137,Courtney Gonzalez,courtney.gonzalez12@yahoo.com,north,Mexico,Apparel,Wool Sweater,4,65.99,0,19.63,PayPal,Deliverd,"March 24, 2024"
ORD-10208,2024-06-29,CUST1210,Christopher Smith,christopher.smith65@yahoo.com,WEST,United States,ELECTRONICS,Smartwatch,4,232.22,0.05,13.83,PAYPAL,PENDING,11/13/21
10217,04-Aug-2023,CUST1146,Victoria Larson,,SOUTH,Mexico,Electronic,Smartwatch,5,58.09,0.15,5.17,Debit Card,Shipped,"July 14, 2024"
ORD-10824,2024-08-11,CUST1207,Cathy Robinson,cathy.robinson48@yahoo.com,Centrl,canada,Home&Kitchen,Throw Blanket,3,66.44,0.05,7.1,Debit Card,PENDING,2024-02-14
ORD-12622,12/14/24,CUST1322,Johnathan Davis,johnathan.davis6@gmail.com,East,US,apparel,Wool Sweater,6,4180.9,0.25,0.28,Credit Card,RETURNED,10/08/21
ORD-12694,2024-06-20,CUST1029,Anthony Rodriguez,anthony.rodriguez9@outlook.com,central,United States,home & kitchen,Throw Blanket,5,43.0,0,7.62,Debit Card,Shipped,"February 13, 2021"
ORD-10176,02/06/24,CUST1516,William Day,william.day48@hotmail.com,north,canada,Home and Kitchen,Air Fryer,1,118.77,0,24.59,paypal,cancelled,"June 23, 2021"
ORD-13112,"January 18, 2023",CUST1563,Veronica Silva,veronica.silva91@gmail.com,south,canada,beauty,Hair Dryer,6,58.57,,13.64,Debit,shipped,06/03/23
ORD-12186,07-02-2024,CUST1758,Heather Woodard,heather.woodard92@gmail.com,west,US,home & kitchen,Throw Blanket,2,176.79,0.1,9.57,Pay Pal,pending,12/25/21
ORD-10780,"November 09, 2024",CUST1170,  JAMIE WALTON  ,jamie.walton89@outlook.com,south,US,beauty,Hair Dryer,5,18.5,15%,20.8,gift card,PENDING,25-07-2023
10472,02/24/23,CUST1282,Jessica Garcia,jessica.garcia8@gmail.com,east,canada,Toy,RC Car,2,65.45,0,6.94,gift card,cancelled,29-Jul-2024
13019,2023-12-03,CUST1145,  JOYCE SOLIS  ,joyce.solis71@yahoo.com, West ,Canada,Beuty,Face Moisturizer,2,46.32,0.25,20.01,Debit,PENDING,13-Aug-2022
12733,07/14/23,CUST1752,Michael Fuentes,michael.fuentes72@hotmail.com,central,canada,Beauty,Lipstick,4,38.3,,12.08,debit card,Delivered,02-01-2022
ORD-12527,12/06/2023,CUST1696,Joseph Hill,joseph.hill14@yahoo.com, West ,Mexico,home & kitchen,Coffee Maker,5,138.24,0,0.24,paypal,delivered,01/07/24
12128,"March 29, 2023",CUST1419,Jake Campbell,jake.campbell18@outlook.com,west,United States,Sports,Yoga Mat,3,28.52,,20.07,GiftCard,CANCELLED,09-09-2022
12413,2024-11-16,CUST1426,Jenna Larson,jenna.larson63@yahoo.com,EAST,US,sports & outdoors,Resistance Bands,2,45.38,0,3.35,Debit Card,Canceled,30-Oct-2022
ORD-10305,17-Jul-2023,CUST1081,Mike Allen,mike.allen97@gmail.com,Sth,Mexico,beauty,Sunscreen SPF50,2,15.17,0.25,17.5,credit card,Canceled,05/21/2023
ORD-12435,"May 17, 2023",CUST1775,Christopher Moore,christopher.moore80@outlook.com,North,Canada,Apparel,Denim Jacket,5,-22.15,0.2,12.51,Credit_Card,Returned,2021-11-16
ORD-11823,N/A,CUST1612,Franklin Wright,franklin.wright98@yahoo.com, North,United States,Home & Kitchen,Non-stick Pan Set,2,135.92,10%,3.27,Gift Card,Canceled,11/19/22
ORD-11687,"December 21, 2023",CUST1371,Debra White,debra.white54@gmail.com,North,Canada,Home&Kitchen,Air Fryer,4,129.48,0,6.96,gift card,pending,05/08/2022
11253,"August 25, 2023",CUST1665,Tracy Grant,tracy.grant64@gmail.com,north,canada,Sports & Outdoors,Water Bottle,1,$61.27,0.15,23.58,Debit Card,RETURNED,12/23/23
ORD-10804,07/10/2024,CUST1827,Claudia Jordan,claudia.jordan56@outlook.com,EAST,canada,Beuty,Hair Dryer,1,38.16,0.1,,GiftCard,Pending,01/31/2021
ORD-11704,06/18/2023,CUST1834,Bonnie Santos,bonnie.santos38@hotmail.com,south,canada,Home&Kitchen,Non-stick Pan Set,2,169.3,0,3.49,Debit Card,PENDING,"January 24, 2022"
10959,"June 20, 2024",CUST1423,Mary Escobar,mary.escobar80@hotmail.com,Est,US,electronics,Wireless Earbuds,2,104.26,0,23.81,Debit Card,delivered,06-Nov-2022
10482,2024-04-02,CUST1123,Michelle Harmon,michelle.harmon7@outlook.com,NORTH,US,apparel,Running Shoes,3,62.64,0.2,,Gift Card,Cancelled,2023-09-06
10332,"November 07, 2023",CUST1665,Tracy Grant,tracy.grant64@gmail.com, North,canada,Beuty,Sunscreen SPF50,2,42.52,0,8.56,CREDIT CARD,returned,12/23/23
12515,06/19/23,CUST1668,Nathaniel Lee,nathaniel.lee65@hotmail.com,Sth,USA,Beauty,Shampoo Set,4,35.96,0,,credit card,pending,"May 08, 2023"
ORD-11694,08/13/2024,CUST1103,Christine Wright,christine.wright26@gmail.com,SOUTH,Canada,Toys,Puzzle 1000pc,2,56.96,0.1,19.11,CREDIT CARD,DELIVERED,04/27/24
ORD-10423,"May 23, 2024",CUST1371,Debra White,debra.white54@gmail.com,NORTH,Canada,sports & outdoors,Hiking Backpack,2,149.73,0.1,6.28,Gift Card,Delivered,05/08/2022
10610,"August 05, 2024",CUST1426,Jenna Larson,jenna.larson63@yahoo.com,EAST,US,Sports and Outdoors,Hiking Backpack,4,86.74,20%,4.68,Gift Card,Returned,30-Oct-2022
10228,23-11-2024,CUST1445,Tracy Montoya,tracy.montoya1@yahoo.com,NORTH,canada,beauty,Shampoo Set,2,25.42,0.1,17.88,Gift Card,returned,26-02-2022
11402,05/25/23,CUST1082,Michael Evans,michael.evans7@yahoo.com,SOUTH,US,beauty,Face Moisturizer,1,42.68,0.15,24.33,CC,SHIPPED,06-Sep-2021
ORD-12232,2024-09-05,CUST1500,Jennifer Banks,jennifer.banks45@outlook.com,south,Mexico,Toys,Puzzle 1000pc,2,50.28,0.05,5.14,GiftCard,CANCELLED,08-12-2021
ORD-12785,16-Dec-2023,CUST1388,Sandra Drake,sandra.at.gmail.com,SOUTH,USA,toys,RC Car,6,33.08,0,10.9,Debit Card,CANCELLED,20-08-2023
ORD-10277,01/07/2024,CUST1749,Leslie Gardner,,Est,US,Sports & Outdoors,Yoga Mat,3,48.62,0,20.15,Debit,Pending,09/02/2024
ORD-12040,14-10-2023,CUST1569,Michael Johnson,michael.johnson11@hotmail.com,west,US,TOYS,Action Figure,5,50.81,0.05,14.42,gift card,Returned,25-08-2021
ORD-11844,07/10/2024,CUST1321,Charles Shah,charles.shah97@yahoo.com,CENTRAL,US,toys,Board Game,6,45.56,0.05,17.74,Pay Pal,RETURNED,"February 12, 2022"
ORD-13094,27-09-2024,CUST1418,Jeffrey Mills,jeffrey.mills93@yahoo.com,SOUTH,Mexico,Sports,Resistance Bands,6,111.45,0,22.68,Gift Card,RETURNED,"March 17, 2024"
ORD-12696,12/09/23,CUST1153,Devon Flores,devon.flores62@outlook.com,central,US,Home and Kitchen,Coffee Maker,6,78.4,0.15,14.83,credit card,CANCELLED,"November 12, 2022"
ORD-11519,09-Apr-2023,CUST1356,Jesse Perry,jesse.perry29@yahoo.com,west,Mexico,Beuty,Lipstick,1,43.63,0,20.83,PayPal,cancelled,09/07/2023
ORD-11529,08/26/24,CUST1344,Kayla Rodriguez,kayla.rodriguez8@gmail.com,SOUTH,canada,Appare,Cotton T-Shirt,5,41.39,0,5.25,gift card,Shipped,"August 28, 2024"
10451,10/18/2024,CUST1801,Krista Wilson,krista.wilson11@gmail.com,SOUTH,Canada,Toys,Building Blocks Set,N/A,64.79,0.25,20.85,PayPal,Deliverd,"June 22, 2022"
ORD-10741,"December 24, 2024",CUST1185,Dr. Hannah Patterson,dr..patterson15@gmail.com,Sth,US,Electronis,Smartwatch,1,15761.13,10%,7.02,CC,Cancelled,"April 26, 2022"
11592,2024-01-26,CUST1385,Chad Scott,chad.scott25@gmail.com,central,Mexico,Toys,Board Game,1,27.4,0,6.15,PAYPAL,Returned,09/08/2023
ORD-13044,02-02-2024,CUST1516,William Day,william.day48@hotmail.com, North,canada,Home&Kitchen,Throw Blanket,2,75.03,0,12.13,Credit Card,delivered,"June 23, 2021"
ORD-12884,08/06/2024,CUST1466,Jason Beck,jason.beck17@yahoo.com,Est,United States,Clothing,Denim Jacket,3,47.28,0.25,24.09,Debit Card,RETURNED,05/27/2022
ORD-11123,2023-11-05,CUST1424,Felicia Aguilar,felicia.aguilar84@yahoo.com,central,Mexico,sports & outdoors,Resistance Bands,2,53.9,0,4.68,Pay Pal,delivered,08-09-2022
10199,14-Dec-2023,CUST1155,  MICHELLE BROWN  ,michelle.brown53@gmail.com,WEST,Mexico,TOYS,Board Game,5,19.18,10%,14.72,PAYPAL,Delivered,10/14/22
10782,10-Jun-2023,CUST1539,David Davis,david.davis36@gmail.com,East,canada,Beuty,Sunscreen SPF50,4,22.51,0,13.23,Gift Card,Delivered,"August 25, 2023"
11395,"October 16, 2024",CUST1160,Paul Castaneda,paul.at.gmail.com,CENTRAL,US,ELECTRONICS,Laptop Stand,-2,220.26,,,gift card,Cancelled,11/04/22
ORD-11246,05-09-2024,CUST1806,Zachary Cole,zachary.cole82@outlook.com,Central,United States,BEAUTY,Sunscreen SPF50,2,16.3,5%,8.66,PayPal,Pending,13-Dec-2022
ORD-11984,"August 07, 2023",CUST1550,Kelly Lee,kelly.lee21@hotmail.com,Est,United States,ELECTRONICS,USB-C Cable,3,129.5,0,15.52,Debit Card,Delivered,02-Aug-2024
ORD-11827,"May 28, 2023",CUST1391,Laura Mckinney,laura.mckinney73@yahoo.com,Est,USA,Beauty,Sunscreen SPF50,5,32.09,0.1,15.82,PayPal,pending,"October 20, 2023"
10070,"May 05, 2023",CUST1717,Brenda Hinton,brenda.hinton11@outlook.com,Sth,USA,Electronis,Smartwatch,3,89.2,0.2,6.85,Credit_Card,PENDING,"October 14, 2021"
ORD-12244,07/11/2024,CUST1731,Alexander Gomez,alexander.gomez1@yahoo.com,Sth,Canada,Sports,Yoga Mat,2,101.29,0.05,12.34,Credit_Card,CANCELLED,06/20/2023
ORD-10087,10/27/23,CUST1210,Christopher Smith,christopher.smith65@yahoo.com,West,United States,Appare,Running Shoes,4,19.84,5%,17.88,gift card,cancelled,11/13/21
11925,10/04/2024,CUST1664,Renee Melendez,renee.melendez6@gmail.com,Centrl,canada,Apparel,Wool Sweater,4,72.14,0.2,22.69,PAYPAL,Delivered,12-Jul-2023
ORD-11008,10/17/23,CUST1582,Gregory Peck,gregory.peck54@gmail.com,south,canada,Home & Kitchen,Air Fryer,2,92.05,0,2.83,gift card,shipped,04/29/2023
ORD-10729,2022-08-03,CUST1523,Sarah King,sarah.king12@yahoo.com,Centrl,Canada,beauty,Face Moisturizer,4,55.76,0.15,17.81,Debit Card,pending,09/16/22
ORD-12441,15-Aug-2024,CUST1231,Susan Serrano,susan.serrano26@yahoo.com,NORTH,United States,TOYS,Puzzle 1000pc,3,16.44,0.15,3.32,CREDIT CARD,Delivered,05/18/2024
13067,2024-11-12,CUST1478,Curtis Williams,curtis.williams30@hotmail.com,North,Canada,Electronis,Laptop Stand,1,158.49,0.05,15.11,paypal,Canceled,2024-09-04
ORD-10756,2024-04-12,CUST1603,Keith Rodriguez,keith.rodriguez48@outlook.com,North,US,Sports & Outdoors,Yoga Mat,6,21.31,15%,20.73,gift card,Returned,09/04/22
10807,03/25/24,CUST1600,Casey Gillespie,casey.gillespie29@outlook.com,East,US,Home&Kitchen,Air Fryer,3,41.76,0.15,10.34,Credit Card,Delivered,30-05-2024
ORD-11290,2024-02-29,CUST1831,Richard Stevens,richard.stevens14@yahoo.com,Est,canada,Electronis,Smartwatch,5,150.0,0.15,20.54,CREDIT CARD,Pending,09/27/2023
ORD-11994,N/A,CUST1293,Margaret Coleman,margaret.coleman74@outlook.com,SOUTH,canada,Beauty,Face Moisturizer,4,15.55,0,13.42,debit card,pending,"August 16, 2023"
12455,2023-02-07,CUST1172,Joshua Cooke,joshua.cooke90@outlook.com, West ,USA,toys,RC Car,1,62.16,0.2,11.19,Debit Card,returned,02/14/21
ORD-11363,06/03/24,CUST1305,Kevin Oconnor,kevin.oconnor70@outlook.com,WEST,United States,Sports & Outdoors,Hiking Backpack,6,142.16,0,17.89,debit card,Deliverd,07-08-2024
10213,2024-06-24,CUST1751,Michael Gonzales,michael.gonzales55@outlook.com, West ,United States,home & kitchen,Coffee Maker,6,55.26,0.2,22.01,PayPal,RETURNED,07-06-2024
ORD-12988,01-04-2024,CUST1611,Michael Lopez,michael.at.gmail.com,Est,Mexico,Beauty,Sunscreen SPF50,2,29.73,0.2,4.82,Gift Card,DELIVERED,09/20/21
11591,08-Feb-2024,CUST1391,  LAURA MCKINNEY  ,laura.mckinney73@yahoo.com,East,USA,Electronic,Bluetooth Speaker,1,38.21,0,4.65,paypal,Shipped,"October 20, 2023"
ORD-10326,2024-10-08,CUST1258,Denise Davenport,denise.davenport4@hotmail.com,central,USA,Beuty,Face Moisturizer,5,38.75,0.25,12.55,gift card,shipped,20-Apr-2021
12711,2024-07-09,CUST1801,Krista Wilson,krista.wilson11@gmail.com,Sth,Canada,toys,Board Game,1,22.69,0,16.09,PayPal,Canceled,"June 22, 2022"
ORD-10717,21-Oct-2024,CUST1583,Denise Martinez,denise.martinez98@gmail.com,NORTH,USA,apparel,Baseball Cap,2,58.18,,8.09,gift card,Pending,"August 05, 2021"
ORD-11224,2023-06-06,CUST1146,Victoria Larson,,South,Mexico,TOYS,Puzzle 1000pc,2,68.0,0,22.57,CC,RETURNED,"July 14, 2024"
ORD-11908,2024-06-30,CUST1018,Lisa Jackson,lisa.jackson88@hotmail.com,west,US,Sports,Hiking Backpack,6,96.78,0,21.63,Debit Card,Returned,2024-05-06
ORD-10844,04/07/2023,CUST1659,lori simmons,lori.simmons92@outlook.com, North,Mexico,Home & Kitchen,Air Fryer,6,100.97,15%,12.92,Gift Card,CANCELLED,2023-07-16
ORD-10965,16-May-2024,CUST1622,Kaitlin Medina,kaitlin.medina97@yahoo.com,North,Mexico,Electronics,Wireless Earbuds,3,71.51,0,24.82,Credit Card,Deliverd,02/06/21
ORD-12170,09/30/23,CUST1794,Jerry Brown,jerry.brown58@gmail.com,East,US,electronics,USB-C Cable,5,$239.56,0.25,18.23,PayPal,Shipped,"February 20, 2023"
ORD-11598,"September 22, 2024",CUST1362,Bryan Gomez,bryan.gomez66@hotmail.com,north,canada,TOYS,Board Game,1,4345.52,0,13.55,PayPal,CANCELLED,"July 25, 2023"
ORD-10011,12/30/24,CUST1137,Courtney Gonzalez,courtney.gonzalez12@yahoo.com, North,Mexico,Sports and Outdoors,Camping Tent,2,12.1,0,24.64,GiftCard,returned,"March 24, 2024"
ORD-10309,13-Jun-2023,CUST1621,Lisa Perry,,East,Canada,Electronic,Webcam,N/A,129.64,0,15.46,CC,Canceled,12/30/2023
ORD-11636,14-03-2024,CUST1369,  SABRINA AUSTIN  ,sabrina.austin93@hotmail.com,south,United States,Sports and Outdoors,Hiking Backpack,6,41.61,0.05,19.17,Gift Card,Shipped,26-Dec-2023
ORD-10474,01/03/23,CUST1048,joshua blair,joshua.blair83@outlook.com,Nort,Canada,Clothing,Wool Sweater,6,41.83,,22.09,Credit_Card,returned,26-07-2023
ORD-11549,12/14/2023,CUST1780,Christine Goodwin,christine.goodwin51@yahoo.com,CENTRAL,US,electronics,Wireless Earbuds,1,151.41,0,5.97,Gift Card,SHIPPED,2023-07-26
ORD-11648,"January 24, 2023",CUST1730,Jerry Peters,jerry.peters29@hotmail.com,West,US,Home&Kitchen,Non-stick Pan Set,1,18.61,0.25,12.83,Debit Card,Delivered,24-12-2022
ORD-11720,10/21/24,CUST1125,Erin Edwards,erin.at.gmail.com,central,US,beauty,Shampoo Set,4,12.06,0.05,24.25,Pay Pal,Shipped,2022-05-24
ORD-10097,28-04-2023,CUST1504,Katherine Martinez,katherine.martinez14@gmail.com,Centrl,Canada,Electronis,Wireless Earbuds,5,113.72,0,11.15,Debit Card,RETURNED,04/13/22
12628,05/31/2023,CUST1502,Mr. Justin Green III,mr..iii34@gmail.com,central,USA,Electronic,Smartwatch,1,150.97,0.05,8.93,CC,Returned,14-Oct-2023
ORD-11093,2024-11-20,CUST1213,Katherine Salas,katherine.salas90@outlook.com,Nort,United States,BEAUTY,Face Moisturizer,5,5.14,0.2,19.54,PAYPAL,PENDING,27-11-2022
10796,03/01/2024,CUST1350,Ana Hill,ana.hill97@yahoo.com,WEST,US,Toys,RC Car,2,13.48,0.1,15.67,debit card,CANCELLED,"December 26, 2021"
ORD-12407,02/27/24,CUST1229,Lori Guerrero,lori.guerrero22@gmail.com,North,canada,Home & Kitchen,Coffee Maker,5,45.71,0,12.16,Gift Card,SHIPPED,11/12/23
ORD-12894,2024-05-04,CUST1102,Rebecca Valencia,,west,US,electronics,Webcam,6,80.89,0.2,2.01,PAYPAL,Deliverd,"October 01, 2022"
ORD-11712,10/25/2024,CUST1748,Jenna Wilson,jenna.wilson91@gmail.com,NORTH,canada,Home&Kitchen,Non-stick Pan Set,4,26.45,0.1,1.04,paypal,pending,"March 29, 2024"
ORD-10705,15-Jul-2024,CUST1833,Tyler Harris,tyler.harris46@yahoo.com,west,Mexico,electronics,Laptop Stand,6,98.42,0,20.28,credit card,Returned,2022-05-29
ORD-10239,"November 04, 2023",CUST1029,Anthony Rodriguez,anthony.rodriguez9@outlook.com,central,United States,beauty,Shampoo Set,4,48.61,0,22.07,Pay Pal,delivered,"February 13, 2021"
ORD-12180,11/26/2023,CUST1385,Chad Scott,chad.scott25@gmail.com,Centrl,Mexico,Beauty,Hair Dryer,2,42.36,15%,18.82,CC,DELIVERED,09/08/2023
10446,24-08-2023,CUST1033,Nathan Maldonado,nathan.maldonado53@yahoo.com,west,USA,Home and Kitchen,Non-stick Pan Set,5,,0.2,7.17,Credit_Card,Returned,2021-07-13
11526,2024-03-20,CUST1102,Rebecca Valencia,,WEST,US,Sports & Outdoors,Resistance Bands,6,43.74,0,12.45,PAYPAL,Deliverd,"October 01, 2022"
ORD-11314,04/23/24,CUST1209,Brian Lee,,Est,USA,toys,Building Blocks Set,6,65.84,0.25,,Gift Card,delivered,"August 13, 2022"
ORD-12653,"June 04, 2024",CUST1761,Amanda Terrell,amanda.terrell22@gmail.com,North,United States,beauty,Sunscreen SPF50,2,55.79,0,10.63,Debit Card,Canceled,01/07/2023
11849,27-Sep-2023,CUST1458,Aaron Miller,aaron.miller59@hotmail.com,Nort,canada,Sports and Outdoors,Camping Tent,5,23.6,0,23.55,CC,PENDING,"January 31, 2024"
ORD-12744,08-04-2024,CUST1127,Jason Powell,jason.powell76@hotmail.com,central,Canada,Beuty,Hair Dryer,4,3561.88,15%,1.66,Debit Card,CANCELLED,"September 18, 2022"
11916,"March 17, 2023",CUST1674,Zachary Mendoza,zachary.mendoza4@hotmail.com, North,United States,Toys,RC Car,2,10.28,0.2,6.65,Credit Card,Pending,2021-10-25
ORD-13031,24-11-2024,CUST1557,Gary Wells,gary.wells9@outlook.com,north,Canada,Appare,Running Shoes,5,70.07,,0.91,PAYPAL,Shipped,2022-06-10
ORD-11884,12-04-2024,CUST1170,Jamie Walton,jamie.walton89@outlook.com,south,US,Home&Kitchen,Non-stick Pan Set,4,169.61,0,3.74,Gift Card,pending,25-07-2023
ORD-11543,03/17/2024,CUST1365,Kenneth Lewis,kenneth.lewis9@hotmail.com, West ,United States,Beuty,Shampoo Set,5,30.68,0,7.14,Debit Card,cancelled,06-03-2021
12243,12/10/24,CUST1485,Jonathan Glass MD,jonathan.md76@hotmail.com,east,United States,Toy,Building Blocks Set,1,48.4,0.15,10.38,CC,shipped,21-Dec-2022
ORD-12359,07/10/24,CUST1324,Natalie Bautista,natalie.bautista79@outlook.com,Central,canada,Sports,Water Bottle,5,66.86,0,,paypal,shipped,30-04-2024
ORD-12157,26-07-2024,CUST1748,Jenna Wilson,jenna.wilson91@gmail.com, North,canada,Sports,Yoga Mat,6,105.78,0,10.7,debit card,RETURNED,"March 29, 2024"
ORD-11747,08/21/2024,CUST1487,Samantha Gardner,samantha.gardner37@gmail.com,south,canada,Electronic,USB-C Cable,6,146.4,0,22.44,Debit Card,Shipped,10-09-2024
11289,07/29/23,CUST1449,Phillip Nelson,phillip.nelson87@outlook.com,North,Mexico,beauty,Lipstick,3,29.04,0.1,18.88,Debit Card,DELIVERED,"June 12, 2024"
10343,-,CUST1305,Kevin Oconnor,kevin.oconnor70@outlook.com,west,United States,electronics,USB-C Cable,4,198.27,0,10.98,gift card,PENDING,07-08-2024
ORD-10624,16-04-2024,CUST1268,  CYNTHIA ROWE  ,cynthia.rowe9@gmail.com,NORTH,Mexico,Apparel,Baseball Cap,4,24.93,0.2,16.54,Pay Pal,Shipped,11-Mar-2023
ORD-10579,17-09-2023,CUST1189,Jessica Gross,jessica.gross83@outlook.com,East,United States,Sports and Outdoors,Hiking Backpack,6,138.22,0.15,22.02,PayPal,Shipped,05-May-2021
ORD-11939,07-Dec-2024,CUST1073,Lauren Daniels,lauren.daniels54@hotmail.com,central,USA,Appare,Cotton T-Shirt,1,23.25,0.25,17.74,CC,Canceled,"December 23, 2021"
ORD-12308,11-Apr-2024,CUST1472,Lori Ingram,lori.ingram64@outlook.com,east,canada,Toy,Action Figure,4,37.17,0.15,,gift card,DELIVERED,24-10-2022
ORD-11087,05/19/23,CUST1274,Joyce Bowen,joyce.bowen41@outlook.com,Centrl,US,Sports and Outdoors,Hiking Backpack,2,13273.21,0.1,,Debit Card,Shipped,22-Nov-2023
ORD-10533,06/16/2024,CUST1336,Daniel Kane,daniel.kane93@outlook.com,Central,Mexico,apparel,Cotton T-Shirt,2,56.7,25%,11.3,Credit_Card,DELIVERED,2022-08-13
ORD-12552,09/26/23,CUST1132,Mary Marshall,mary.marshall34@yahoo.com,central,United States,Sports & Outdoors,Hiking Backpack,2,74.15,,19.04,Credit_Card,Cancelled,2023-05-21
ORD-10903,01-10-2024,CUST1293,Margaret Coleman,margaret.coleman74@outlook.com,south,canada,TOYS,RC Car,1,68.54,0,15.26,Debit Card,returned,"August 16, 2023"
ORD-13080,10-Jan-2024,CUST1458,Aaron Miller,aaron.miller59@hotmail.com, North,canada,TOYS,Board Game,3,12.68,0.2,16.83,CREDIT CARD,SHIPPED,"January 31, 2024"
12640,25-08-2023,CUST1773,Samuel Wong,samuel.wong74@outlook.com,South,US,Beuty,Hair Dryer,2,22.92,0,17.77,GiftCard,PENDING,01/10/22
11109,16-Dec-2023,CUST1235,Kathryn Snyder,kathryn.snyder46@gmail.com,WEST,Canada,Beuty,Hair Dryer,4,$28.05,5%,2.18,CC,Returned,28-Sep-2022
ORD-11632,12/24/23,CUST1601,Jennifer Simpson DVM,jennifer.dvm45@hotmail.com,WEST,USA,Toys,Building Blocks Set,4,11.95,0.25,1.6,Debit Card,PENDING,06/01/2022
ORD-11659,"September 13, 2024",CUST1582,Gregory Peck,gregory.peck54@gmail.com,South,canada,Beauty,Hair Dryer,1,26.38,0.05,2.28,PayPal,pending,04/29/2023
ORD-10900,-,CUST1557,Gary Wells,gary.wells9@outlook.com,north,Canada,Appare,Running Shoes,6,57.43,0,3.22,credit card,Cancelled,2022-06-10
ORD-10597,04/23/2024,CUST1425,Gregory Ponce,gregory.ponce41@yahoo.com,east,Mexico,Sports & Outdoors,Water Bottle,-1,62.19,10%,2.75,Pay Pal,Deliverd,27-03-2023
ORD-10762,03-09-2023,CUST1627,Laura Hernandez,laura.hernandez94@yahoo.com,north,canada,BEAUTY,Shampoo Set,4,6.51,,6.63,Debit Card,pending,03/09/22
ORD-10206,12-Feb-2024,CUST1250,Isaiah Avila,isaiah.avila5@outlook.com,Central,US,Home and Kitchen,Throw Blanket,5,163.11,0.25,7.97,Credit Card,returned,06/19/2024
10813,"July 17, 2024",CUST1570,Ashley Smith,ashley.smith85@outlook.com,Centrl,US,electronics,Wireless Earbuds,-1,72.6,0.15,24.11,Debit,SHIPPED,07/06/21
ORD-10545,15-01-2023,CUST1305,  KEVIN OCONNOR  ,kevin.oconnor70@outlook.com,west,United States,Clothing,Cotton T-Shirt,2,,0,11.22,Debit Card,Cancelled,07-08-2024
ORD-10685,11/22/2023,CUST1454,Alfred Galvan,,west,United States,Sports & Outdoors,Water Bottle,4,40.79,0,9.94,Pay Pal,pending,2023-01-06
ORD-12281,14-07-2023,CUST1352,Kerry Chavez DDS,kerry.dds32@gmail.com,South,US,BEAUTY,Face Moisturizer,4,40.77,,12.81,GiftCard,PENDING,19-Jun-2022
ORD-11400,09-Jan-2024,CUST1338,Scott Thomas,scott.thomas11@outlook.com,east,Mexico,Sports,Water Bottle,1,117.55,0.25,15.65,GiftCard,RETURNED,06/25/23
ORD-10588,04/23/24,CUST1632,Robert Cummings,robert.cummings13@outlook.com,Sth,US,Home & Kitchen,LED Desk Lamp,3,144.42,0.2,19.71,CC,returned,"June 29, 2024"
ORD-12339,2023-11-01,CUST1814,Scott Duke,scott.duke9@yahoo.com,Nort,Mexico,sports & outdoors,Camping Tent,3,38.3,0.25,0.3,PAYPAL,Cancelled,07-10-2021
ORD-12887,2023-09-10,CUST1361,Laurie Hoffman,laurie.hoffman27@hotmail.com,WEST,Canada,Home and Kitchen,Throw Blanket,3,120.31,0.1,20.89,paypal,DELIVERED,"July 06, 2021"
ORD-12948,06/15/2023,CUST1770,jesse clark,jesse.clark29@yahoo.com,Est,canada,Home & Kitchen,Throw Blanket,6,79.28,0.2,,Credit_Card,Shipped,09-Oct-2022
ORD-12964,09/26/24,CUST1065,Amber Kidd,amber.kidd9@outlook.com,Centrl,US,sports & outdoors,Water Bottle,5,102.21,0.2,15.44,Gift Card,pending,12/21/22
12444,"June 20, 2024",CUST1023,Tommy Walter,tommy.walter98@yahoo.com, North,canada,TOYS,Puzzle 1000pc,2,21.15,0.15,17.33,PayPal,PENDING,"January 10, 2024"
ORD-12343,-,CUST1712,Timothy Edwards,timothy.edwards25@outlook.com,East,canada,Electronis,Wireless Earbuds,3,44.75,25%,15.68,Credit Card,SHIPPED,23-Sep-2023
ORD-11745,22-Sep-2023,CUST1488,Bobby Guerrero,bobby.guerrero25@hotmail.com, North,United States,Home and Kitchen,Non-stick Pan Set,3,90.61,,6.7,paypal,RETURNED,08/29/22
ORD-11677,2021-09-23,CUST1177,Michael Wang,michael.wang23@yahoo.com,east,canada,toys,Action Figure,6,69.37,10%,,PayPal,pending,"September 28, 2021"
ORD-11436,2024-12-07,CUST1245,Donna Landry,donna.landry90@hotmail.com, North,USA,Beuty,Face Moisturizer,3,9.32,0,,Debit,Pending,"September 22, 2021"
ORD-11971,2024-03-06,CUST1608,Rachel Bradley,rachel.bradley95@gmail.com,central,United States,Apparel,Baseball Cap,5,48.13,0.2,15.38,debit card,returned,04/09/24
10235,"March 30, 2023",CUST1349,Theodore Jones Jr.,theodore.jr.59@outlook.com,East,USA,Apparel,Denim Jacket,6,60.13,0,23.57,Debit,Canceled,2022-01-17
ORD-12223,19-Feb-2024,CUST1132,Mary Marshall,mary.marshall34@yahoo.com,central,United States,Home & Kitchen,Throw Blanket,5,21.15,0,16.98,paypal,Deliverd,2023-05-21
ORD-11079,"June 19, 2023",CUST1378,Anthony Moore,anthony.moore49@yahoo.com,South,United States,Appare,Running Shoes,6,61.02,0.15,19.28,Pay Pal,PENDING,07-Jan-2024
ORD-11741,05-Jan-2024,CUST1225,Benjamin Smith,benjamin.smith74@hotmail.com,west,USA,TOYS,Action Figure,2,62.8,0,23.09,debit card,Returned,20-Mar-2024
10111,08/08/2024,CUST1223,Theresa Clark,theresa.clark69@yahoo.com,East,Canada,Apparel,Running Shoes,4,38.13,15%,4.49,debit card,DELIVERED,"October 22, 2023"
ORD-11928,"March 08, 2024",CUST1469,Jeanette Harrison,jeanette.harrison36@outlook.com,Est,canada,Electronics,Bluetooth Speaker,3,,0.15,12.19,CREDIT CARD,Delivered,21-Jul-2023
ORD-12953,2023-06-13,CUST1656,Eric Thomas,eric.thomas5@gmail.com,CENTRAL,Mexico,Appare,Baseball Cap,2,21.54,0.25,,Debit,RETURNED,"July 06, 2021"
ORD-10321,2024-10-27,CUST1706,Adam Jackson,adam.jackson1@hotmail.com, North,USA,Beuty,Shampoo Set,3,25.2,0,3.64,PAYPAL,CANCELLED,"January 06, 2024"
ORD-13090,02/17/2023,CUST1770,Jesse Clark,jesse.clark29@yahoo.com,east,canada,Apparel,Baseball Cap,5,79.94,5%,16.76,Gift Card,DELIVERED,09-Oct-2022
12307,02/25/2024,CUST1180,Alexander Collins,alexander.collins51@outlook.com, North,USA,Beuty,Shampoo Set,5,45.4,0.2,3.79,CREDIT CARD,cancelled,04-Jul-2021
10712,2023-11-24,CUST1682,dean donovan,dean.donovan10@yahoo.com,CENTRAL,Canada,Home and Kitchen,Coffee Maker,2,172.47,10%,17.82,Debit Card,Delivered,12/22/21
ORD-10845,2024-04-24,CUST1054,Shannon Jones,shannon.jones27@outlook.com,east,Canada,Toy,Puzzle 1000pc,1,10.29,0,17.59,Gift Card,DELIVERED,02-Nov-2023
ORD-10722,02-08-2023,CUST1389,Scott Williams,scott.williams6@yahoo.com,EAST,canada,Appare,Running Shoes,5,32.45,0.15,19.66,Debit,RETURNED,2021-10-26
ORD-12328,12/02/24,CUST1556,Kathryn Williams,kathryn.williams12@outlook.com,East,United States,Home&Kitchen,Throw Blanket,6,120.52,0,,Credit_Card,cancelled,2023-07-04
12987,2023-09-21,CUST1373,sergio knight,sergio.knight70@yahoo.com,CENTRAL,USA,BEAUTY,Face Moisturizer,1,11.89,5%,9.21,Debit,PENDING,04/26/2021
ORD-11634,"September 19, 2024",CUST1540,James Gilbert,james.gilbert21@gmail.com,SOUTH,USA,ELECTRONICS,Bluetooth Speaker,4,145.03,0.15,11.43,Gift Card,returned,05/23/22
ORD-11993,06-Nov-2024,CUST1471,Richard Cooper,richard.cooper46@gmail.com,Sth,US,Home & Kitchen,Coffee Maker,1,79.85,0,2.77,Pay Pal,cancelled,31-Dec-2023
ORD-10241,09/15/2024,CUST1758,Heather Woodard,heather.woodard92@gmail.com,WEST,US,Beauty,Hair Dryer,1,32.5,0.2,7.78,Gift Card,returned,12/25/21
ORD-10852,04/22/24,CUST1541,Sean Moore,sean.moore95@gmail.com,WEST,USA,Home&Kitchen,Air Fryer,-1,26.85,20%,3.04,Gift Card,Cancelled,"March 26, 2022"
ORD-12135,2024-05-26,CUST1178,lawrence adkins,lawrence.adkins35@yahoo.com,EAST,Mexico,home & kitchen,Coffee Maker,-1,111.12,,9.29,Pay Pal,Pending,11-Jun-2022
ORD-11330,2024-08-17,CUST1076,Angela Lopez,angela.lopez95@yahoo.com,East,canada,Home&Kitchen,Non-stick Pan Set,2,142.05,0.2,22.17,CC,CANCELLED,2024-09-11
ORD-11956,2023-11-01,CUST1557,gary wells,gary.wells9@outlook.com,Nort,Canada,sports & outdoors,Resistance Bands,6,47.92,,11.56,PAYPAL,delivered,2022-06-10
ORD-10294,03/24/24,CUST1069,William Baker,william.baker25@outlook.com,West,Canada,toys,RC Car,4,23.55,0.2,23.67,credit card,cancelled,04/01/21
10173,14-Apr-2024,CUST1783,Dennis Huffman,dennis.huffman79@outlook.com,west,US,Beuty,Sunscreen SPF50,1,43.62,0.05,0.41,Gift Card,PENDING,01/20/2023
ORD-10017,31-Mar-2023,CUST1747,Dana Bennett,dana.bennett11@outlook.com,WEST,USA,sports & outdoors,Water Bottle,4,28.16,0.1,24.48,Credit Card,Deliverd,"May 10, 2024"
ORD-10546,02/29/24,CUST1343,Nichole Alvarez,nichole.alvarez61@hotmail.com,east,USA,Sports & Outdoors,Yoga Mat,5,18.39,0,15.38,credit card,Deliverd,08/25/2024
ORD-10788,"November 23, 2023",CUST1450,Brittany Kim,brittany.kim16@yahoo.com,SOUTH,USA,home & kitchen,LED Desk Lamp,6,49.69,0,14.09,Debit,DELIVERED,2022-09-18
ORD-12224,05/10/2024,CUST1482,Evelyn Martinez,evelyn.martinez39@yahoo.com,south,Canada,Beuty,Sunscreen SPF50,2,15.37,0.2,13.89,credit card,pending,02/23/2023
ORD-10432,"July 27, 2024",CUST1810,Carol Taylor,carol.taylor38@yahoo.com,Est,United States,Beuty,Face Moisturizer,1,54.76,0,16.06,debit card,RETURNED,"January 15, 2021"
ORD-12047,2024-05-11,CUST1144,Amber Wright,amber.wright25@outlook.com, West ,Canada,Sports and Outdoors,Resistance Bands,6,21.14,0,1.86,debit card,DELIVERED,29-Jun-2024
ORD-10253,2024-12-11,CUST1215,Anthony Everett,anthony.everett28@hotmail.com,east,United States,home & kitchen,Non-stick Pan Set,5,89.31,0,9.07,Pay Pal,Canceled,10-May-2023
ORD-12798,05/29/2024,CUST1281,Tammie Bright,tammie.bright94@outlook.com,east,Mexico,Clothing,Cotton T-Shirt,5,63.57,0,12.08,gift card,RETURNED,13-Jun-2024
12669,31-Oct-2024,CUST1194,John Bishop,john.bishop23@gmail.com,south,Canada,Electronis,Laptop Stand,6,185.3,0.2,3.4,debit card,shipped,2024-09-15
ORD-11044,05-10-2024,CUST1710,Anthony Jones,anthony.jones33@gmail.com,Central,US,Home & Kitchen,Throw Blanket,4,133.15,0,20.56,debit card,Canceled,02/09/22
11070,08/29/2024,CUST1481,Howard Norman,howard.at.gmail.com,Nort,Canada,Home and Kitchen,Throw Blanket,5,34.29,0,0.1,Gift Card,Shipped,2023-02-24
12271,15-01-2024,CUST1006,Abigail Shaffer,abigail.shaffer45@outlook.com, West ,canada,Electronics,Laptop Stand,4,71.85,5%,4.87,PAYPAL,Delivered,03/30/21
ORD-12087,12/21/24,CUST1225,Benjamin Smith,benjamin.smith74@hotmail.com, West ,USA,Sports,Yoga Mat,4,35.39,0,21.39,paypal,Cancelled,20-Mar-2024
ORD-11530,11/30/24,CUST1207,Cathy Robinson,cathy.robinson48@yahoo.com,Centrl,canada,Sports,Camping Tent,6,122.12,0,4.9,Gift Card,shipped,2024-02-14
ORD-10035,2024-05-18,CUST1205,David Martinez,david.martinez86@outlook.com,west,Canada,Beauty,Sunscreen SPF50,2,18.78,0,,gift card,Canceled,02/06/2023
ORD-11754,06/01/23,CUST1611,Michael Lopez,michael.at.gmail.com,EAST,Mexico,Electronis,Bluetooth Speaker,3,$73.54,0.05,14.17,Credit Card,Delivered,09/20/21
11415,2024-05-16,CUST1685,Mr. Michael Scott PhD,mr..phd42@gmail.com,East,US,Home and Kitchen,Throw Blanket,6,80.55,0.1,,Credit Card,Shipped,"July 04, 2024"
ORD-11945,12-10-2023,CUST1019,Carla Gray,carla.gray60@outlook.com,NORTH,Mexico,beauty,Shampoo Set,6,49.15,15%,8.0,PAYPAL,Pending,2024-02-08
ORD-12340,2023-02-22,CUST1343,Nichole Alvarez,nichole.alvarez61@hotmail.com,Est,USA,home & kitchen,Air Fryer,-1,108.63,5%,9.18,CC,SHIPPED,08/25/2024
10128,2024-05-18,CUST1715,David Davenport,david.davenport56@outlook.com,Est,US,Beuty,Lipstick,4,15.89,0,18.75,debit card,pending,01/07/2023
12621,unknown,CUST1095,Anna Henderson,anna.henderson24@gmail.com,east,United States,Electronis,Laptop Stand,6,213.19,0.2,7.67,paypal,shipped,17-Jun-2022
ORD-10225,"November 02, 2024",CUST1280,Amanda Jones,amanda.jones92@hotmail.com,West,USA,Clothing,Baseball Cap,3,32.75,0.2,24.38,Gift Card,pending,12/08/21
ORD-10670,24-May-2023,CUST1567,Lauren Jackson,lauren.jackson47@gmail.com,East,Mexico,Apparel,Running Shoes,2,25.72,0.1,17.56,PAYPAL,cancelled,2023-05-26
11001,12/09/23,CUST1699,Brent Hernandez,brent.at.gmail.com,West,US,Beauty,Shampoo Set,1,8.56,0,4.76,gift card,cancelled,12-04-2022
12875,04/19/23,CUST1593,Randy Smith,randy.smith59@gmail.com,SOUTH,USA,electronics,Laptop Stand,1,242.33,0.05,8.22,GiftCard,Deliverd,01/09/23
ORD-10838,13-01-2023,CUST1169,Daniel Murphy,daniel.at.gmail.com,East,Mexico,Toys,RC Car,-3,47.36,0,3.51,GiftCard,RETURNED,"December 09, 2022"
10483,16-Aug-2023,CUST1349,Theodore Jones Jr.,theodore.jr.59@outlook.com,Est,USA,sports & outdoors,Resistance Bands,6,137.54,0,13.43,CREDIT CARD,RETURNED,2022-01-17
ORD-12765,09/01/2023,CUST1302,Megan Le,megan.le85@outlook.com, North,Canada,Beauty,Sunscreen SPF50,5,$56.11,0,9.45,CC,PENDING,2024-02-29
10111,08/08/2024,CUST1223,Theresa Clark,theresa.clark69@yahoo.com,East,Canada,Apparel,Running Shoes,4,38.13,15%,4.49,debit card,DELIVERED,"October 22, 2023"
ORD-12446,15-06-2024,CUST1724,Mary Miller,mary.miller73@yahoo.com, North,United States,Home and Kitchen,LED Desk Lamp,3,25.14,0,12.2,PAYPAL,DELIVERED,18-09-2023
ORD-12067,2023-08-13,CUST1614,Elizabeth Sharp,elizabeth.sharp60@gmail.com,CENTRAL,canada,TOYS,Building Blocks Set,4,31.55,,16.76,Credit Card,RETURNED,2023-08-22
ORD-12324,03/22/24,CUST1352,Kerry Chavez DDS,kerry.dds32@gmail.com,South,US,Beauty,Hair Dryer,4,20.07,0,15.09,debit card,Delivered,19-Jun-2022
ORD-10426,11/18/2024,CUST1123,Michelle Harmon,michelle.harmon7@outlook.com, North,US,Home&Kitchen,Throw Blanket,1,$73.28,0.2,2.5,PayPal,Delivered,2023-09-06
11880,2024-10-18,CUST1093,Christina Walters,christina.walters86@hotmail.com,south,canada,Home & Kitchen,Throw Blanket,6,62.03,0,8.04,PAYPAL,Canceled,05-Dec-2021
ORD-11682,"October 10, 2024",CUST1574,Daniel Nguyen,daniel.nguyen97@yahoo.com, West ,canada,ELECTRONICS,Wireless Earbuds,3,216.37,0,18.55,PAYPAL,Cancelled,2024-02-08
ORD-10974,10/04/23,CUST1329,Ariana Jennings,ariana.jennings90@gmail.com,west,USA,Home & Kitchen,Non-stick Pan Set,5,128.23,20%,2.13,credit card,Shipped,2022-01-26
ORD-11448,"February 06, 2024",CUST1296,Laura Haney,laura.haney67@outlook.com,Central,United States,ELECTRONICS,USB-C Cable,6,,0,1.78,paypal,DELIVERED,"September 20, 2021"
ORD-11188,"May 30, 2024",CUST1790,Jennifer Taylor,jennifer.taylor13@hotmail.com,East,USA,Sports and Outdoors,Hiking Backpack,4,9945.56,20%,7.25,GiftCard,PENDING,17-11-2022
ORD-13123,2024-11-18,CUST1068,  JAMES BROWN  ,james.brown41@hotmail.com,North,US,Home&Kitchen,Coffee Maker,6,49.27,0,9.61,gift card,delivered,"May 26, 2024"
ORD-11210,12-10-2023,CUST1772,Eric Patrick,eric.patrick44@gmail.com,west,USA,Beuty,Shampoo Set,,45.72,0.1,3.69,debit card,returned,02/10/2024
10417,10-08-2024,CUST1397,Gary Jackson,gary.jackson3@gmail.com,west,Canada,Apparel,Cotton T-Shirt,1,61.43,25%,15.3,Debit Card,shipped,"December 26, 2023"
ORD-10525,2023-11-05,CUST1410,Angela Lin,angela.lin44@hotmail.com,east,US,Electronic,Smartwatch,2,160.59,0,23.3,PAYPAL,DELIVERED,2022-10-31
11688,2023-03-27,CUST1469,Jeanette Harrison,jeanette.harrison36@outlook.com,East,canada,ELECTRONICS,Webcam,6,171.14,0,10.23,Pay Pal,Canceled,21-Jul-2023
ORD-13118,"June 08, 2023",CUST1377,Paula Bradley,paula.bradley45@hotmail.com,WEST,US,Apparel,Cotton T-Shirt,5,$68.81,0.25,19.65,credit card,Shipped,11-12-2023
ORD-11671,06/06/23,CUST1423,Mary Escobar,mary.escobar80@hotmail.com,Est,US,home & kitchen,Non-stick Pan Set,3,99.1,0.1,12.85,Debit Card,delivered,06-Nov-2022
ORD-12631,05-03-2023,CUST1652,david robinson,david.robinson10@hotmail.com,East,USA,Sports & Outdoors,Hiking Backpack,2,96.69,0.05,21.33,GiftCard,DELIVERED,10/19/2022
ORD-11171,05/28/23,CUST1171,Darlene Miller,darlene.miller14@yahoo.com,East,canada,Sports and Outdoors,Hiking Backpack,3,48.18,25%,16.33,debit card,Shipped,"February 21, 2023"
ORD-12086,09/18/2023,CUST1524,Krista Martinez,krista.martinez42@yahoo.com,south,USA,Beauty,Lipstick,5,40.68,0.25,10.64,CC,Deliverd,07/06/21
ORD-12916,"November 22, 2024",CUST1277,Marie Christian,marie.christian24@hotmail.com,CENTRAL,USA,Beauty,Face Moisturizer,5,43.9,0.15,,paypal,RETURNED,16-10-2023
ORD-11326,2024-09-10,CUST1051,danny morgan,danny.morgan70@outlook.com,Centrl,Canada,Electronic,Laptop Stand,4,33.48,0,7.13,Gift Card,SHIPPED,06/06/24
ORD-13096,24-07-2023,CUST1785,laurie bailey,laurie.bailey17@yahoo.com,East,United States,electronics,Laptop Stand,6,,0,8.16,Gift Card,returned,07/24/21
ORD-10773,2024-12-01,CUST1349,Theodore Jones Jr.,theodore.jr.59@outlook.com,East,USA,Electronis,Wireless Earbuds,6,231.08,0.1,3.35,Credit_Card,Shipped,2022-01-17
ORD-12826,08/30/2023,CUST1449,Phillip Nelson,phillip.nelson87@outlook.com, North,Mexico,Sports,Hiking Backpack,4,64.07,0,19.1,GiftCard,Delivered,"June 12, 2024"
ORD-10457,2023-03-01,CUST1738,Mr. David Wright,mr..wright61@hotmail.com,west,canada,Appare,Wool Sweater,3,$20.90,0,23.57,Credit Card,DELIVERED,12/16/2021
ORD-11442,15-04-2024,CUST1628,Joseph Wilson,joseph.wilson16@outlook.com,WEST,Mexico,beauty,Shampoo Set,5,$48.33,0,,Pay Pal,shipped,2024-08-25
ORD-10214,03/04/2024,CUST1669,Michael Morrison,michael.morrison44@outlook.com,south,US,beauty,Sunscreen SPF50,5,23.79,,19.32,debit card,delivered,07/17/2023
ORD-10837,01/22/2024,CUST1199,Nathan Freeman,nathan.freeman52@hotmail.com,WEST,Canada,Toy,Building Blocks Set,4,10.42,0.05,1.97,PayPal,Returned,10-Aug-2021
ORD-12555,01-Jan-2023,CUST1043,Anthony Humphrey,anthony.humphrey68@yahoo.com,North,United States,BEAUTY,Face Moisturizer,4,20.27,0,12.17,Pay Pal,Deliverd,"April 27, 2021"
12635,01/23/2023,CUST1105,Marc Moore,marc.moore48@gmail.com,Est,Canada,Sports & Outdoors,Hiking Backpack,3,49.27,0,6.65,CC,Returned,11/03/23
ORD-10054,11-Oct-2023,CUST1660,William David DDS,william.dds44@outlook.com,CENTRAL,canada,Beuty,Hair Dryer,1,50.01,0,7.99,debit card,Cancelled,21-07-2024
ORD-11929,12/06/2023,CUST1402,Mary Thompson,mary.thompson11@gmail.com,WEST,US,Sports,Hiking Backpack,4,31.21,0,22.56,gift card,DELIVERED,11-Jul-2021
ORD-12077,31-10-2023,CUST1782,Chelsea Nguyen,chelsea.nguyen79@outlook.com,Est,United States,Sports & Outdoors,Camping Tent,1,83.66,5%,22.95,PAYPAL,RETURNED,"January 19, 2022"
11952,2023-03-17,CUST1253,Barbara Dudley,barbara.dudley40@hotmail.com,Central,US,Home & Kitchen,Non-stick Pan Set,2,$109.86,0,22.82,gift card,SHIPPED,02-02-2022
ORD-10132,2024-04-01,CUST1561,Kim Erickson,kim.at.gmail.com,south,Mexico,apparel,Cotton T-Shirt,6,89.47,5%,23.07,Gift Card,Returned,15-Dec-2021
ORD-12162,2021-09-19,CUST1820,  DEBRA PERRY  ,debra.perry43@gmail.com,EAST,US,Electronis,Webcam,2,157.37,0,16.13,Debit,CANCELLED,2021-10-27
11364,04/13/2024,CUST1034,Debra Davidson,debra.davidson60@gmail.com,north,Canada,Electronic,Laptop Stand,5,64.88,0,16.25,CC,Canceled,08/31/24
ORD-11768,2023-01-06,CUST1738,Mr. David Wright,mr..wright61@hotmail.com,west,canada,apparel,Wool Sweater,6,89.31,0,15.51,Debit Card,Delivered,12/16/2021
ORD-12345,05/27/2023,CUST1571,Christian Vaughn,christian.vaughn49@outlook.com, North,USA,sports & outdoors,Resistance Bands,4,50.7,0.15,18.09,Credit Card,SHIPPED,18-Jan-2022
11504,04/18/2024,CUST1758,Heather Woodard,heather.woodard92@gmail.com,West,US,Toys,Puzzle 1000pc,6,25.19,0.25,20.18,GiftCard,Deliverd,12/25/21
13111,06/23/23,CUST1508,Joshua Vance,joshua.vance87@gmail.com,Central,Canada,BEAUTY,Hair Dryer,1,13.05,0.15,12.72,Pay Pal,Cancelled,01/03/2022
ORD-11934,2024-11-25,CUST1470,veronica king,,West,Mexico,Toys,Action Figure,1,24.78,0.1,2.06,Debit Card,Returned,07/10/21
ORD-11232,"July 01, 2024",CUST1668,Nathaniel Lee,nathaniel.lee65@hotmail.com,south,USA,Sports and Outdoors,Hiking Backpack,6,93.45,0.15,2.8,Debit,returned,"May 08, 2023"
ORD-13058,30-Dec-2023,CUST1764,Jorge Stone,jorge.stone93@outlook.com,south,canada,Beuty,Face Moisturizer,4,47.63,0,2.53,PayPal,Pending,13-12-2022
ORD-11068,14-12-2024,CUST1535,Mr. Lawrence Edwards,mr..at.gmail.com,South,US,Home & Kitchen,Non-stick Pan Set,4,169.51,0.1,11.41,credit card,returned,27-Jul-2022
ORD-12493,12-05-2023,CUST1650,Andrew Harper,andrew.harper87@hotmail.com,Centrl,Canada,toys,Board Game,6,39.32,0,20.15,CREDIT CARD,PENDING,"November 01, 2021"
ORD-11977,12/04/23,CUST1605,Todd Rosales MD,todd.md92@outlook.com,Central,United States,ELECTRONICS,USB-C Cable,6,25.07,0.2,1.68,PAYPAL,Pending,01/21/2022
ORD-11425,2021-09-05,CUST1650,Andrew Harper,andrew.harper87@hotmail.com,CENTRAL,Canada,Home & Kitchen,Non-stick Pan Set,1,141.25,,4.95,gift card,shipped,"November 01, 2021"
ORD-13125,"November 22, 2024",CUST1131,Dustin Jordan,dustin.jordan30@outlook.com, West ,Canada,beauty,Lipstick,two,42.82,,5.0,credit card,Returned,08/03/22
10650,15-07-2023,CUST1531,Mark Jimenez,, West ,US,Sports and Outdoors,Yoga Mat,6,133.18,0,0.82,Debit,Deliverd,21-Mar-2024
ORD-12112,2023-01-07,CUST1102,Rebecca Valencia,,west,US,Apparel,Wool Sweater,1,24.23,0,21.51,Debit,CANCELLED,"October 01, 2022"
ORD-13105,07-Jan-2024,CUST1332,Jordan Bates,jordan.bates85@hotmail.com,EAST,United States,Sports & Outdoors,Hiking Backpack,1,122.3,0,15.21,PayPal,Pending,13-Dec-2023
ORD-11010,09/02/23,CUST1599,Susan Thompson,susan.thompson99@gmail.com,south,canada,Beuty,Hair Dryer,2,48.88,0.1,4.29,Debit,RETURNED,08/29/2023
12788,"May 09, 2024",CUST1324,Natalie Bautista,natalie.bautista79@outlook.com,Centrl,canada,Electronic,USB-C Cable,2,164.42,0,10.29,PAYPAL,Shipped,30-04-2024
ORD-11525,"October 22, 2024",CUST1407,Jeremy Turner,jeremy.turner97@hotmail.com,South,canada,Appare,Running Shoes,5,63.94,10%,7.33,Debit Card,returned,07-06-2021
10911,02/11/24,CUST1611,Michael Lopez,michael.at.gmail.com,east,Mexico,apparel,Wool Sweater,1,49.45,0,6.24,debit card,Cancelled,09/20/21
ORD-12732,11/22/23,CUST1008,gabrielle davis,gabrielle.davis91@gmail.com,SOUTH,USA,apparel,Denim Jacket,3,86.3,0.05,20.74,GiftCard,RETURNED,04/04/21
ORD-11857,"March 16, 2023",CUST1690,Ryan Landry,ryan.landry58@yahoo.com,Central,United States,sports & outdoors,Resistance Bands,4,127.14,0,9.77,credit card,Shipped,"August 08, 2024"
ORD-12310,2023-10-02,CUST1849,Brittany Jenkins,brittany.jenkins69@hotmail.com,Centrl,Mexico,sports & outdoors,Hiking Backpack,3,119.02,0,12.2,credit card,SHIPPED,01/24/2022
ORD-12126,07/04/2024,CUST1226,Kirk Carter,kirk.carter3@outlook.com,West,Mexico,Apparel,Running Shoes,4,42.36,0.2,11.56,GiftCard,Pending,"December 18, 2021"
ORD-10563,05/29/2024,CUST1693,Jonathan Brooks,jonathan.brooks6@outlook.com,EAST,canada,Beuty,Hair Dryer,1,24.1,0,7.78,PayPal,cancelled,08/27/2024
ORD-12194,08/22/2023,CUST1438,Rhonda Martin,rhonda.martin11@gmail.com,EAST,USA,Clothing,Wool Sweater,4,45.41,0.1,24.94,Gift Card,Pending,18-10-2021
ORD-11819,"December 12, 2024",CUST1164,Michael Powell,,east,USA,Apparel,Running Shoes,6,62.07,0,9.85,gift card,Canceled,25-04-2021
11426,11/12/2024,CUST1182,angela vaughn,angela.vaughn14@yahoo.com,central,canada,Home & Kitchen,LED Desk Lamp,6,173.69,20%,20.45,Gift Card,RETURNED,2023-08-24
10090,2023-06-13,CUST1319,Connie Brown,connie.brown50@hotmail.com,CENTRAL,Mexico,Appare,Wool Sweater,-3,18.84,25%,11.33,Debit,SHIPPED,01-02-2024
ORD-11724,22-Aug-2024,CUST1369,Sabrina Austin,sabrina.austin93@hotmail.com,Sth,United States,Apparel,Running Shoes,4,88.55,20%,5.45,Pay Pal,shipped,26-Dec-2023
ORD-10178,11/18/23,CUST1215,Anthony Everett,anthony.everett28@hotmail.com,east,United States,Home & Kitchen,Coffee Maker,5,156.04,0,23.16,Debit,Delivered,10-May-2023
ORD-12648,2023-06-12,CUST1780,Christine Goodwin,christine.goodwin51@yahoo.com,Centrl,US,toys,Board Game,2,20.42,0.2,14.72,CC,CANCELLED,2023-07-26
ORD-11006,2024-08-08,CUST1664,Renee Melendez,renee.melendez6@gmail.com,Centrl,canada,Electronics,Bluetooth Speaker,6,248.77,20%,19.62,CREDIT CARD,shipped,12-Jul-2023
ORD-11887,03/04/2024,CUST1209,  BRIAN LEE  ,,Est,USA,Beauty,Sunscreen SPF50,1,29.08,0.25,7.47,GiftCard,Returned,"August 13, 2022"
ORD-12660,22-Oct-2023,CUST1707,Mr. Richard Knight PhD,mr..phd95@outlook.com,Central,United States,Sports & Outdoors,Resistance Bands,2,90.89,0,24.18,Debit Card,Returned,10-Mar-2022
12529,13-10-2024,CUST1701,James Watson,james.watson1@gmail.com,North,USA,home & kitchen,Coffee Maker,5,24.79,0,9.47,credit card,Deliverd,2024-04-14
ORD-11277,2023-01-31,CUST1405,Madison Weber,madison.weber89@hotmail.com,North,Mexico,Toys,Building Blocks Set,2,21.97,0.05,17.33,paypal,Deliverd,2022-07-10
ORD-11854,04/19/2024,CUST1511,Curtis Taylor,curtis.taylor32@hotmail.com,WEST,United States,toys,Board Game,4,-37.4,0.1,12.67,GiftCard,returned,"January 25, 2023"
12447,01/08/24,CUST1012,Lisa Hensley,lisa.hensley21@hotmail.com,Central,United States,Electronics,USB-C Cable,6,173.93,0.1,,GiftCard,Canceled,17-02-2023
11392,2023-08-04,CUST1598,Kimberly Sharp,kimberly.sharp27@outlook.com,Central,Canada,Sports,Camping Tent,6,91.46,0,15.57,Gift Card,DELIVERED,27-Aug-2024
10379,06/25/24,CUST1198,Adam Vaughan,adam.vaughan85@outlook.com,north,Canada,Toys,RC Car,4,49.51,0,18.91,debit card,shipped,07/28/23
ORD-13103,06-02-2024,CUST1231,  SUSAN SERRANO  ,susan.serrano26@yahoo.com, North,United States,BEAUTY,Sunscreen SPF50,5,24.14,0.2,6.73,Gift Card,delivered,05/18/2024
ORD-13041,11-05-2024,CUST1287,Carolyn Miller,carolyn.miller84@outlook.com,Nort,Mexico,Appare,Wool Sweater,4,36.22,,12.57,debit card,shipped,2022-05-27
ORD-10860,03/15/2024,CUST1787,Elizabeth Mendez,elizabeth.mendez23@hotmail.com,central,canada,Sports & Outdoors,Resistance Bands,6,114.42,0,6.87,gift card,Cancelled,10/21/2023
ORD-11593,09-11-2023,CUST1495,Lawrence Harrington,lawrence.harrington11@outlook.com,south,United States,Appare,Running Shoes,6,33.61,0,20.74,gift card,shipped,"June 11, 2021"
ORD-13060,06/20/24,CUST1663,Samuel Turner,samuel.turner51@yahoo.com,east,Canada,Home&Kitchen,Coffee Maker,1,167.27,0,6.7,credit card,shipped,07/26/2023
ORD-11513,2021-10-30,CUST1280,Amanda Jones,amanda.jones92@hotmail.com,WEST,USA,Electronics,Laptop Stand,4,156.43,0.05,12.72,credit card,RETURNED,12/08/21
ORD-11437,2023-11-21,CUST1161,Jennifer Adkins,jennifer.adkins81@hotmail.com,CENTRAL,Canada,home & kitchen,Coffee Maker,6,,0,11.19,Debit,Canceled,2024-01-14
ORD-11576,01-09-2024,CUST1413,Joanna Pacheco,joanna.pacheco49@yahoo.com,east,Canada,toys,Puzzle 1000pc,4,36.78,0,,Debit,shipped,09-03-2023
11173,01-08-2024,CUST1667,Tammy Boone,tammy.boone17@gmail.com,central,canada,Beuty,Face Moisturizer,-2,18.19,0,19.39,GiftCard,shipped,03/05/23
ORD-12913,06/21/23,CUST1053,Mark Perez,mark.perez14@yahoo.com,CENTRAL,United States,Sports and Outdoors,Hiking Backpack,1,24.39,25%,19.02,GiftCard,Returned,12-07-2022
ORD-10884,12/21/24,CUST1702,Karl Branch,karl.branch14@outlook.com,North,USA,toys,Action Figure,6,48.2,0.1,10.56,GiftCard,returned,"September 10, 2022"
11291,11-03-2024,CUST1590,  LAURIE SANCHEZ  ,laurie.sanchez25@hotmail.com,West,canada,Toys,Puzzle 1000pc,4,65.51,25%,0.01,paypal,pending,09-Mar-2022
ORD-12215,05/23/2023,CUST1187,Samantha Garcia,samantha.garcia63@hotmail.com,east,United States,Toys,Board Game,4,45.71,0,12.6,Pay Pal,Cancelled,2022-07-27
ORD-10444,29-11-2023,CUST1570,Ashley Smith,ashley.smith85@outlook.com,CENTRAL,US,Electronics,Webcam,1,-237.25,0.1,24.62,PAYPAL,SHIPPED,07/06/21
10291,12-Apr-2023,CUST1697,Alicia Li,alicia.li10@yahoo.com,EAST,Canada,electronics,USB-C Cable,1,67.55,0.15,24.68,debit card,Pending,18-Feb-2021
ORD-11387,08/07/24,CUST1667,Tammy Boone,tammy.boone17@gmail.com,central,canada,Appare,Wool Sweater,4,59.24,0,17.93,Debit,Returned,03/05/23
ORD-10912,"December 13, 2024",CUST1547,Julie Herrera,julie.herrera17@outlook.com,Nort,Canada,toys,RC Car,5,40.53,0,23.64,Pay Pal,Returned,30-12-2021
ORD-12614,19-07-2023,CUST1083,Paul Jones,paul.jones72@outlook.com,central,US,Electronis,USB-C Cable,-2,207.14,0.05,5.71,PAYPAL,CANCELLED,"June 26, 2023"
ORD-11025,10/28/2024,CUST1755,Rachel Jones,rachel.jones44@gmail.com,north,Canada,ELECTRONICS,Laptop Stand,1,158.48,0,11.69,CREDIT CARD,Deliverd,26-Nov-2021
ORD-10761,01-Apr-2023,CUST1227,Michael Warner,michael.warner12@hotmail.com,West,canada,Sports and Outdoors,Yoga Mat,2,74.54,0.2,17.42,gift card,returned,08/05/2021
10552,07/24/23,CUST1009,Ryan Munoz,ryan.munoz30@gmail.com,west,Mexico,Electronic,Smartwatch,3,20.34,0.2,2.78,Credit Card,SHIPPED,18-02-2023
ORD-10201,16-Sep-2023,CUST1652,David Robinson,david.robinson10@hotmail.com,east,USA,toys,Board Game,2,49.46,0,13.66,CREDIT CARD,CANCELLED,10/19/2022
ORD-10513,03/21/24,CUST1318,Stephen Hoffman,,east,canada,ELECTRONICS,Bluetooth Speaker,3,184.42,0,24.31,PAYPAL,SHIPPED,02/25/2024
ORD-10864,03-Dec-2024,CUST1162,Lindsey Walker,lindsey.walker88@outlook.com,Nort,US,beauty,Sunscreen SPF50,3,6.03,25%,,Gift Card,shipped,04/11/22
ORD-12179,"October 07, 2023",CUST1639,Janet Kane DVM,janet.dvm7@gmail.com,east,USA,Toys,Building Blocks Set,5,5064.21,0,17.95,Debit,PENDING,2021-12-24
ORD-11911,09/28/2024,CUST1487,Samantha Gardner,samantha.gardner37@gmail.com,south,canada,Electronic,Webcam,3,200.06,0.25,15.67,PAYPAL,Pending,10-09-2024
11422,04/29/24,CUST1435,Sophia Johnson,sophia.at.gmail.com,CENTRAL,canada,Beuty,Sunscreen SPF50,2,56.92,0.25,19.61,Credit Card,Pending,"March 31, 2022"
ORD-10629,"April 01, 2023",CUST1710,Anthony Jones,anthony.jones33@gmail.com,Central,US,beauty,Shampoo Set,6,51.77,0.1,24.96,gift card,Returned,02/09/22
ORD-12586,12/01/23,CUST1801,Krista Wilson,krista.wilson11@gmail.com,South,Canada,Electronic,Webcam,1,49.61,0.15,16.56,gift card,PENDING,"June 22, 2022"
ORD-12743,"March 20, 2024",CUST1736,Charles Turner,charles.turner19@gmail.com,SOUTH,canada,Toy,Board Game,5,1251.5,5%,16.97,Debit Card,CANCELLED,07-12-2021
ORD-10409,11-11-2023,CUST1006,Abigail Shaffer,abigail.shaffer45@outlook.com,west,canada,electronics,Bluetooth Speaker,3,167.81,0,15.83,Debit,DELIVERED,03/30/21
ORD-11556,02-09-2023,CUST1288,Lisa Allen,lisa.allen67@hotmail.com,East,USA,sports & outdoors,Hiking Backpack,5,122.17,0,15.8,paypal,Canceled,2024-02-25
10290,10/22/23,CUST1313,Tracy Ballard,tracy.ballard64@hotmail.com,West,Canada,Apparel,Running Shoes,-2,69.83,0,20.59,GiftCard,SHIPPED,19-10-2023
ORD-10188,2023-09-02,CUST1054,Shannon Jones,shannon.jones27@outlook.com,Est,Canada,Sports,Yoga Mat,6,79.32,0.05,22.69,GiftCard,RETURNED,02-Nov-2023
ORD-12420,"April 13, 2024",CUST1412,Julian Conner,julian.conner99@outlook.com, North,Canada,Home & Kitchen,Air Fryer,2,65.62,,12.78,Credit Card,Cancelled,05/20/22
11121,2024-12-15,CUST1045,Philip Cannon,philip.cannon73@yahoo.com,North,canada,Sports,Yoga Mat,2,129.09,0,15.45,Credit_Card,returned,"March 31, 2024"
ORD-10535,09/24/24,CUST1011,Jamie Arnold,jamie.arnold83@gmail.com,south,canada,Electronis,USB-C Cable,3,15273.12,0.15,13.46,Credit_Card,DELIVERED,06/01/24
ORD-11951,2023-10-28,CUST1803,Rodney Williams,rodney.williams17@yahoo.com,EAST,USA,Home&Kitchen,Coffee Maker,2,82.26,0.05,14.34,Debit Card,delivered,2021-02-28
ORD-12497,"December 04, 2024",CUST1139,Angel Perry,angel.perry36@yahoo.com,West,Canada,Clothing,Cotton T-Shirt,4,56.29,0,16.11,PayPal,cancelled,13-Apr-2024
10979,03/03/2023,CUST1822,Jose Ramirez,jose.ramirez2@gmail.com,west,United States,Electronics,Bluetooth Speaker,-1,219.27,0.25,0.97,GiftCard,Cancelled,25-May-2022
ORD-12187,18-Jan-2024,CUST1210,Christopher Smith,christopher.smith65@yahoo.com,west,United States,apparel,Denim Jacket,6,12.74,0,7.19,Credit Card,shipped,11/13/21
10519,18-09-2024,CUST1408,Anthony Romero,anthony.romero50@outlook.com,SOUTH,Mexico,Sports and Outdoors,Water Bottle,6,32.75,0.15,14.48,Credit_Card,RETURNED,02/26/23
11620,"February 17, 2024",CUST1170,Jamie Walton,jamie.walton89@outlook.com,south,US,sports & outdoors,Water Bottle,4,61.53,0,6.52,gift card,Cancelled,25-07-2023
ORD-12549,26-05-2023,CUST1650,Andrew Harper,andrew.harper87@hotmail.com,Centrl,Canada,Clothing,Wool Sweater,2,-58.1,0,10.25,paypal,Deliverd,"November 01, 2021"
11649,04/12/2024,CUST1386,Adam Burgess,adam.burgess31@outlook.com,west,canada,sports & outdoors,Yoga Mat,2,64.02,0,10.46,Pay Pal,Shipped,03-Aug-2022
ORD-12585,"July 08, 2023",CUST1066,Tracy House,tracy.house69@outlook.com,Est,United States,Beauty,Hair Dryer,-2,9.22,0,4.63,credit card,Pending,2021-02-26
10583,09/30/2024,CUST1573,Nancy Brown,nancy.brown86@gmail.com,east,canada,Home and Kitchen,Throw Blanket,6,36.82,0,6.74,PayPal,Cancelled,06/25/21
10850,02/12/24,CUST1101,Cameron Parker,cameron.parker92@gmail.com,NORTH,canada,Apparel,Running Shoes,1,83.91,0.05,10.6,Gift Card,shipped,02-12-2021
ORD-13052,"August 30, 2023",CUST1070,Jordan Henderson,jordan.henderson69@yahoo.com,NORTH,Mexico,apparel,Denim Jacket,5,41.98,0,7.37,CREDIT CARD,RETURNED,16-Jan-2023
ORD-11988,2024-07-21,CUST1720,Randy Friedman,randy.friedman5@outlook.com, West ,Mexico,Sports and Outdoors,Yoga Mat,4,100.9,5%,9.49,CREDIT CARD,Delivered,"January 19, 2024"
ORD-10614,22-Jun-2024,CUST1630,Rhonda Chavez,rhonda.chavez7@gmail.com,west,Canada,TOYS,Building Blocks Set,6,27.72,0.15,2.42,Credit_Card,pending,04-May-2023
ORD-12400,"September 16, 2024",CUST1241,Matthew Moon,matthew.moon47@outlook.com,WEST,USA,Electronic,Webcam,3,227.3,0,1.01,debit card,Pending,03-Aug-2022
ORD-10168,18-11-2023,CUST1375,Paul Lewis,paul.lewis19@yahoo.com,Est,Canada,Home & Kitchen,LED Desk Lamp,4,145.45,0,9.71,GiftCard,DELIVERED,27-04-2023
ORD-10476,08-02-2024,CUST1156,Joshua Perry,joshua.perry49@hotmail.com,SOUTH,US,home & kitchen,Air Fryer,4,176.65,0,4.18,Debit Card,CANCELLED,09/21/24
ORD-11656,09/26/2023,CUST1568,Lisa Randall,lisa.randall62@yahoo.com,south,United States,toys,Board Game,1,37.44,0,12.21,gift card,SHIPPED,2021-07-18
ORD-11858,10/18/2023,CUST1180,Alexander Collins,alexander.collins51@outlook.com,Nort,USA,toys,Building Blocks Set,1,52.83,0,20.84,Debit,PENDING,04-Jul-2021
ORD-11914,2024-02-09,CUST1384,Aimee Turner,aimee.turner28@hotmail.com,East,Canada,Toys,Board Game,6,67.63,0.25,18.92,debit card,returned,04-03-2022
ORD-10212,15-02-2023,CUST1301,Heather Fields,heather.at.gmail.com,Central,canada,ELECTRONICS,Bluetooth Speaker,5,$205.85,0.2,16.23,credit card,SHIPPED,08/05/2024
11060,05-07-2023,CUST1376,Glen Wood,glen.wood76@yahoo.com,West,canada,Beauty,Lipstick,-2,,0.1,10.14,Debit Card,SHIPPED,07/06/24
ORD-12160,01/19/23,CUST1809,Heather Page,,East,Canada,Home and Kitchen,Coffee Maker,4,25.28,25%,9.61,CC,shipped,05-Oct-2023
10949,28-Oct-2024,CUST1635,Zachary Michael,zachary.michael21@gmail.com,south,Mexico,TOYS,Board Game,3,10.78,20%,24.73,GiftCard,RETURNED,28-Jan-2024
ORD-12981,09/21/2023,CUST1763,Jessica Smith,jessica.smith76@yahoo.com,NORTH,Canada,Home&Kitchen,Coffee Maker,4,76.29,0.25,17.16,CREDIT CARD,RETURNED,2023-11-27
11738,2022-10-17,CUST1213,Katherine Salas,katherine.salas90@outlook.com,NORTH,United States,Clothing,Running Shoes,4,74.57,0,6.62,Pay Pal,Canceled,27-11-2022
11121,2024-12-15,CUST1045,Philip Cannon,philip.cannon73@yahoo.com,North,canada,Sports,Yoga Mat,2,129.09,0,15.45,Credit_Card,returned,"March 31, 2024"
11077,09/15/2023,CUST1090,Matthew Mcmillan,, West ,Canada,home & kitchen,Non-stick Pan Set,6,143.39,0.05,11.58,Debit Card,pending,25-Mar-2024
12113,"June 07, 2023",CUST1319,Connie Brown,connie.brown50@hotmail.com,Central,Mexico,toys,RC Car,6,36.69,0,10.61,GiftCard,delivered,01-02-2024
12019,2023-08-28,CUST1736,Charles Turner,charles.turner19@gmail.com,South,canada,Home&Kitchen,Non-stick Pan Set,1,179.81,25%,0.79,CC,SHIPPED,07-12-2021
ORD-11248,06/29/23,CUST1774,Carly Riggs,carly.riggs31@yahoo.com,SOUTH,United States,electronics,Smartwatch,4,201.97,0,16.91,paypal,DELIVERED,06/28/2022
ORD-10301,2023-12-14,CUST1503,Zachary Mitchell,,east,United States,BEAUTY,Sunscreen SPF50,1,15.84,0.2,,Gift Card,returned,03/06/2024
ORD-11385,07/30/24,CUST1822,Jose Ramirez,jose.ramirez2@gmail.com,West,United States,Toy,Board Game,3,61.57,0,,CC,Cancelled,25-May-2022
ORD-10820,22-09-2023,CUST1725,Rebecca Marquez,rebecca.marquez30@gmail.com,SOUTH,Canada,Home&Kitchen,LED Desk Lamp,3,158.06,5%,15.33,credit card,RETURNED,26-06-2022
11265,04-03-2024,CUST1682,Dean Donovan,dean.donovan10@yahoo.com,central,Canada,Sports & Outdoors,Water Bottle,5,88.81,0,11.44,GiftCard,Pending,12/22/21
ORD-12195,unknown,CUST1446,Brenda Wright,brenda.wright69@yahoo.com,Sth,US,Home & Kitchen,Coffee Maker,4,81.3,0,24.54,PAYPAL,Delivered,20-01-2023
ORD-12375,16-01-2024,CUST1813,Michael Roberts,michael.roberts67@outlook.com,Centrl,USA,Appare,Denim Jacket,2,63.24,0,8.98,debit card,Returned,08/07/22
ORD-10995,24-06-2024,CUST1084,Zachary Ferrell,zachary.ferrell71@hotmail.com,WEST,US,sports & outdoors,Yoga Mat,2,54.73,0.25,11.89,gift card,cancelled,11/22/21
ORD-12521,01/21/2024,CUST1739,Linda Gonzalez,linda.gonzalez75@yahoo.com,central,USA,Beuty,Face Moisturizer,6,38.38,0.05,15.34,GiftCard,Delivered,06/30/24
ORD-10022,10/07/2023,CUST1326,Brett Burns,brett.burns54@outlook.com,Central,US,Appare,Baseball Cap,3,21.32,0,,Credit Card,Pending,2024-07-12
ORD-12070,08/06/2023,CUST1474,Robin Thompson,robin.at.gmail.com, North,United States,Electronis,Wireless Earbuds,2,39.37,,3.86,Pay Pal,CANCELLED,2023-07-31
ORD-10238,02-01-2024,CUST1344,Kayla Rodriguez,kayla.rodriguez8@gmail.com,South,canada,Sports,Hiking Backpack,6,126.77,0,5.86,Credit_Card,pending,"August 28, 2024"
ORD-12120,28-Jul-2024,CUST1478,Curtis Williams,curtis.williams30@hotmail.com, North,Canada,Beauty,Face Moisturizer,5,2230.72,0,19.07,Pay Pal,PENDING,2024-09-04
ORD-13133,"March 19, 2024",CUST1323,Brandy Chavez,brandy.chavez20@yahoo.com,Est,United States,Apparel,Baseball Cap,3,60.19,0.05,4.55,Pay Pal,Returned,"November 03, 2022"
ORD-11049,"August 07, 2023",CUST1699,Brent Hernandez,brent.at.gmail.com,west,US,Sports,Yoga Mat,4,14.26,0,13.81,Debit,Delivered,12-04-2022
ORD-11384,"August 20, 2023",CUST1071,Whitney Peters,whitney.peters80@outlook.com,East,canada,Apparel,Denim Jacket,-2,73.95,0,14.18,Gift Card,Returned,2024-09-20
11763,04-Mar-2024,CUST1149,Stephanie Manning,stephanie.manning38@outlook.com,west,United States,Home and Kitchen,Throw Blanket,2,118.82,0.05,16.39,paypal,Pending,01-May-2023
ORD-11983,"September 24, 2023",CUST1410,Angela Lin,angela.lin44@hotmail.com,East,US,Home&Kitchen,Throw Blanket,2,88.58,0.05,,Gift Card,delivered,2022-10-31
ORD-12781,29-07-2023,CUST1057,Richard Aguirre,richard.aguirre72@gmail.com,Sth,canada,BEAUTY,Lipstick,3,43.86,0,4.13,Pay Pal,Pending,2021-08-18
ORD-11933,2024-01-30,CUST1478,Curtis Williams,curtis.williams30@hotmail.com,north,Canada,electronics,Bluetooth Speaker,5,247.21,0,,Debit Card,Deliverd,2024-09-04
ORD-11932,01/26/2024,CUST1372,Ellen Morgan,ellen.morgan58@gmail.com,Nort,US,Appare,Baseball Cap,4,65.6,0.2,21.41,debit card,returned,05/17/22
ORD-12181,08-Aug-2023,CUST1506,Brandon Fleming,brandon.fleming20@yahoo.com,WEST,United States,TOYS,Board Game,1,21.77,0.2,15.23,gift card,CANCELLED,"March 14, 2021"
ORD-12630,2024-02-15,CUST1232,Christopher Parker,christopher.parker81@hotmail.com,Central,US,Sports and Outdoors,Hiking Backpack,5,$50.15,,,Debit Card,Shipped,"August 09, 2023"
ORD-12609,03-11-2024,CUST1844,  ASHLEY EDWARDS  ,ashley.edwards33@gmail.com,CENTRAL,Mexico,TOYS,RC Car,3,10.49,0,11.54,PayPal,RETURNED,01/21/2023
10383,"March 27, 2023",CUST1416,Gwendolyn Klein,gwendolyn.klein14@gmail.com,CENTRAL,Canada,Sports & Outdoors,Resistance Bands,2,110.84,0.05,8.36,Gift Card,Shipped,03-07-2021
ORD-11652,"October 23, 2024",CUST1623,Colleen Wright,colleen.wright29@outlook.com,NORTH,US,beauty,Shampoo Set,3,14.68,0,21.15,PAYPAL,cancelled,10/02/2022
ORD-11812,"November 21, 2023",CUST1253,Barbara Dudley,barbara.dudley40@hotmail.com,Centrl,US,Sports,Camping Tent,1,82.82,20%,10.11,GiftCard,Returned,02-02-2022
13104,02/14/23,CUST1479,Kaylee Hays,kaylee.hays10@yahoo.com,Centrl,Mexico,toys,Action Figure,6,22.49,0,21.65,paypal,shipped,04/30/2024
11615,2024-08-13,CUST1051,Danny Morgan,danny.morgan70@outlook.com,Central,Canada,Appare,Cotton T-Shirt,2,46.09,0,3.73,CREDIT CARD,Pending,06/06/24
ORD-12429,01/09/24,CUST1370,Allison Hickman,allison.hickman20@outlook.com,north,Canada,ELECTRONICS,Bluetooth Speaker,five,148.44,0.25,1.32,gift card,shipped,01/22/22
ORD-11943,"December 14, 2023",CUST1280,Amanda Jones,amanda.jones92@hotmail.com, West ,USA,Home&Kitchen,Air Fryer,3,37.23,25%,11.25,GiftCard,Canceled,12/08/21
ORD-10988,2023-01-26,CUST1518,penny bowman,penny.bowman17@yahoo.com,east,US,Beauty,Face Moisturizer,6,20.68,0,14.27,debit card,Shipped,21-08-2022
ORD-10345,"October 07, 2024",CUST1276,Wayne Morgan,wayne.morgan16@outlook.com,WEST,US,Beuty,Lipstick,5,$11.78,0.25,24.97,debit card,RETURNED,14-Jun-2023
ORD-12771,25-07-2023,CUST1323,Brandy Chavez,brandy.chavez20@yahoo.com,EAST,United States,sports & outdoors,Water Bottle,3,59.93,10%,1.74,CREDIT CARD,Delivered,"November 03, 2022"
ORD-10261,07/27/24,CUST1437,Christopher Guerra,christopher.guerra76@yahoo.com, West ,Canada,Home & Kitchen,Air Fryer,-3,94.15,0.2,24.67,Gift Card,Delivered,2022-12-08
12647,02-May-2023,CUST1842,Virginia Henderson,virginia.henderson17@yahoo.com,NORTH,US,beauty,Sunscreen SPF50,1,40.91,0,19.63,PayPal,RETURNED,03/06/2021
10071,04/13/2023,CUST1734,Steven Stein,steven.stein62@yahoo.com,WEST,Canada,sports & outdoors,Resistance Bands,two,35.72,0,3.95,Debit,pending,04/24/2024
ORD-10934,25-Apr-2024,CUST1342,Anthony Harmon,anthony.harmon18@gmail.com,WEST,Mexico,Beuty,Shampoo Set,3,27.8,0,14.07,Pay Pal,pending,02/02/2024
10516,"July 31, 2023",CUST1181,Tina Sanders,tina.sanders59@outlook.com,west,Mexico,Clothing,Wool Sweater,4,16.66,10%,7.62,Credit Card,delivered,"June 21, 2022"
13128,10-May-2024,CUST1571,  CHRISTIAN VAUGHN  ,christian.vaughn49@outlook.com, North,USA,apparel,Baseball Cap,2,21.9,0.15,22.92,paypal,Canceled,18-Jan-2022
ORD-11750,08/12/2024,CUST1575,Kelly Edwards,kelly.edwards69@hotmail.com,WEST,USA,Electronic,Wireless Earbuds,5,199.57,15%,22.96,Credit_Card,DELIVERED,03/18/2024
ORD-10425,04/18/24,CUST1418,  JEFFREY MILLS  ,jeffrey.mills93@yahoo.com,South,Mexico,home & kitchen,LED Desk Lamp,,47.92,25%,11.17,GiftCard,returned,"March 17, 2024"
11843,12/10/2023,CUST1505,Jodi Roach,,north,US,Toys,Building Blocks Set,2,67.87,0.2,13.83,paypal,Returned,01/26/2021
10753,2023-10-29,CUST1287,Carolyn Miller,carolyn.miller84@outlook.com,Nort,Mexico,toys,Puzzle 1000pc,4,67.04,0.25,22.56,PayPal,shipped,2022-05-27
ORD-13100,"June 06, 2024",CUST1496,Austin Osborne,austin.osborne51@gmail.com,WEST,Mexico,BEAUTY,Lipstick,6,11.67,0,2.5,gift card,PENDING,09/28/22
10787,03/26/23,CUST1022,Ethan Adams,ethan.adams81@outlook.com,Central,United States,Beauty,Sunscreen SPF50,2,20.25,0.2,15.5,Debit,Canceled,"August 01, 2024"
11450,07-Dec-2023,CUST1534,Anthony Gonzales,anthony.gonzales32@outlook.com,CENTRAL,US,toys,Board Game,1,-15.12,0.2,18.12,CREDIT CARD,Canceled,19-Oct-2023
ORD-11201,09/04/24,CUST1383,Mr. Andrew Foster,,central,Mexico,sports & outdoors,Resistance Bands,1,14.74,0,8.84,CC,Shipped,05/30/2021
ORD-12629,2024-06-04,CUST1580,  WILLIAM EVANS  ,william.evans9@gmail.com,West,canada,Beuty,Face Moisturizer,5,-7.71,0.1,0.79,Gift Card,shipped,"March 06, 2023"
ORD-11878,16-Jun-2024,CUST1301,Heather Fields,heather.at.gmail.com,Centrl,canada,Apparel,Denim Jacket,3,23.35,0.2,7.31,debit card,returned,08/05/2024
ORD-11092,2023-04-24,CUST1775,Christopher Moore,christopher.moore80@outlook.com, North,Canada,Toy,RC Car,4,62.23,0.1,15.37,PayPal,PENDING,2021-11-16
ORD-12564,2022-07-05,CUST1036,Sherri Baker,sherri.baker55@yahoo.com,South,Canada,Sports,Camping Tent,6,,0.2,23.53,paypal,SHIPPED,25-Jul-2022
ORD-12222,17-03-2024,CUST1357,Jeffery Ortega,jeffery.ortega48@hotmail.com,central,Mexico,Electronic,Smartwatch,2,140.29,0.05,22.49,debit card,Shipped,30-Jan-2024
ORD-10413,08/01/24,CUST1806,Zachary Cole,zachary.cole82@outlook.com,Central,United States,Home and Kitchen,Coffee Maker,4,165.09,0.25,7.58,Debit Card,Canceled,13-Dec-2022
ORD-11510,02/06/24,CUST1745,Vincent Novak,vincent.novak6@hotmail.com, West ,USA,Apparel,Cotton T-Shirt,5,74.52,0.1,11.64,PayPal,returned,15-Apr-2022
ORD-11125,07/07/2023,CUST1725,Rebecca Marquez,rebecca.marquez30@gmail.com,South,Canada,sports & outdoors,Camping Tent,,49.42,0.25,20.64,Gift Card,PENDING,26-06-2022
ORD-12261,04/29/2023,CUST1623,Colleen Wright,colleen.wright29@outlook.com,North,US,Beauty,Hair Dryer,3,57.9,,8.38,credit card,Pending,10/02/2022
ORD-10826,21-Jan-2023,CUST1523,Sarah King,sarah.king12@yahoo.com,central,Canada,electronics,Bluetooth Speaker,5,117.31,0.2,6.04,PayPal,Returned,09/16/22
ORD-10645,"April 05, 2023",CUST1657,Connie Turner,connie.turner66@yahoo.com,West,USA,Sports and Outdoors,Water Bottle,1,125.04,0.1,18.12,Debit,Pending,09/02/24
ORD-13099,08/23/2024,CUST1351,Kimberly Nguyen,kimberly.nguyen12@hotmail.com,south,US,Sports,Resistance Bands,-2,69.95,0,5.49,Debit,DELIVERED,07/15/2021
ORD-10618,2023-10-10,CUST1326,  BRETT BURNS  ,brett.burns54@outlook.com,central,US,Apparel,Baseball Cap,-3,26.72,0.25,23.71,Credit_Card,SHIPPED,2024-07-12
ORD-12121,2023-12-19,CUST1178,Lawrence Adkins,lawrence.adkins35@yahoo.com,East,Mexico,toys,Action Figure,3,26.86,,15.43,gift card,PENDING,11-Jun-2022
11307,2023-01-07,CUST1037,Cassandra Gaines,cassandra.gaines71@gmail.com,CENTRAL,Canada,TOYS,Puzzle 1000pc,4,62.88,0.2,21.55,Debit Card,Returned,04/14/21
ORD-11973,"November 03, 2024",CUST1539,David Davis,david.davis36@gmail.com,east,canada,Home & Kitchen,Air Fryer,3,132.2,0,13.65,Credit Card,delivered,"August 25, 2023"
ORD-11627,"July 28, 2023",CUST1186,Jonathan Peterson,jonathan.peterson86@hotmail.com,south,US,sports & outdoors,Yoga Mat,3,108.97,0.05,,gift card,Shipped,04/17/24
11755,08/29/2023,CUST1168,Joel Williams,joel.williams2@hotmail.com,CENTRAL,United States,ELECTRONICS,Laptop Stand,4,163.84,0,10.02,credit card,returned,08/13/22
ORD-11360,2023-09-29,CUST1699,Brent Hernandez,brent.at.gmail.com,West,US,Sports,Hiking Backpack,6,119.22,15%,15.68,Credit_Card,delivered,12-04-2022
ORD-12893,"March 17, 2023",CUST1397,Gary Jackson,gary.jackson3@gmail.com,west,Canada,Beauty,Hair Dryer,1,19.87,0,16.38,Gift Card,Cancelled,"December 26, 2023"
ORD-12710,"April 18, 2023",CUST1331,Colton Martinez,colton.martinez95@gmail.com,SOUTH,canada,apparel,Cotton T-Shirt,3,41.52,0.05,13.62,gift card,SHIPPED,"October 10, 2021"
ORD-12216,2024-03-20,CUST1757,Melissa Stephens,melissa.stephens78@gmail.com,Central,Mexico,toys,Board Game,3,51.03,0.2,7.08,Credit Card,DELIVERED,27-Feb-2023
ORD-12594,"November 28, 2024",CUST1148,Kathy Rivas,kathy.rivas15@hotmail.com,SOUTH,US,Electronic,Laptop Stand,5,112.27,0,15.87,Credit_Card,pending,08/29/21
ORD-10982,28-May-2024,CUST1336,Daniel Kane,daniel.kane93@outlook.com,CENTRAL,Mexico,Electronic,Laptop Stand,6,147.51,15%,,PayPal,pending,2022-08-13
12927,01-Apr-2024,CUST1217,Mark Brown,mark.brown97@gmail.com,West,Mexico,TOYS,Board Game,4,42.81,0.05,,gift card,PENDING,17-06-2021
ORD-12714,"September 02, 2024",CUST1638,Maria Fisher,maria.fisher13@outlook.com,West,USA,Home & Kitchen,Throw Blanket,,159.28,5%,1.76,Debit Card,Delivered,08/12/2024
11640,2024-10-11,CUST1117,Ashley Waller,ashley.waller30@gmail.com, North,Mexico,ELECTRONICS,Webcam,2,156.6,0,9.05,Pay Pal,CANCELLED,30-01-2022
12036,08-06-2024,CUST1242,Kevin Walters,kevin.walters7@outlook.com,north,canada,home & kitchen,Non-stick Pan Set,3,5717.9,0,5.07,Pay Pal,shipped,15-05-2021
ORD-11729,12-04-2023,CUST1317,Ashley Hall,ashley.hall34@outlook.com,north,US,Clothing,Running Shoes,5,45.45,0.05,17.43,CC,cancelled,06-04-2023
11421,2023-01-02,CUST1434,Ashley Wise,ashley.wise6@hotmail.com,North,Canada,apparel,Wool Sweater,1,$31.86,0.15,17.32,GiftCard,Pending,11-Nov-2022
ORD-12704,01/25/2023,CUST1467,William Jones,william.jones87@hotmail.com,Central,Mexico,beauty,Hair Dryer,4,52.49,0.15,,CC,delivered,09/30/2023
12672,2024-06-19,CUST1316,Lauren Carson,lauren.carson84@hotmail.com, North,Canada,Home&Kitchen,Coffee Maker,3,144.36,0.15,7.35,debit card,Returned,"August 09, 2022"
ORD-11624,05/17/2024,CUST1630,Rhonda Chavez,rhonda.chavez7@gmail.com,West,Canada,Beauty,Sunscreen SPF50,2,41.68,0.25,1.44,gift card,cancelled,04-May-2023
ORD-12538,07/19/24,CUST1202,Elizabeth Perkins,elizabeth.perkins78@hotmail.com,NORTH,Mexico,Appare,Baseball Cap,5,$34.55,0,8.18,paypal,delivered,07/23/21
ORD-13126,20-Apr-2023,CUST1095,anna henderson,anna.henderson24@gmail.com,Est,United States,Home & Kitchen,Throw Blanket,6,169.29,,8.9,Gift Card,Cancelled,17-Jun-2022
ORD-12382,09-Nov-2024,CUST1504,Katherine Martinez,katherine.martinez14@gmail.com,central,Canada,Apparel,Baseball Cap,1,23.03,0.05,17.2,debit card,PENDING,04/13/22
ORD-12717,,CUST1416,Gwendolyn Klein,gwendolyn.klein14@gmail.com,Central,Canada,BEAUTY,Shampoo Set,3,-27.02,0,2.42,Debit,Returned,03-07-2021
ORD-12073,07/02/2023,CUST1133,Daniel Kennedy,daniel.kennedy35@yahoo.com,south,USA,Electronis,Bluetooth Speaker,6,114.32,0,3.97,Gift Card,CANCELLED,2021-05-27
ORD-10385,23-May-2023,CUST1488,Bobby Guerrero,bobby.guerrero25@hotmail.com,north,United States,apparel,Cotton T-Shirt,6,32.0,20%,1.07,PayPal,Returned,08/29/22
ORD-11408,12-09-2023,CUST1534,Anthony Gonzales,anthony.gonzales32@outlook.com,CENTRAL,US,Electronis,USB-C Cable,3,109.16,0.1,5.91,PAYPAL,delivered,19-Oct-2023
ORD-10059,26-04-2023,CUST1434,  ASHLEY WISE  ,ashley.wise6@hotmail.com,north,Canada,sports & outdoors,Water Bottle,4,26.2,20%,1.74,GiftCard,Returned,11-Nov-2022
ORD-12984,07/24/24,CUST1839,Michele Smith,michele.at.gmail.com,South,canada,Home and Kitchen,LED Desk Lamp,6,$59.41,0.1,,credit card,DELIVERED,09-Jan-2024
11390,2023-12-08,CUST1518,Penny Bowman,penny.bowman17@yahoo.com,East,US,sports & outdoors,Hiking Backpack,3,,0,19.22,GiftCard,Returned,21-08-2022
ORD-12895,09/30/24,CUST1281,  TAMMIE BRIGHT  ,tammie.bright94@outlook.com,east,Mexico,Apparel,Cotton T-Shirt,1,47.5,0,2.12,Credit_Card,shipped,13-Jun-2024
ORD-12780,24-Feb-2024,CUST1345,Theresa Williams,theresa.williams5@yahoo.com,NORTH,US,Home & Kitchen,Non-stick Pan Set,2,37.63,0.05,3.07,debit card,RETURNED,05/06/2023
ORD-10945,05-Jul-2023,CUST1409,Jesse Brown,jesse.brown65@outlook.com,West,United States,toys,Building Blocks Set,1,-38.4,5%,22.48,Debit,cancelled,2021-04-20
ORD-12288,28-08-2024,CUST1222,Elizabeth Oliver DDS,elizabeth.dds16@gmail.com, West ,United States,Home & Kitchen,Non-stick Pan Set,4,127.4,0,21.68,debit card,Delivered,10/16/23
ORD-12853,11-09-2024,CUST1135,Jose Schultz,jose.schultz52@outlook.com,west,US,BEAUTY,Face Moisturizer,5,24.81,0.15,11.61,PAYPAL,delivered,"October 22, 2023"
ORD-13075,"August 03, 2023",CUST1743,Valerie Taylor,valerie.taylor79@gmail.com,NORTH,Canada,apparel,Cotton T-Shirt,5,43.91,0.05,8.36,Credit Card,Canceled,"December 25, 2023"
11493,05/19/23,CUST1415,Antonio Garcia,antonio.garcia12@yahoo.com,Central,canada,Sports,Hiking Backpack,2,99.2,0,14.49,gift card,RETURNED,02-Jun-2023
12983,31-May-2024,CUST1002,Angie Henderson,angie.at.gmail.com,Centrl,Canada,Appare,Cotton T-Shirt,6,10.94,0,,Debit Card,Deliverd,"April 22, 2022"
ORD-10436,11/22/23,CUST1268,  CYNTHIA ROWE  ,cynthia.rowe9@gmail.com,NORTH,Mexico,Home & Kitchen,LED Desk Lamp,5,92.56,0,18.83,CC,SHIPPED,11-Mar-2023
12511,02-07-2023,CUST1329,Ariana Jennings,ariana.jennings90@gmail.com, West ,USA,Toy,RC Car,1,36.05,0,5.67,GiftCard,PENDING,2022-01-26
ORD-11403,22-01-2023,CUST1109,Sharon Cochran,sharon.cochran32@hotmail.com,West,USA,sports & outdoors,Resistance Bands,five,72.33,0.2,22.51,debit card,Cancelled,"March 13, 2024"
ORD-11728,2021-02-09,CUST1172,Joshua Cooke,joshua.cooke90@outlook.com,west,USA,toys,Building Blocks Set,2,36.9,0,10.51,Pay Pal,Pending,02/14/21
ORD-12760,11-11-2024,CUST1132,Mary Marshall,mary.marshall34@yahoo.com,Centrl,United States,Sports & Outdoors,Camping Tent,5,40.26,0,13.06,Debit Card,SHIPPED,2023-05-21
ORD-12651,"October 25, 2023",CUST1538,Emma Owens,emma.owens50@outlook.com,East,canada,Sports and Outdoors,Yoga Mat,2,99.89,0,,CC,RETURNED,2022-01-04
ORD-10490,03/16/2023,CUST1046,John Pierce,john.at.gmail.com,CENTRAL,canada,Electronis,Webcam,6,8156.37,0.25,14.77,GiftCard,pending,"September 08, 2024"
ORD-12130,02-Dec-2024,CUST1478,Curtis Williams,curtis.williams30@hotmail.com, North,Canada,Electronics,Wireless Earbuds,5,50.4,25%,5.48,gift card,Pending,2024-09-04
ORD-11617,"October 09, 2023",CUST1280,Amanda Jones,amanda.jones92@hotmail.com, West ,USA,TOYS,Building Blocks Set,6,69.32,0.25,20.9,debit card,shipped,12/08/21
ORD-11424,07-07-2024,CUST1570,Ashley Smith,ashley.smith85@outlook.com,Centrl,US,Home&Kitchen,LED Desk Lamp,3,159.34,15%,6.23,PAYPAL,SHIPPED,07/06/21
ORD-10557,07/27/2024,CUST1301,Heather Fields,heather.at.gmail.com,Central,canada,Toy,Building Blocks Set,1,49.26,0,5.48,PAYPAL,Pending,08/05/2024
10828,2024-06-13,CUST1820,Debra Perry,debra.perry43@gmail.com,EAST,US,Electronic,Webcam,4,-190.87,0.15,23.73,gift card,cancelled,2021-10-27
ORD-11980,07/08/23,CUST1205,David Martinez,david.martinez86@outlook.com, West ,Canada,BEAUTY,Sunscreen SPF50,-2,50.05,0,3.65,PayPal,cancelled,02/06/2023
ORD-11494,10/24/2024,CUST1251,Olivia Harris,olivia.harris24@yahoo.com,WEST,USA,Appare,Running Shoes,3,23.59,25%,0.34,PayPal,SHIPPED,2023-06-16
ORD-10822,2024-10-06,CUST1086,Shirley Suarez,shirley.suarez92@outlook.com,east,USA,Sports and Outdoors,Yoga Mat,3,124.74,0.05,15.85,paypal,Shipped,26-04-2022
11373,"January 10, 2023",CUST1447,Shelly Spencer,shelly.spencer86@hotmail.com,East,canada,ELECTRONICS,USB-C Cable,6,198.64,0.1,5.87,PayPal,CANCELLED,12/17/23
ORD-11708,10/14/2023,CUST1084,zachary ferrell,zachary.ferrell71@hotmail.com,west,US,sports & outdoors,Hiking Backpack,-1,82.19,0,17.12,PayPal,CANCELLED,11/22/21
ORD-10229,2024-12-11,CUST1005,Connie Lawrence,connie.lawrence98@outlook.com,West,Canada,Beuty,Hair Dryer,4,39.59,0,10.08,paypal,delivered,2021-07-29
ORD-11428,"March 25, 2023",CUST1690,Ryan Landry,ryan.landry58@yahoo.com,Central,United States,Toy,Action Figure,3,16.32,0.15,22.67,Pay Pal,shipped,"August 08, 2024"
ORD-12362,06/18/24,CUST1818,Michael Poole,,NORTH,US,Sports & Outdoors,Resistance Bands,5,100.26,0.05,17.9,PayPal,RETURNED,07/04/2021
12405,2023-02-24,CUST1624,Shelley Miller,shelley.miller40@yahoo.com,EAST,USA,beauty,Lipstick,1,14.95,0,13.99,gift card,PENDING,2021-05-14
10862,"December 06, 2023",CUST1559,Louis Martin,louis.martin49@gmail.com,South,United States,Sports,Water Bottle,3,$33.79,0.25,10.2,Gift Card,Cancelled,"September 09, 2023"
ORD-11604,,CUST1537,Bianca Wood,bianca.wood46@hotmail.com,Est,canada,Toy,Puzzle 1000pc,2,15.98,0,20.85,gift card,Deliverd,21-Jan-2024
ORD-10357,07/12/24,CUST1398,Ashley Hicks,,East,Canada,Home and Kitchen,Throw Blanket,4,138.65,0,23.29,PayPal,delivered,"July 17, 2022"
ORD-10866,2024-11-30,CUST1452,Alexander Brown,alexander.brown24@hotmail.com,SOUTH,canada,Beuty,Face Moisturizer,4,14.23,,0.19,debit card,pending,"July 25, 2024"
13115,14-Jan-2023,CUST1212,  MELISSA MARTINEZ  ,melissa.martinez72@gmail.com,east,Canada,home & kitchen,Throw Blanket,2,89.28,,5.32,debit card,Cancelled,06/01/24
ORD-11132,09/20/23,CUST1797,Michael Perry PhD,michael.phd84@outlook.com, West ,USA,Sports & Outdoors,Camping Tent,1,97.55,,9.19,PAYPAL,PENDING,"July 02, 2022"
ORD-12793,06/08/2023,CUST1718,Kathryn Mccann,kathryn.mccann81@gmail.com,central,Mexico,Toy,RC Car,2,66.71,0,5.35,gift card,shipped,2021-06-04
ORD-11852,"November 01, 2024",CUST1555,Nicole Gonzalez,nicole.at.gmail.com,Sth,Mexico,Clothing,Denim Jacket,6,36.8,0.15,11.22,credit card,returned,12-12-2022
10095,06/18/2024,CUST1590,  LAURIE SANCHEZ  ,laurie.sanchez25@hotmail.com,West,canada,ELECTRONICS,Bluetooth Speaker,5,241.35,5%,23.35,PAYPAL,CANCELLED,09-Mar-2022
ORD-12568,03/08/2024,CUST1203,Joseph Coleman,joseph.coleman99@yahoo.com,SOUTH,US,toys,Board Game,2,46.32,0.05,15.09,CREDIT CARD,Deliverd,31-May-2023
ORD-10738,03/22/2023,CUST1614,Elizabeth Sharp,elizabeth.sharp60@gmail.com,Central,canada,Toy,RC Car,4,55.42,0.15,5.19,credit card,SHIPPED,2023-08-22
10216,24-Oct-2023,CUST1645,Kim Morrow,kim.morrow76@hotmail.com,West,United States,Apparel,Baseball Cap,1,63.91,5%,22.43,gift card,returned,03/11/24
ORD-11014,30-Aug-2024,CUST1307,Carlos Ryan,,WEST,US,beauty,Face Moisturizer,5,32.77,0.05,3.89,debit card,pending,20-Jun-2023
11396,"July 14, 2023",CUST1545,Cindy Gomez,,CENTRAL,United States,Home & Kitchen,Throw Blanket,five,94.82,0.2,4.5,Credit_Card,SHIPPED,04/26/2021
ORD-12728,2023-07-16,CUST1402,Mary Thompson,mary.thompson11@gmail.com,WEST,US,beauty,Shampoo Set,1,19.82,0.15,16.22,Gift Card,PENDING,11-Jul-2021
12265,"February 01, 2023",CUST1062,Connor West,connor.west43@hotmail.com,Sth,Mexico,Beuty,Sunscreen SPF50,4,35.21,15%,11.06,PAYPAL,cancelled,24-05-2022
ORD-10325,"September 26, 2024",CUST1397,Gary Jackson,gary.jackson3@gmail.com,West,Canada,Toy,Building Blocks Set,4,54.68,0.15,17.12,Credit_Card,Deliverd,"December 26, 2023"
ORD-11306,24-05-2024,CUST1061,Gerald Hensley,gerald.hensley31@yahoo.com,NORTH,United States,Clothing,Cotton T-Shirt,,$76.59,0.1,10.31,PAYPAL,Deliverd,29-Dec-2021
ORD-10983,04-08-2023,CUST1802,Reginald Morrow,reginald.morrow50@outlook.com,East,US,ELECTRONICS,Webcam,4,50.84,,7.1,credit card,CANCELLED,04/15/2022
12607,10/08/24,CUST1504,Katherine Martinez,katherine.martinez14@gmail.com,CENTRAL,Canada,electronics,Wireless Earbuds,5,20.71,0,2.7,Debit,RETURNED,04/13/22
11893,,CUST1044,  ANGELICA TUCKER  ,angelica.at.gmail.com,Sth,US,Beuty,Sunscreen SPF50,6,5.75,0.1,3.41,Pay Pal,cancelled,05/20/21
10961,12/04/24,CUST1158,Melissa Gates,melissa.gates2@yahoo.com,south,Canada,Beuty,Hair Dryer,2,28.47,0,19.48,GiftCard,Cancelled,04/20/23
ORD-10384,04/28/24,CUST1013,Michele Williams,michele.williams99@gmail.com,EAST,US,Beauty,Sunscreen SPF50,1,38.54,0,13.15,PayPal,shipped,2022-04-15
ORD-10187,"May 02, 2023",CUST1677,Joseph Howard,joseph.howard95@yahoo.com,west,United States,Sports,Hiking Backpack,2,16.88,,12.34,Gift Card,delivered,"August 18, 2024"
ORD-10943,2024-01-18,CUST1194,John Bishop,john.bishop23@gmail.com,South,Canada,toys,Action Figure,6,37.95,0.25,17.68,PayPal,PENDING,2024-09-15
10584,"September 18, 2024",CUST1612,Franklin Wright,franklin.wright98@yahoo.com,North,United States,apparel,Wool Sweater,two,16.02,0.05,22.54,PayPal,Shipped,11/19/22
12423,08/04/23,CUST1201,Ricky Davis II,ricky.ii71@outlook.com,CENTRAL,USA,Sports,Yoga Mat,6,92.47,0,3.91,PayPal,Cancelled,"February 20, 2023"
ORD-11742,2020-12-13,CUST1505,Jodi Roach,,North,US,Sports and Outdoors,Hiking Backpack,2,142.43,0,8.81,Debit,shipped,01/26/2021
10427,2023-02-08,CUST1682,Dean Donovan,dean.donovan10@yahoo.com,central,Canada,Beauty,Hair Dryer,1,5.17,0,15.22,CC,RETURNED,12/22/21
ORD-11915,05/08/2024,CUST1617,Jonathan Jacobson,jonathan.jacobson73@hotmail.com,SOUTH,Canada,Clothing,Baseball Cap,1,65.34,0.1,2.64,PAYPAL,PENDING,21-10-2021
12137,"November 14, 2023",CUST1597,susan davis,,SOUTH,Mexico,Toys,Building Blocks Set,five,10.83,0.25,12.26,Credit Card,Pending,03/17/2024
ORD-13062,25-Mar-2024,CUST1494,meghan cisneros,meghan.cisneros52@gmail.com,Centrl,canada,ELECTRONICS,Laptop Stand,5,174.1,0.15,21.07,Pay Pal,CANCELLED,"August 04, 2024"
12103,03/23/2024,CUST1257,Kathleen Moran,kathleen.moran66@yahoo.com,Sth,US,Apparel,Cotton T-Shirt,2,26.17,0.1,6.24,PAYPAL,SHIPPED,2023-06-15
11255,03/04/23,CUST1420,George Harper,george.at.gmail.com,west,USA,Apparel,Cotton T-Shirt,3,88.95,0,5.14,credit card,RETURNED,10-06-2023
ORD-11220,2024-07-16,CUST1388,Sandra Drake,sandra.at.gmail.com,SOUTH,USA,home & kitchen,Throw Blanket,4,87.47,20%,21.67,PAYPAL,shipped,20-08-2023
ORD-11715,2023-03-21,CUST1341,  CYNTHIA MORRIS  ,cynthia.morris7@gmail.com, West ,Canada,Electronics,Wireless Earbuds,5,29.22,,24.65,CC,SHIPPED,27-04-2023
11119,"July 26, 2024",CUST1549,  PAMELA DIAZ  ,pamela.diaz85@hotmail.com,EAST,USA,BEAUTY,Face Moisturizer,4,43.88,0,6.29,paypal,Cancelled,2024-04-15
ORD-12039,11/03/24,CUST1522,Hannah Everett,hannah.everett99@yahoo.com,West,USA,Home and Kitchen,Coffee Maker,3,121.31,,13.57,gift card,shipped,15-07-2023
10469,"July 30, 2024",CUST1467,William Jones,william.jones87@hotmail.com,CENTRAL,Mexico,beauty,Face Moisturizer,4,26.74,0.05,3.54,Pay Pal,Shipped,09/30/2023
ORD-11814,18-08-2023,CUST1584,Jamie Baird,jamie.baird45@hotmail.com,west,canada,apparel,Running Shoes,4,16.56,0.05,6.33,Credit_Card,DELIVERED,25-Jun-2022
12643,03-Dec-2023,CUST1818,Michael Poole,,Nort,US,Home&Kitchen,Throw Blanket,6,61.43,0,0.12,CREDIT CARD,pending,07/04/2021
ORD-11097,12/13/2023,CUST1449,Phillip Nelson,phillip.nelson87@outlook.com,North,Mexico,Electronis,Wireless Earbuds,4,150.7,0,16.64,CREDIT CARD,Returned,"June 12, 2024"
ORD-13141,12-Oct-2024,CUST1015,  BRIAN RAMIREZ  ,brian.ramirez83@hotmail.com,SOUTH,United States,Toy,Puzzle 1000pc,3,11.2,0,11.79,gift card,delivered,20-10-2021
ORD-12293,2024-10-09,CUST1016,Holly Wood,holly.wood69@outlook.com,Central,US,Electronics,Laptop Stand,4,185.26,0,8.78,Debit Card,RETURNED,12-Apr-2024
ORD-12997,12/29/2023,CUST1848,Jessica Bowen,jessica.at.gmail.com,NORTH,Canada,Electronis,Bluetooth Speaker,2,49.29,0.05,7.36,PayPal,shipped,"March 19, 2022"
ORD-11855,19-Sep-2023,CUST1756,Karen Morales DDS,karen.dds61@hotmail.com,EAST,United States,beauty,Hair Dryer,4,28.9,0.25,5.77,debit card,shipped,2021-06-30
11454,2024-07-15,CUST1403,Kathleen Webster,kathleen.webster8@gmail.com,West,US,apparel,Wool Sweater,4,31.69,5%,12.77,debit card,delivered,2021-12-17
12143,09/12/2024,CUST1632,Robert Cummings,robert.cummings13@outlook.com,Sth,US,BEAUTY,Face Moisturizer,5,22.14,10%,10.71,Debit Card,cancelled,"June 29, 2024"
ORD-12300,04/16/23,CUST1731,Alexander Gomez,alexander.gomez1@yahoo.com,south,Canada,Sports and Outdoors,Hiking Backpack,3,86.2,,6.75,Debit Card,RETURNED,06/20/2023
10502,06/13/2023,CUST1747,Dana Bennett,dana.bennett11@outlook.com,west,USA,beauty,Face Moisturizer,2,16.85,20%,17.31,gift card,Returned,"May 10, 2024"
ORD-11954,2023-10-23,CUST1826,Heather Brown,heather.brown39@yahoo.com,south,Canada,BEAUTY,Shampoo Set,3,45.36,10%,12.34,paypal,Pending,2023-01-09
ORD-10501,2024-08-19,CUST1144,Amber Wright,amber.wright25@outlook.com,West,Canada,Toy,Board Game,2,60.17,0.15,4.08,PAYPAL,pending,29-Jun-2024
10152,11/01/2024,CUST1042,Sherry Decker,sherry.decker8@outlook.com,Central,US,ELECTRONICS,Laptop Stand,5,98.87,0.25,22.37,GiftCard,Deliverd,2021-04-28
13085,14-08-2024,CUST1428,Robin Santiago,robin.santiago4@hotmail.com,east,Mexico,ELECTRONICS,Smartwatch,3,212.21,0,21.96,Debit,Returned,06-Mar-2022
ORD-10562,"September 16, 2023",CUST1088,Lisa Archer,lisa.archer28@gmail.com,EAST,canada,Home and Kitchen,Air Fryer,6,60.61,0.25,13.28,Gift Card,Deliverd,30-Apr-2023
ORD-10247,"December 03, 2023",CUST1471,Richard Cooper,richard.cooper46@gmail.com,South,US,home & kitchen,Non-stick Pan Set,3,91.22,0.25,15.78,PayPal,Canceled,31-Dec-2023
ORD-10970,01/09/2024,CUST1734,Steven Stein,steven.stein62@yahoo.com,West,Canada,BEAUTY,Hair Dryer,3,23.3,0.05,12.05,CREDIT CARD,cancelled,04/24/2024
ORD-11935,12/25/2023,CUST1574,Daniel Nguyen,daniel.nguyen97@yahoo.com, West ,canada,sports & outdoors,Resistance Bands,-1,31.93,5%,23.48,paypal,cancelled,2024-02-08
ORD-10296,26-Oct-2024,CUST1036,sherri baker,sherri.baker55@yahoo.com,SOUTH,Canada,Toy,Board Game,2,47.48,0.1,15.93,debit card,Returned,25-Jul-2022
11968,2023-03-13,CUST1092,  DENISE JACOBS  ,denise.jacobs63@yahoo.com,west,Canada,Home&Kitchen,Non-stick Pan Set,1,96.95,0,18.82,credit card,Returned,13-Jul-2022
ORD-12998,"July 30, 2023",CUST1117,Ashley Waller,ashley.waller30@gmail.com,North,Mexico,Sports and Outdoors,Water Bottle,6,118.25,10%,16.96,Gift Card,Deliverd,30-01-2022
ORD-11972,25-Sep-2023,CUST1214,Julie Alexander,julie.alexander73@hotmail.com,NORTH,Canada,Beauty,Shampoo Set,6,51.06,0,8.89,credit card,CANCELLED,05/23/2021
12350,15-05-2023,CUST1658,Travis Hobbs,travis.hobbs7@yahoo.com,Central,canada,Sports,Hiking Backpack,1,106.54,0,9.84,Credit Card,CANCELLED,20-07-2023
ORD-10836,06/22/2024,CUST1817,Beth Cline,beth.cline37@outlook.com,West,Mexico,Beauty,Lipstick,3,-59.23,0.25,10.32,PAYPAL,Pending,09/14/21
11853,06/24/2024,CUST1396,Jennifer Collins,jennifer.collins59@outlook.com,CENTRAL,US,Beuty,Sunscreen SPF50,3,,0,7.04,Gift Card,RETURNED,"May 04, 2021"
ORD-10080,"May 22, 2024",CUST1663,Samuel Turner,samuel.turner51@yahoo.com,EAST,Canada,Sports,Yoga Mat,3,27.89,,12.84,gift card,Deliverd,07/26/2023
12770,07/26/23,CUST1179,Robert Oconnell,robert.oconnell15@hotmail.com,South,Mexico,TOYS,Puzzle 1000pc,2,31.09,0,19.37,Gift Card,RETURNED,06/04/2021
12638,"October 09, 2023",CUST1803,Rodney Williams,rodney.williams17@yahoo.com,Est,USA,Electronic,Bluetooth Speaker,1,194.3,0.2,2.58,Debit Card,Shipped,2021-02-28
10192,03-08-2024,CUST1627,Laura Hernandez,laura.hernandez94@yahoo.com, North,canada,toys,Board Game,3,$38.18,0,14.83,Credit_Card,Returned,03/09/22
ORD-10666,07/17/24,CUST1840,Casey Perez,casey.perez99@yahoo.com,Est,US,Appare,Wool Sweater,5,17.37,0,9.75,debit card,Cancelled,09-06-2024
ORD-10530,22-Jul-2024,CUST1486,Monica Miller,monica.miller83@gmail.com,CENTRAL,canada,Apparel,Wool Sweater,5,,5%,17.14,debit card,returned,"May 24, 2022"
ORD-11573,10/24/2024,CUST1670,Chelsea Gill,chelsea.gill96@outlook.com,Centrl,Mexico,Apparel,Cotton T-Shirt,1,1982.89,0.15,4.59,Credit Card,Returned,27-01-2024
10851,"October 03, 2024",CUST1258,Denise Davenport,denise.davenport4@hotmail.com,central,USA,Electronics,Webcam,5,190.17,0.25,11.95,Debit,Cancelled,20-Apr-2021
ORD-11727,2023-10-19,CUST1681,Justin Walker,justin.walker78@yahoo.com, West ,United States,Clothing,Cotton T-Shirt,6,35.55,0,18.79,credit card,Cancelled,01-02-2022
10001,07/25/24,CUST1254,Cynthia Moore,cynthia.moore37@hotmail.com,WEST,United States,Toy,Board Game,4,17.81,0.25,8.12,PAYPAL,PENDING,"October 27, 2023"
12645,01/24/2023,CUST1522,hannah everett,hannah.everett99@yahoo.com,West,USA,Home & Kitchen,LED Desk Lamp,6,103.13,15%,12.94,PAYPAL,cancelled,15-07-2023
ORD-11702,"June 01, 2024",CUST1056,Timothy Duncan,timothy.duncan17@outlook.com,WEST,canada,toys,Building Blocks Set,2,68.01,15%,8.26,gift card,DELIVERED,11/27/21
11294,20-08-2024,CUST1391,Laura Mckinney,laura.mckinney73@yahoo.com,east,USA,ELECTRONICS,Bluetooth Speaker,1,175.11,0,21.19,debit card,Canceled,"October 20, 2023"
ORD-11309,23-Jan-2023,CUST1654,Robert Dennis,robert.dennis11@hotmail.com, West ,Canada,sports & outdoors,Camping Tent,3,,0,12.48,GiftCard,Returned,"June 29, 2023"
ORD-10635,2022-05-02,CUST1035,Jeffrey Chavez,jeffrey.chavez44@gmail.com,south,canada,Clothing,Wool Sweater,2,20.2,,13.34,Credit Card,RETURNED,05/25/2022
11837,10-05-2023,CUST1835,Timothy Hill,timothy.hill94@hotmail.com,central,United States,electronics,Bluetooth Speaker,3,206.7,0,24.85,Credit_Card,Cancelled,"July 18, 2022"
12554,11-08-2023,CUST1250,Isaiah Avila,isaiah.avila5@outlook.com,Central,US,beauty,Shampoo Set,1,41.73,0.25,9.81,Gift Card,Shipped,06/19/2024
ORD-11099,02/15/24,CUST1835,Timothy Hill,timothy.hill94@hotmail.com,CENTRAL,United States,sports & outdoors,Hiking Backpack,6,91.98,0.25,18.33,GiftCard,pending,"July 18, 2022"
12145,06-04-2023,CUST1489,Lance Simmons,lance.simmons15@yahoo.com,central,Canada,apparel,Denim Jacket,5,23.35,0.05,6.07,PayPal,delivered,10/21/23
ORD-11110,"April 17, 2023",CUST1388,Sandra Drake,sandra.at.gmail.com,SOUTH,USA,home & kitchen,Air Fryer,3,115.08,20%,23.63,PayPal,PENDING,20-08-2023
ORD-10008,04/01/2023,CUST1323,Brandy Chavez,brandy.chavez20@yahoo.com,East,United States,electronics,Laptop Stand,5,90.13,0,9.68,CC,Returned,"November 03, 2022"
ORD-12879,06/26/24,CUST1583,Denise Martinez,denise.martinez98@gmail.com,NORTH,USA,Beuty,Shampoo Set,3,8.7,0.25,10.06,paypal,DELIVERED,"August 05, 2021"
11419,09-04-2023,CUST1520,Amy Martinez,amy.at.gmail.com,Central,Canada,ELECTRONICS,Laptop Stand,3,240.43,0,,debit card,CANCELLED,02/20/2022
ORD-13018,13-Nov-2024,CUST1783,Dennis Huffman,dennis.huffman79@outlook.com, West ,US,Sports and Outdoors,Yoga Mat,4,27.47,0,18.3,Credit_Card,PENDING,01/20/2023
ORD-11766,2024-06-09,CUST1444,Mrs. Diane Reyes,,west,canada,Electronic,Smartwatch,2,-132.55,10%,21.37,Credit_Card,SHIPPED,06/11/2024
ORD-12923,12/30/24,CUST1199,Nathan Freeman,nathan.freeman52@hotmail.com, West ,Canada,sports & outdoors,Yoga Mat,5,$59.20,0.05,13.41,PayPal,Returned,10-Aug-2021
ORD-11237,N/A,CUST1442,Robert Harrison,robert.harrison21@outlook.com, West ,United States,Sports & Outdoors,Yoga Mat,4,33.59,0,14.5,PAYPAL,Deliverd,21-Feb-2024
12495,10/13/23,CUST1133,Daniel Kennedy,daniel.kennedy35@yahoo.com,south,USA,sports & outdoors,Camping Tent,4,89.89,0.1,19.15,Debit Card,Returned,2021-05-27
12122,24-Oct-2024,CUST1546,Johnny Khan,,East,canada,Electronics,Bluetooth Speaker,5,44.01,0.2,13.11,Debit,Cancelled,2023-09-06
11938,N/A,CUST1441,Joann Ferguson,joann.ferguson44@gmail.com,Sth,canada,toys,Action Figure,1,41.36,0.05,3.58,credit card,Pending,12/03/21
ORD-11471,2024-02-05,CUST1780,Christine Goodwin,christine.goodwin51@yahoo.com,Central,US,Beuty,Lipstick,2,13.53,0.25,10.67,debit card,Shipped,2023-07-26
ORD-12658,03/29/23,CUST1568,Lisa Randall,lisa.randall62@yahoo.com,South,United States,Beuty,Shampoo Set,5,27.29,0.05,19.05,debit card,Deliverd,2021-07-18
12034,11/06/24,CUST1067,Carol Tucker,carol.tucker34@gmail.com,West,USA,Appare,Cotton T-Shirt,2,67.12,0,,Gift Card,cancelled,"August 11, 2021"
ORD-10437,10-04-2023,CUST1410,Angela Lin,angela.lin44@hotmail.com,East,US,Appare,Baseball Cap,2,41.56,,13.74,PAYPAL,shipped,2022-10-31
ORD-11416,"December 25, 2024",CUST1755,Rachel Jones,rachel.jones44@gmail.com, North,Canada,Apparel,Running Shoes,6,37.87,10%,4.17,paypal,shipped,26-Nov-2021
12094,"March 09, 2023",CUST1113,Crystal Johnson,crystal.johnson72@yahoo.com,WEST,US,TOYS,Building Blocks Set,5,63.99,25%,15.85,debit card,Returned,09/03/23
12091,04/24/23,CUST1224,Matthew Moore,matthew.moore95@gmail.com,WEST,Canada,Beuty,Face Moisturizer,6,-52.17,0.05,10.28,Debit,CANCELLED,2023-06-13
ORD-10920,08/22/2023,CUST1835,Timothy Hill,timothy.hill94@hotmail.com,Centrl,United States,Toys,Building Blocks Set,6,50.35,5%,5.99,Pay Pal,shipped,"July 18, 2022"
10199,14-Dec-2023,CUST1155,  MICHELLE BROWN  ,michelle.brown53@gmail.com,WEST,Mexico,TOYS,Board Game,5,19.18,10%,14.72,PAYPAL,Delivered,10/14/22
13138,03/26/2024,CUST1438,Rhonda Martin,rhonda.martin11@gmail.com,East,USA,toys,Puzzle 1000pc,2,12.17,0,22.03,CREDIT CARD,Deliverd,18-10-2021
ORD-13004,10/18/2023,CUST1421,  MARIA JONES  ,maria.jones10@outlook.com, West ,canada,Beuty,Hair Dryer,4,53.52,0.05,23.31,Debit,Shipped,05/31/2022
ORD-11085,07/01/2023,CUST1056,Timothy Duncan,timothy.duncan17@outlook.com,WEST,canada,TOYS,Board Game,5,$53.19,0,4.22,GiftCard,SHIPPED,11/27/21
ORD-10421,10/10/2023,CUST1234,Michael Lyons,michael.at.gmail.com,EAST,USA,BEAUTY,Sunscreen SPF50,1,56.78,5%,9.05,debit card,CANCELLED,06/25/23
10874,04-03-2024,CUST1693,Jonathan Brooks,jonathan.brooks6@outlook.com,East,canada,apparel,Denim Jacket,5,53.28,0,,Pay Pal,returned,08/27/2024
ORD-10318,05/26/24,CUST1849,Brittany Jenkins,brittany.jenkins69@hotmail.com,Centrl,Mexico,beauty,Sunscreen SPF50,1,56.58,0.05,23.25,PAYPAL,PENDING,01/24/2022
ORD-11856,2024-02-05,CUST1627,Laura Hernandez,laura.hernandez94@yahoo.com,north,canada,Clothing,Cotton T-Shirt,6,53.34,0,24.29,debit card,Shipped,03/09/22
11350,2024-09-04,CUST1100,Sandra Aguilar,sandra.aguilar60@outlook.com,Central,canada,sports & outdoors,Yoga Mat,3,$66.84,0.05,18.57,debit card,pending,01/26/2023
12003,2024-01-27,CUST1376,Glen Wood,glen.wood76@yahoo.com, West ,canada,home & kitchen,Throw Blanket,2,61.3,,21.63,paypal,Canceled,07/06/24
ORD-11369,03/05/2024,CUST1162,Lindsey Walker,lindsey.walker88@outlook.com,Nort,US,Home&Kitchen,Coffee Maker,2,121.68,20%,,Gift Card,SHIPPED,04/11/22
ORD-11781,2022-06-18,CUST1728,Aaron Parker,aaron.parker82@outlook.com,CENTRAL,canada,toys,Action Figure,1,21.1,0.05,19.68,Debit,Pending,"June 24, 2022"
ORD-10052,unknown,CUST1682,Dean Donovan,dean.donovan10@yahoo.com,CENTRAL,Canada,Home&Kitchen,LED Desk Lamp,4,88.3,25%,3.59,PAYPAL,shipped,12/22/21
ORD-12624,07-06-2024,CUST1057,Richard Aguirre,richard.aguirre72@gmail.com,South,canada,Appare,Denim Jacket,4,72.48,0,15.15,Debit Card,pending,2021-08-18
ORD-13016,N/A,CUST1465,Jeffrey Mendez,jeffrey.mendez66@gmail.com,North,USA,Appare,Wool Sweater,5,62.38,0.15,1.72,Gift Card,Cancelled,05-Oct-2021
10931,12/04/24,CUST1657,Connie Turner,connie.turner66@yahoo.com, West ,USA,Beauty,Sunscreen SPF50,6,50.76,0.2,3.93,PayPal,Returned,09/02/24
ORD-12695,2024-11-21,CUST1539,David Davis,david.davis36@gmail.com,EAST,canada,Electronics,Smartwatch,5,41.03,,17.51,credit card,Cancelled,"August 25, 2023"
ORD-11204,16-Oct-2024,CUST1223,Theresa Clark,theresa.clark69@yahoo.com,East,Canada,Home and Kitchen,Air Fryer,-2,164.87,0.2,1.9,PAYPAL,Pending,"October 22, 2023"
ORD-12020,unknown,CUST1224,Matthew Moore,matthew.moore95@gmail.com,WEST,Canada,TOYS,Puzzle 1000pc,6,,0.15,22.03,CC,returned,2023-06-13
ORD-13022,08-Dec-2023,CUST1068,James Brown,james.brown41@hotmail.com, North,US,Electronis,Bluetooth Speaker,5,232.48,0.05,21.32,Pay Pal,SHIPPED,"May 26, 2024"
ORD-10659,2023-09-27,CUST1187,samantha garcia,samantha.garcia63@hotmail.com,east,United States,BEAUTY,Face Moisturizer,3,44.71,0.15,9.98,Debit Card,SHIPPED,2022-07-27
ORD-11701,27-Jun-2024,CUST1110,Richard Rodriguez,,West,United States,home & kitchen,LED Desk Lamp,6,,0.05,13.1,Gift Card,pending,10/28/2022
ORD-12748,03/29/2024,CUST1704,Shannon Malone,shannon.malone29@yahoo.com,Est,Mexico,electronics,Webcam,2,$230.13,0.2,3.25,CC,Pending,"March 12, 2023"
ORD-12619,11/13/24,CUST1221,Jeremy Dalton,,south,USA,Beuty,Hair Dryer,3,50.45,0,22.2,Gift Card,returned,09/10/2022
ORD-10980,27-02-2023,CUST1800,Jim Newton,jim.newton9@hotmail.com, North,US,Appare,Wool Sweater,6,48.83,0.1,2.62,CC,CANCELLED,2024-01-29
12799,06/10/2023,CUST1653,Amy Gordon,,west,US,Appare,Wool Sweater,2,51.0,0,1.99,CC,Pending,"April 02, 2022"
12356,2024-01-28,CUST1210,Christopher Smith,christopher.smith65@yahoo.com,West,United States,Home and Kitchen,LED Desk Lamp,3,$16.70,0.05,16.78,GiftCard,Pending,11/13/21
ORD-11889,24-08-2023,CUST1437,  CHRISTOPHER GUERRA  ,christopher.guerra76@yahoo.com,West,Canada,Electronis,Smartwatch,5,104.59,0,22.9,Debit Card,PENDING,2022-12-08
10110,05/15/2024,CUST1129,Megan Orr,megan.orr21@yahoo.com,Nort,United States,electronics,Laptop Stand,5,109.27,0.2,14.53,credit card,cancelled,"December 22, 2021"
ORD-10068,07-Mar-2023,CUST1085,Daniel Baker,daniel.baker32@outlook.com,South,USA,Sports and Outdoors,Camping Tent,3,83.07,0,19.33,Pay Pal,SHIPPED,04-Dec-2023
11460,10-Feb-2024,CUST1568,Lisa Randall,lisa.randall62@yahoo.com,SOUTH,United States,Electronic,Bluetooth Speaker,five,79.5,5%,17.88,debit card,Shipped,2021-07-18
ORD-12373,25-01-2024,CUST1118,Victor Baker,victor.baker98@yahoo.com,West,USA,Sports and Outdoors,Yoga Mat,4,,0,21.52,Debit Card,Cancelled,01/28/2022
ORD-10581,"January 01, 2023",CUST1600,Casey Gillespie,casey.gillespie29@outlook.com,East,US,Sports,Water Bottle,2,16.24,0,22.6,paypal,Shipped,30-05-2024
11564,08/20/2023,CUST1804,Kimberly Fritz,kimberly.fritz60@outlook.com,SOUTH,Mexico,Home & Kitchen,Air Fryer,5,98.72,0,15.51,Debit,Deliverd,29-Jan-2024
ORD-11317,19-Jul-2023,CUST1635,Zachary Michael,zachary.michael21@gmail.com,SOUTH,Mexico,home & kitchen,Non-stick Pan Set,6,111.73,0,20.21,Credit Card,pending,28-Jan-2024
ORD-12434,07/16/2024,CUST1663,Samuel Turner,samuel.turner51@yahoo.com,Est,Canada,Appare,Baseball Cap,3,23.88,0.2,4.98,debit card,Deliverd,07/26/2023
ORD-11398,2024-08-05,CUST1182,angela vaughn,angela.vaughn14@yahoo.com,CENTRAL,canada,Electronis,USB-C Cable,6,183.61,0,3.27,PAYPAL,returned,2023-08-24
ORD-11305,2023-09-24,CUST1682,Dean Donovan,dean.donovan10@yahoo.com,central,Canada,Beuty,Hair Dryer,4,50.89,0,10.58,Gift Card,shipped,12/22/21
ORD-10436,11/22/23,CUST1268,  CYNTHIA ROWE  ,cynthia.rowe9@gmail.com,NORTH,Mexico,Home & Kitchen,LED Desk Lamp,5,92.56,0,18.83,CC,SHIPPED,11-Mar-2023
10682,2023-01-18,CUST1246,Krista Gibson,krista.gibson83@outlook.com,CENTRAL,Canada,TOYS,RC Car,6,55.18,20%,7.2,Debit,delivered,09/19/21
10593,12-Apr-2023,CUST1445,Tracy Montoya,tracy.montoya1@yahoo.com,NORTH,canada,electronics,USB-C Cable,1,61.1,0.15,4.5,CREDIT CARD,Pending,26-02-2022
11864,11/05/2023,CUST1028,Zachary Hicks,zachary.hicks86@outlook.com, West ,Canada,Apparel,Cotton T-Shirt,4,71.01,0.25,2.19,gift card,shipped,"June 17, 2023"
ORD-12294,2023-09-27,CUST1748,Jenna Wilson,jenna.wilson91@gmail.com,north,canada,Clothing,Running Shoes,5,73.6,0.2,10.71,PayPal,SHIPPED,"March 29, 2024"
ORD-11546,N/A,CUST1005,Connie Lawrence,connie.lawrence98@outlook.com, West ,Canada,Home&Kitchen,LED Desk Lamp,1,154.93,0.1,19.56,Debit,Returned,2021-07-29
ORD-11414,24-Sep-2024,CUST1412,Julian Conner,julian.conner99@outlook.com,North,Canada,apparel,Wool Sweater,2,35.76,0.15,24.77,Credit Card,Shipped,05/20/22
ORD-10365,05/17/2023,CUST1047,Shane Henderson,shane.henderson34@yahoo.com,East,US,toys,Building Blocks Set,3,52.91,25%,11.09,Debit,cancelled,10/06/2022
ORD-11379,11-Apr-2024,CUST1291,  STEPHANIE BYRD  ,stephanie.byrd9@outlook.com,SOUTH,USA,beauty,Shampoo Set,3,17.0,5%,0.75,Pay Pal,RETURNED,09/07/2022
11927,05/31/24,CUST1491,Heather Bolton,heather.bolton70@yahoo.com,north,canada,apparel,Wool Sweater,5,88.01,0,1.15,gift card,SHIPPED,2023-08-23
11861,2024-03-06,CUST1295,John Young,john.young53@gmail.com,Nort,US,ELECTRONICS,Wireless Earbuds,5,168.4,0.05,12.26,paypal,Cancelled,14-09-2021
12537,02/05/24,CUST1010,Monica Herrera,monica.herrera21@outlook.com,Est,Mexico,Electronics,Laptop Stand,5,233.54,,9.63,Debit,pending,12/29/2022
ORD-10686,10/16/23,CUST1821,Mark Beard,mark.at.gmail.com,SOUTH,USA,apparel,Running Shoes,2,71.34,0,13.36,PAYPAL,RETURNED,08/21/2023
ORD-11472,2023-09-24,CUST1485,Jonathan Glass MD,jonathan.md76@hotmail.com,Est,United States,Electronic,Smartwatch,4,46.33,0.2,4.52,Debit,pending,21-Dec-2022
ORD-11478,"October 29, 2024",CUST1185,Dr. Hannah Patterson,dr..patterson15@gmail.com,Sth,US,Electronis,USB-C Cable,6,41.16,0.1,1.38,CC,Canceled,"April 26, 2022"
12072,13-Apr-2023,CUST1336,Daniel Kane,daniel.kane93@outlook.com,CENTRAL,Mexico,Home & Kitchen,Throw Blanket,6,78.04,0.2,19.98,credit card,Pending,2022-08-13
ORD-13040,08-Feb-2023,CUST1198,Adam Vaughan,adam.vaughan85@outlook.com,NORTH,Canada,beauty,Hair Dryer,3,14.95,0.15,7.9,CC,CANCELLED,07/28/23
ORD-11817,2024-02-11,CUST1488,Bobby Guerrero,bobby.guerrero25@hotmail.com,NORTH,United States,TOYS,Action Figure,2,25.58,0.15,24.35,CREDIT CARD,pending,08/29/22
ORD-11623,"July 20, 2023",CUST1207,Cathy Robinson,cathy.robinson48@yahoo.com,central,canada,Beuty,Hair Dryer,5,-29.61,0.15,3.55,PayPal,PENDING,2024-02-14
ORD-12675,"April 26, 2023",CUST1081,Mike Allen,mike.allen97@gmail.com,Sth,Mexico,BEAUTY,Face Moisturizer,5,46.86,0.25,13.35,Debit,DELIVERED,05/21/2023
ORD-13121,19-Mar-2024,CUST1801,Krista Wilson,krista.wilson11@gmail.com,south,Canada,Appare,Denim Jacket,2,68.15,0,3.67,debit card,SHIPPED,"June 22, 2022"
ORD-10891,2023-01-05,CUST1301,Heather Fields,heather.at.gmail.com,central,canada,toys,Board Game,1,51.11,,22.4,Credit Card,Canceled,08/05/2024
10374,2023-05-19,CUST1665,Tracy Grant,tracy.grant64@gmail.com,north,canada,apparel,Cotton T-Shirt,3,58.55,10%,,Gift Card,cancelled,12/23/23
ORD-11561,10/27/23,CUST1496,Austin Osborne,austin.osborne51@gmail.com, West ,Mexico,Home&Kitchen,Non-stick Pan Set,5,115.71,0,2.45,GiftCard,SHIPPED,09/28/22
10914,29-12-2024,CUST1280,Amanda Jones,amanda.jones92@hotmail.com,West,USA,Apparel,Wool Sweater,3,46.59,0,18.73,Pay Pal,DELIVERED,12/08/21
11970,"April 29, 2024",CUST1056,Timothy Duncan,timothy.duncan17@outlook.com,West,canada,Clothing,Wool Sweater,6,15.61,,3.82,Debit,SHIPPED,11/27/21
10928,21-08-2023,CUST1794,Jerry Brown,jerry.brown58@gmail.com,east,US,toys,Puzzle 1000pc,5,20.41,0,8.95,debit card,PENDING,"February 20, 2023"
ORD-10445,07/31/2023,CUST1448,Ryan Rosales,ryan.rosales51@gmail.com,west,canada,Sports and Outdoors,Yoga Mat,1,105.91,0,15.17,Gift Card,DELIVERED,14-12-2022
ORD-12571,04/12/2024,CUST1821,Mark Beard,mark.at.gmail.com,SOUTH,USA,BEAUTY,Shampoo Set,6,54.64,0,3.82,CC,returned,08/21/2023
ORD-11174,2023-05-03,CUST1381,Paul Wilson,paul.wilson11@hotmail.com,CENTRAL,Mexico,TOYS,Board Game,3,32.71,0,23.21,GiftCard,Canceled,2023-01-30
ORD-11443,05/03/2024,CUST1520,Amy Martinez,amy.at.gmail.com,central,Canada,Electronics,USB-C Cable,4,21.03,0,18.83,Debit,Shipped,02/20/2022
ORD-13073,"May 30, 2023",CUST1637,  RANDY CANNON  ,randy.cannon86@hotmail.com,Central,Canada,Electronic,USB-C Cable,6,140.79,20%,23.79,Gift Card,PENDING,2021-11-02
13023,2024-06-13,CUST1534,Anthony Gonzales,anthony.gonzales32@outlook.com,Centrl,US,Sports and Outdoors,Hiking Backpack,-3,68.51,0,18.41,Gift Card,delivered,19-Oct-2023
ORD-11319,2023-04-26,CUST1388,Sandra Drake,sandra.at.gmail.com,south,USA,Sports,Water Bottle,4,,0,3.13,paypal,SHIPPED,20-08-2023
10344,09/09/2023,CUST1474,Robin Thompson,robin.at.gmail.com,NORTH,United States,Home & Kitchen,Non-stick Pan Set,4,$122.82,0.2,8.29,paypal,Delivered,2023-07-31
10986,28-12-2023,CUST1344,kayla rodriguez,kayla.rodriguez8@gmail.com,SOUTH,canada,Sports and Outdoors,Yoga Mat,6,40.06,0.2,14.01,PayPal,RETURNED,"August 28, 2024"
ORD-11815,24-Mar-2023,CUST1107,Sierra Johnson,sierra.johnson23@outlook.com,West,US,ELECTRONICS,Webcam,4,-209.5,0,13.19,gift card,RETURNED,"June 15, 2024"
ORD-11873,"November 17, 2023",CUST1656,Eric Thomas,eric.thomas5@gmail.com,CENTRAL,Mexico,Beauty,Hair Dryer,,31.01,0.25,21.74,debit card,Delivered,"July 06, 2021"
ORD-11301,10/11/2024,CUST1552,Diana Hays,diana.hays94@outlook.com,north,Mexico,ELECTRONICS,Webcam,5,26.8,0.1,13.28,credit card,PENDING,09/18/2021
ORD-10816,02/22/2023,CUST1584,Jamie Baird,jamie.baird45@hotmail.com, West ,canada,BEAUTY,Lipstick,2,36.51,0.1,17.68,Credit_Card,Delivered,25-Jun-2022
12859,"July 14, 2024",CUST1457,Brenda Thornton,brenda.thornton29@outlook.com,south,canada,Beuty,Sunscreen SPF50,6,33.29,0,8.88,paypal,DELIVERED,08-03-2021
10870,10/14/24,CUST1625,Michael Miller,michael.miller67@outlook.com,Sth,USA,Beuty,Lipstick,5,,15%,5.45,PayPal,PENDING,06/08/23
ORD-10699,2023-07-25,CUST1802,Reginald Morrow,reginald.morrow50@outlook.com,east,US,Electronics,Webcam,2,175.45,0.2,16.89,Gift Card,Shipped,04/15/2022
ORD-10993,17-06-2024,CUST1423,Mary Escobar,mary.escobar80@hotmail.com,EAST,US,home & kitchen,LED Desk Lamp,3,161.76,20%,0.05,Pay Pal,delivered,06-Nov-2022
10843,21-09-2024,CUST1234,Michael Lyons,michael.at.gmail.com,Est,USA,Home & Kitchen,Air Fryer,6,42.69,0,9.91,Credit Card,Delivered,06/25/23
ORD-11181,"August 11, 2024",CUST1646,Gregory Hill,gregory.hill46@gmail.com,west,Canada,Beuty,Lipstick,3,12.93,0.1,0.57,debit card,shipped,25-Sep-2021
12602,2024-12-28,CUST1685,Mr. Michael Scott PhD,mr..phd42@gmail.com,east,US,toys,Action Figure,1,36.42,0,10.75,CREDIT CARD,returned,"July 04, 2024"
10697,03/16/2023,CUST1701,James Watson,james.watson1@gmail.com,NORTH,USA,electronics,Bluetooth Speaker,6,201.11,0,12.32,Gift Card,Returned,2024-04-14
ORD-12238,-,CUST1358,christian leblanc,christian.leblanc98@yahoo.com,Central,US,Apparel,Cotton T-Shirt,6,79.95,0.05,9.63,CC,Deliverd,2024-05-05
ORD-10572,"November 18, 2024",CUST1385,Chad Scott,chad.scott25@gmail.com,Centrl,Mexico,electronics,Smartwatch,2,$200.96,0,11.52,CC,Pending,09/08/2023
ORD-11805,05/11/24,CUST1654,Robert Dennis,robert.dennis11@hotmail.com,west,Canada,Appare,Cotton T-Shirt,6,17.08,0,8.75,Pay Pal,Pending,"June 29, 2023"
ORD-11129,07/25/23,CUST1527,Michelle Jacobs,michelle.jacobs8@yahoo.com,west,USA,TOYS,Building Blocks Set,2,54.02,0.1,11.21,PAYPAL,Pending,09/25/2021
10070,"May 05, 2023",CUST1717,Brenda Hinton,brenda.hinton11@outlook.com,Sth,USA,Electronis,Smartwatch,3,89.2,0.2,6.85,Credit_Card,PENDING,"October 14, 2021"
10495,08/02/24,CUST1451,Courtney Hayes,courtney.hayes66@hotmail.com,Sth,canada,Appare,Denim Jacket,4,39.68,0,24.69,Pay Pal,SHIPPED,"May 07, 2023"
12269,23-Jan-2023,CUST1495,Lawrence Harrington,lawrence.harrington11@outlook.com,SOUTH,United States,apparel,Wool Sweater,6,,0.1,10.16,Debit Card,SHIPPED,"June 11, 2021"
ORD-11690,09/04/2023,CUST1707,  MR. RICHARD KNIGHT PHD  ,mr..phd95@outlook.com,central,United States,ELECTRONICS,Wireless Earbuds,6,84.53,0.05,1.06,PAYPAL,RETURNED,10-Mar-2022
11064,05-Mar-2024,CUST1523,Sarah King,sarah.king12@yahoo.com,CENTRAL,Canada,TOYS,Building Blocks Set,2,33.9,0.2,18.46,PAYPAL,pending,09/16/22
10875,-,CUST1340,Allison Smith,allison.smith95@yahoo.com,Centrl,United States,BEAUTY,Shampoo Set,4,$36.71,10%,9.43,debit card,Shipped,2022-05-12
ORD-12697,11/11/2023,CUST1251,Olivia Harris,olivia.harris24@yahoo.com,WEST,USA,sports & outdoors,Camping Tent,2,91.75,0.05,3.84,GiftCard,DELIVERED,2023-06-16
10916,26-Aug-2023,CUST1518,Penny Bowman,penny.bowman17@yahoo.com,East,US,Appare,Running Shoes,1,35.18,0,15.02,GiftCard,cancelled,21-08-2022
12203,03-04-2023,CUST1367,Holly Farmer,holly.farmer88@yahoo.com,north,United States,Sports,Yoga Mat,3,138.44,25%,,CREDIT CARD,SHIPPED,31-08-2024
10575,2024-12-11,CUST1621,Lisa Perry,,Est,Canada,beauty,Shampoo Set,5,5.33,25%,2.1,PAYPAL,pending,12/30/2023
ORD-13077,30-01-2023,CUST1837,Carol Sanders,carol.sanders59@gmail.com, West ,Mexico,home & kitchen,Non-stick Pan Set,5,44.35,0,17.83,Debit,returned,"July 30, 2024"
11975,2024-07-30,CUST1543,Kathleen Robertson,kathleen.robertson76@gmail.com,CENTRAL,United States,Home & Kitchen,Throw Blanket,1,56.34,10%,4.34,Debit,returned,"December 22, 2022"
12738,01/20/2023,CUST1034,Debra Davidson,debra.davidson60@gmail.com,North,Canada,Clothing,Denim Jacket,5,70.31,0.1,23.8,credit card,Delivered,08/31/24
ORD-12490,2023-10-06,CUST1174,Nicole Herring,nicole.herring30@outlook.com,SOUTH,canada,sports & outdoors,Camping Tent,4,30.98,0.2,19.07,CREDIT CARD,delivered,03/25/22
ORD-12553,08/24/24,CUST1608,Rachel Bradley,rachel.bradley95@gmail.com,CENTRAL,United States,Apparel,Running Shoes,2,27.78,0.25,24.49,Gift Card,Deliverd,04/09/24
12946,N/A,CUST1266,Kimberly Gibson,kimberly.gibson74@yahoo.com, West ,Canada,Beauty,Shampoo Set,6,34.39,0.1,9.25,GiftCard,Returned,22-10-2021
12679,09/12/2024,CUST1737,arthur hamilton md,arthur.md77@gmail.com,NORTH,United States,Beuty,Shampoo Set,3,27.97,0,5.41,CREDIT CARD,Delivered,17-09-2024
10508,07/19/23,CUST1661,Emma Butler,emma.butler14@gmail.com,south,Mexico,Appare,Running Shoes,3,$80.18,10%,,PAYPAL,SHIPPED,03-Dec-2021
ORD-10112,10/11/2023,CUST1513,Robert Arnold,robert.arnold45@gmail.com,West,Mexico,beauty,Lipstick,2,42.59,0.25,0.21,Pay Pal,returned,2022-11-18
ORD-10382,24-08-2024,CUST1363,  NICOLE PARRISH  ,nicole.parrish40@gmail.com,north,Mexico,Apparel,Cotton T-Shirt,2,57.99,0,12.31,debit card,Returned,22-03-2023
11100,08/20/2023,CUST1484,Jasmine Beltran,jasmine.beltran53@hotmail.com, North,United States,toys,Building Blocks Set,1,24.23,0.15,24.62,debit card,CANCELLED,2022-03-21
ORD-12794,16-10-2024,CUST1183,Ashley Barton,ashley.barton79@yahoo.com,west,Mexico,Sports and Outdoors,Hiking Backpack,-1,75.11,20%,4.25,CREDIT CARD,pending,2024-08-19
12745,2024-07-02,CUST1081,Mike Allen,mike.allen97@gmail.com,SOUTH,Mexico,Clothing,Cotton T-Shirt,5,21.22,0.15,4.03,PayPal,Cancelled,05/21/2023
ORD-12911,06/20/24,CUST1603,Keith Rodriguez,keith.rodriguez48@outlook.com,Nort,US,Sports,Yoga Mat,N/A,91.99,,2.51,Credit Card,shipped,09/04/22
12747,09/09/24,CUST1104,Richard Henson,richard.henson39@gmail.com,Est,canada,Beuty,Hair Dryer,6,50.45,20%,3.17,PAYPAL,CANCELLED,2024-03-05
11836,09-Apr-2023,CUST1383,Mr. Andrew Foster,,Centrl,Mexico,Beauty,Lipstick,1,35.35,0.2,18.36,Debit,cancelled,05/30/2021
11751,05/27/24,CUST1240,Andrew Avila,andrew.avila6@yahoo.com,CENTRAL,canada,Beauty,Face Moisturizer,2,42.93,0.2,16.51,Gift Card,returned,16-Jun-2023
12387,"January 30, 2023",CUST1026,Justin Baker,justin.baker69@yahoo.com,West,canada,home & kitchen,Non-stick Pan Set,1,120.35,0,13.84,paypal,shipped,09/20/21
11912,12/31/24,CUST1160,Paul Castaneda,paul.at.gmail.com,Central,US,apparel,Denim Jacket,3,10.43,0.1,6.31,PayPal,RETURNED,11/04/22
ORD-10233,04/29/24,CUST1622,  KAITLIN MEDINA  ,kaitlin.medina97@yahoo.com,North,Mexico,Electronic,Wireless Earbuds,1,,0.05,21.45,paypal,SHIPPED,02/06/21
ORD-11286,20-Jul-2023,CUST1372,Ellen Morgan,ellen.morgan58@gmail.com,NORTH,US,Toys,Action Figure,6,58.12,0.2,21.18,Credit Card,cancelled,05/17/22
ORD-11453,10/20/2024,CUST1810,Carol Taylor,carol.taylor38@yahoo.com,EAST,United States,Toys,Puzzle 1000pc,3,47.43,0,16.12,Gift Card,SHIPPED,"January 15, 2021"
ORD-12278,2023-11-13,CUST1591,Kiara Little,kiara.little8@yahoo.com,CENTRAL,US,Sports & Outdoors,Camping Tent,2,$128.54,0.2,8.96,PAYPAL,PENDING,15-05-2021
ORD-11102,02-10-2024,CUST1567,Lauren Jackson,lauren.jackson47@gmail.com,EAST,Mexico,electronics,Laptop Stand,4,45.59,,24.77,debit card,PENDING,2023-05-26
11672,07/17/2024,CUST1629,Kevin Davis,kevin.davis69@gmail.com,North,Mexico,Clothing,Wool Sweater,1,55.33,20%,24.37,credit card,shipped,2024-05-01
12883,24-11-2024,CUST1711,Stephanie Elliott,stephanie.elliott46@yahoo.com,Nort,USA,apparel,Cotton T-Shirt,2,54.61,0,23.69,GiftCard,Pending,09/04/2024
10543,01/24/2023,CUST1524,Krista Martinez,krista.martinez42@yahoo.com,SOUTH,USA,Home and Kitchen,Air Fryer,-3,154.82,5%,6.99,Credit Card,PENDING,07/06/21
11148,29-03-2023,CUST1542,Kenneth Edwards,kenneth.edwards23@yahoo.com,east,Mexico,Home&Kitchen,Coffee Maker,5,$41.15,0.25,13.67,gift card,Pending,"April 30, 2022"
ORD-10478,27-07-2024,CUST1699,Brent Hernandez,brent.at.gmail.com,WEST,US,Sports and Outdoors,Water Bottle,-3,44.37,0,21.21,gift card,DELIVERED,12-04-2022
10676,2023-03-23,CUST1073,Lauren Daniels,lauren.daniels54@hotmail.com,Central,USA,Toy,Building Blocks Set,-3,25.61,0.1,10.27,GiftCard,CANCELLED,"December 23, 2021"
10195,21-09-2024,CUST1785,Laurie Bailey,laurie.bailey17@yahoo.com,EAST,United States,Appare,Cotton T-Shirt,1,4141.27,0,2.68,CREDIT CARD,shipped,07/24/21
11676,07/06/2023,CUST1007,Gina Moore,gina.moore49@gmail.com,Centrl,USA,Home & Kitchen,Non-stick Pan Set,1,98.98,0,24.34,PayPal,SHIPPED,05-02-2024
11039,"August 02, 2024",CUST1385,Chad Scott,chad.scott25@gmail.com,CENTRAL,Mexico,Beauty,Shampoo Set,5,59.04,25%,6.53,debit card,Pending,09/08/2023
ORD-10720,"October 21, 2024",CUST1153,Devon Flores,devon.flores62@outlook.com,Centrl,US,Home and Kitchen,LED Desk Lamp,2,124.16,0,14.02,Gift Card,Delivered,"November 12, 2022"
ORD-10023,12/07/24,CUST1721,Raymond Johnson,raymond.johnson47@hotmail.com,EAST,United States,Apparel,Wool Sweater,4,17.43,0.1,15.42,PAYPAL,Canceled,"April 03, 2022"
ORD-12722,05/06/24,CUST1667,Tammy Boone,tammy.boone17@gmail.com,Centrl,canada,Home and Kitchen,LED Desk Lamp,5,32.22,0.1,10.87,Pay Pal,cancelled,03/05/23
ORD-11897,21-Oct-2024,CUST1026,Justin Baker,justin.baker69@yahoo.com,West,canada,Home and Kitchen,LED Desk Lamp,3,133.62,0.25,23.8,Debit,PENDING,09/20/21
ORD-12167,2024-08-07,CUST1498,Meghan Rush,meghan.rush78@gmail.com,South,Canada,Sports & Outdoors,Hiking Backpack,6,129.81,0,14.61,Gift Card,returned,09/26/22
ORD-11990,10/22/23,CUST1017,Derek Zuniga,derek.zuniga18@hotmail.com,Nort,United States,Electronis,Webcam,1,129.68,,5.77,GiftCard,pending,2021-07-06
12625,27-04-2023,CUST1442,Robert Harrison,robert.harrison21@outlook.com,WEST,United States,TOYS,Puzzle 1000pc,3,41.88,0,17.66,debit card,Cancelled,21-Feb-2024
ORD-10755,12/01/2023,CUST1619,Elizabeth Mendez,elizabeth.mendez27@yahoo.com, West ,Canada,sports & outdoors,Yoga Mat,3,38.2,20%,6.87,PAYPAL,PENDING,03/26/2024
ORD-10969,05/19/24,CUST1391,Laura Mckinney,laura.mckinney73@yahoo.com,EAST,USA,Beuty,Lipstick,4,39.05,0,20.23,debit card,pending,"October 20, 2023"
ORD-11104,24-05-2023,CUST1078,Steve Sanchez,steve.sanchez19@gmail.com,west,canada,Toy,Action Figure,1,10.94,0.05,18.41,Gift Card,Deliverd,04/05/2021
11723,"September 04, 2024",CUST1479,Kaylee Hays,kaylee.hays10@yahoo.com,Centrl,Mexico,Toys,Puzzle 1000pc,1,3182.18,0.25,14.43,Credit Card,pending,04/30/2024
ORD-12106,13-09-2024,CUST1768,Jason Nixon,jason.nixon97@outlook.com,west,canada,Sports and Outdoors,Resistance Bands,3,106.35,0.05,3.98,PayPal,RETURNED,07/29/23
12488,02-02-2024,CUST1307,Carlos Ryan,,WEST,US,TOYS,Puzzle 1000pc,2,17.65,0.15,14.48,Gift Card,delivered,20-Jun-2023
10075,2024-07-26,CUST1687,Robert Jackson,robert.jackson24@gmail.com, West ,canada,Home&Kitchen,Coffee Maker,3,86.43,0.15,6.58,Pay Pal,Pending,11/01/2023
ORD-10497,06/25/2023,CUST1692,Crystal Mann,crystal.mann37@gmail.com,Centrl,canada,Clothing,Denim Jacket,2,63.52,0.25,1.53,Debit Card,Pending,25-11-2023
10021,"April 11, 2023",CUST1794,Jerry Brown,jerry.brown58@gmail.com,East,US,Sports,Hiking Backpack,1,128.74,0.15,,paypal,Returned,"February 20, 2023"
10534,09/30/2023,CUST1268,Cynthia Rowe,cynthia.rowe9@gmail.com,north,Mexico,Beuty,Hair Dryer,5,-34.05,0,24.65,GiftCard,DELIVERED,11-Mar-2023
ORD-12897,2024-09-22,CUST1822,Jose Ramirez,jose.ramirez2@gmail.com,WEST,United States,sports & outdoors,Hiking Backpack,3,146.77,0.25,7.06,credit card,Canceled,25-May-2022
ORD-11917,07/18/23,CUST1396,Jennifer Collins,jennifer.collins59@outlook.com,Centrl,US,Home & Kitchen,Coffee Maker,3,73.55,5%,14.53,Debit Card,cancelled,"May 04, 2021"
ORD-10938,02/28/23,CUST1552,Diana Hays,diana.hays94@outlook.com,NORTH,Mexico,Apparel,Running Shoes,4,37.58,,13.49,debit card,Returned,09/18/2021
11491,2024-07-20,CUST1014,Dylan Miller,dylan.miller28@outlook.com, West ,US,Electronis,Wireless Earbuds,6,20.54,0,23.13,CC,RETURNED,03/12/22
12384,"April 30, 2023",CUST1076,Angela Lopez,angela.lopez95@yahoo.com,east,canada,BEAUTY,Lipstick,-2,-22.86,0.15,23.2,credit card,Delivered,2024-09-11
ORD-10317,02/20/2024,CUST1617,  JONATHAN JACOBSON  ,jonathan.jacobson73@hotmail.com,South,Canada,toys,RC Car,4,,0.25,21.09,Debit,DELIVERED,21-10-2021
ORD-10809,09/03/2024,CUST1444,Mrs. Diane Reyes,, West ,canada,electronics,Laptop Stand,4,50.41,0,,Debit,shipped,06/11/2024
ORD-10999,07-Mar-2024,CUST1464,Jose Allen,jose.allen69@yahoo.com,east,USA,Sports,Yoga Mat,6,11.08,5%,0.07,Gift Card,delivered,10/25/22
ORD-10732,20-Nov-2024,CUST1150,David Wright,david.wright19@hotmail.com,CENTRAL,Mexico,Electronis,Bluetooth Speaker,4,217.16,0.1,13.75,GiftCard,DELIVERED,"January 26, 2022"
ORD-13020,2023-06-03,CUST1660,William David DDS,william.dds44@outlook.com,central,canada,home & kitchen,Air Fryer,1,102.7,,2.46,gift card,Returned,21-07-2024
11459,,CUST1095,Anna Henderson,anna.henderson24@gmail.com,EAST,United States,Clothing,Running Shoes,2,25.93,0.05,6.19,Gift Card,Cancelled,17-Jun-2022
10909,2023-06-12,CUST1030,Rebecca Henderson,rebecca.henderson1@gmail.com,SOUTH,Canada,home & kitchen,Throw Blanket,4,57.26,0.1,21.49,Gift Card,Cancelled,2024-07-16
ORD-10024,26-04-2023,CUST1464,Jose Allen,jose.allen69@yahoo.com,EAST,USA,Home and Kitchen,LED Desk Lamp,4,146.47,0,3.98,gift card,DELIVERED,10/25/22
ORD-12712,30-04-2024,CUST1461,Eric Williams,eric.williams45@gmail.com,south,United States,Home and Kitchen,Non-stick Pan Set,2,29.09,0.25,8.19,debit card,Delivered,2023-06-19
ORD-12723,"February 03, 2024",CUST1306,Edward Burgess,edward.burgess88@hotmail.com,North,Mexico,TOYS,Board Game,4,-45.82,0.1,0.11,Debit,returned,02-Sep-2022
12526,14-Sep-2023,CUST1700,Joseph Ochoa,joseph.ochoa52@hotmail.com,west,Mexico,Beauty,Shampoo Set,6,48.41,0,22.8,GiftCard,Shipped,2022-10-10
12812,01/01/2023,CUST1737,Arthur Hamilton MD,arthur.md77@gmail.com,north,United States,ELECTRONICS,Wireless Earbuds,2,45.61,,16.56,gift card,pending,17-09-2024
ORD-13089,23-Apr-2024,CUST1609,Casey Chase,casey.chase92@yahoo.com, West ,Mexico,BEAUTY,Shampoo Set,4,7.53,0,22.73,credit card,RETURNED,12/31/23
ORD-11711,04/06/2023,CUST1558,Larry Robertson,larry.robertson94@hotmail.com,west,US,home & kitchen,LED Desk Lamp,1,136.35,0.15,16.57,Gift Card,pending,07-Dec-2021
ORD-10799,03/29/2024,CUST1061,  GERALD HENSLEY  ,gerald.hensley31@yahoo.com,North,United States,Apparel,Baseball Cap,,72.22,5%,5.93,gift card,Canceled,29-Dec-2021
ORD-12929,2023-07-23,CUST1182,Angela Vaughn,angela.vaughn14@yahoo.com,Centrl,canada,Electronis,Laptop Stand,2,56.19,0,20.08,Debit,PENDING,2023-08-24
ORD-10055,2024-10-16,CUST1364,Tracy Burke,tracy.burke10@gmail.com,north,canada,ELECTRONICS,Bluetooth Speaker,1,145.05,0,3.42,Pay Pal,pending,18-05-2023
ORD-10416,15-02-2023,CUST1055,Michael Lewis,michael.at.gmail.com, North,Canada,Beuty,Lipstick,5,41.7,0,18.77,credit card,DELIVERED,18-05-2023
ORD-11445,01-Apr-2024,CUST1073,Lauren Daniels,lauren.daniels54@hotmail.com,CENTRAL,USA,Electronic,Laptop Stand,3,112.53,0.1,,Pay Pal,cancelled,"December 23, 2021"
ORD-12856,25-May-2024,CUST1467,William Jones,william.jones87@hotmail.com,central,Mexico,home & kitchen,Throw Blanket,4,53.77,0,16.24,Pay Pal,CANCELLED,09/30/2023
ORD-11698,03/20/2024,CUST1459,Ruben Dunn,ruben.dunn70@outlook.com,west,canada,electronics,Wireless Earbuds,4,$123.73,0.2,17.56,Credit_Card,Cancelled,2024-01-16
ORD-12442,11/05/23,CUST1022,Ethan Adams,ethan.adams81@outlook.com,Centrl,United States,Sports & Outdoors,Hiking Backpack,6,66.25,0.15,2.59,debit card,pending,"August 01, 2024"
ORD-11128,07/24/23,CUST1142,Patricia Rodriguez,,East,USA,electronics,Laptop Stand,4,195.28,0.25,4.38,credit card,CANCELLED,30-06-2021
ORD-12861,11/13/24,CUST1042,Sherry Decker,sherry.decker8@outlook.com,Centrl,US,Home & Kitchen,Coffee Maker,3,$148.99,0.2,12.0,Gift Card,shipped,2021-04-28
ORD-12475,2021-07-11,CUST1569,Michael Johnson,michael.johnson11@hotmail.com,west,US,Electronis,USB-C Cable,5,87.37,0,15.77,CC,Pending,25-08-2021
ORD-10015,"August 11, 2023",CUST1005,Connie Lawrence,connie.lawrence98@outlook.com, West ,Canada,ELECTRONICS,Laptop Stand,1,21.51,0,16.67,Pay Pal,Delivered,2021-07-29
ORD-12139,2024-07-15,CUST1606,Brian Martin,brian.martin77@hotmail.com,Sth,Mexico,Sports & Outdoors,Yoga Mat,5,144.29,,22.71,Debit,Delivered,14-09-2024
ORD-10941,08/11/24,CUST1045,Philip Cannon,philip.cannon73@yahoo.com,NORTH,canada,Beuty,Hair Dryer,3,7.44,0,3.28,GiftCard,Pending,"March 31, 2024"
11393,01/27/2024,CUST1376,Glen Wood,glen.wood76@yahoo.com, West ,canada,Home&Kitchen,Non-stick Pan Set,3,129.09,0,1.99,PAYPAL,shipped,07/06/24
12306,"March 01, 2024",CUST1503,Zachary Mitchell,,East,United States,toys,Action Figure,3,$22.42,,18.81,debit card,delivered,03/06/2024
ORD-10359,08-10-2024,CUST1706,  ADAM JACKSON  ,adam.jackson1@hotmail.com, North,USA,ELECTRONICS,USB-C Cable,2,68.84,0.2,11.45,Pay Pal,Cancelled,"January 06, 2024"
10924,"February 01, 2023",CUST1768,Jason Nixon,jason.nixon97@outlook.com, West ,canada,Sports & Outdoors,Hiking Backpack,5,30.78,0.15,10.25,GiftCard,Shipped,07/29/23
ORD-12846,10-Feb-2024,CUST1539,David Davis,david.davis36@gmail.com,East,canada,Beuty,Lipstick,3,36.53,0,11.32,gift card,Canceled,"August 25, 2023"
12053,07/02/2023,CUST1329,Ariana Jennings,ariana.jennings90@gmail.com,WEST,USA,Electronic,Smartwatch,1,169.2,0.25,11.98,Debit Card,delivered,2022-01-26
ORD-11833,09-May-2024,CUST1478,Curtis Williams,curtis.williams30@hotmail.com, North,Canada,home & kitchen,LED Desk Lamp,5,86.13,0,22.01,Gift Card,delivered,2024-09-04
ORD-11072,08/06/23,CUST1222,Elizabeth Oliver DDS,elizabeth.dds16@gmail.com,WEST,United States,apparel,Wool Sweater,3,29.25,,7.1,paypal,delivered,10/16/23
12764,"June 17, 2024",CUST1239,Yvonne Chambers,yvonne.chambers8@hotmail.com,north,canada,Beuty,Lipstick,6,18.65,0.1,5.85,Credit_Card,pending,31-07-2021
ORD-10125,2024-03-29,CUST1517,Michael Cooper,michael.cooper51@gmail.com,North,US,Home and Kitchen,LED Desk Lamp,2,91.5,0,0.1,PAYPAL,pending,"April 27, 2024"
ORD-13144,16-07-2024,CUST1220,Courtney Mills,courtney.mills40@gmail.com,Centrl,Canada,TOYS,Action Figure,5,13.97,0,15.0,debit card,Pending,28-Mar-2022
ORD-12360,24-09-2024,CUST1401,Craig Morrison,craig.morrison52@hotmail.com,Sth,USA,Home&Kitchen,Non-stick Pan Set,4,140.66,,12.36,PayPal,delivered,03/03/2024
12097,"December 29, 2024",CUST1836,Danielle Watson,danielle.at.gmail.com,Est,USA,electronics,Wireless Earbuds,-1,201.62,15%,24.79,Debit Card,returned,14-Nov-2021
ORD-12702,"October 15, 2023",CUST1421,Maria Jones,maria.jones10@outlook.com, West ,canada,Beauty,Hair Dryer,5,44.2,0.15,2.46,Gift Card,returned,05/31/2022
11558,"June 09, 2023",CUST1048,Joshua Blair,joshua.blair83@outlook.com,Nort,Canada,sports & outdoors,Water Bottle,-1,73.24,0.15,,gift card,RETURNED,26-07-2023
10130,12-Nov-2024,CUST1322,Johnathan Davis,johnathan.davis6@gmail.com,EAST,US,Home & Kitchen,Air Fryer,3,134.66,0.1,15.46,GiftCard,PENDING,10/08/21
ORD-10770,09/27/2024,CUST1113,Crystal Johnson,crystal.johnson72@yahoo.com,West,US,beauty,Lipstick,5,,0,6.48,debit card,Cancelled,09/03/23
ORD-10461,22-Aug-2023,CUST1560,Nancy Evans MD,nancy.md5@outlook.com,EAST,Canada,Sports and Outdoors,Hiking Backpack,5,72.21,0,3.99,Debit,Delivered,11-02-2021
ORD-11451,2022-07-04,CUST1036,sherri baker,sherri.baker55@yahoo.com,Sth,Canada,Appare,Running Shoes,two,77.95,0,7.65,debit card,Deliverd,25-Jul-2022
10872,05/22/23,CUST1229,Lori Guerrero,lori.guerrero22@gmail.com,north,canada,Sports and Outdoors,Water Bottle,2,49.86,0,12.18,PAYPAL,shipped,11/12/23
ORD-12828,23-07-2024,CUST1498,Meghan Rush,meghan.rush78@gmail.com,SOUTH,Canada,Toys,RC Car,4,62.47,0,8.98,Debit,Pending,09/26/22
12416,2023-04-06,CUST1004,Cristian Santos,cristian.santos1@yahoo.com,East,United States,Apparel,Baseball Cap,4,86.86,0,21.63,Credit_Card,PENDING,16-05-2023
ORD-10511,18-07-2024,CUST1638,Maria Fisher,maria.fisher13@outlook.com,West,USA,Apparel,Cotton T-Shirt,2,5275.46,0.05,7.4,CREDIT CARD,Shipped,08/12/2024
ORD-13097,"October 25, 2024",CUST1594,Tanya Russell,tanya.russell60@hotmail.com, North,United States,home & kitchen,Throw Blanket,5,114.9,25%,24.96,paypal,PENDING,2024-07-25
ORD-10691,03/27/24,CUST1077,Megan Young,megan.young80@outlook.com,East,United States,Toys,Action Figure,4,65.04,20%,8.62,GiftCard,Pending,07/11/2021
ORD-12487,"June 24, 2023",CUST1599,susan thompson,susan.thompson99@gmail.com,south,canada,ELECTRONICS,Laptop Stand,5,68.34,0.25,4.24,debit card,Canceled,08/29/2023
10825,29-03-2024,CUST1722,Willie Henry,willie.henry66@gmail.com,central,Canada,beauty,Lipstick,5,22.57,0.15,11.72,debit card,Pending,24-03-2023
11272,"October 13, 2023",CUST1442,Robert Harrison,robert.harrison21@outlook.com,West,United States,Toy,Action Figure,3,$43.49,0,3.89,GiftCard,DELIVERED,21-Feb-2024
ORD-10257,"April 11, 2023",CUST1599,Susan Thompson,susan.thompson99@gmail.com,South,canada,Clothing,Cotton T-Shirt,,48.08,0,19.43,Debit,shipped,08/29/2023
ORD-12013,"August 26, 2024",CUST1241,Matthew Moon,matthew.moon47@outlook.com, West ,USA,home & kitchen,Air Fryer,6,114.63,0.1,5.72,PAYPAL,Delivered,03-Aug-2022
ORD-10283,15-01-2024,CUST1372,Ellen Morgan,ellen.morgan58@gmail.com,NORTH,US,BEAUTY,Face Moisturizer,5,18.58,5%,15.1,paypal,pending,05/17/22
ORD-10997,26-04-2023,CUST1359,Ronald Davis,ronald.davis47@gmail.com,Nort,canada,Apparel,Running Shoes,4,,,22.24,Debit Card,PENDING,2024-03-01
ORD-10317,02/20/2024,CUST1617,  JONATHAN JACOBSON  ,jonathan.jacobson73@hotmail.com,South,Canada,toys,RC Car,4,,0.25,21.09,Debit,DELIVERED,21-10-2021
10315,08/21/2023,CUST1118,victor baker,victor.baker98@yahoo.com,West,USA,electronics,USB-C Cable,6,29.75,0,12.31,GiftCard,Delivered,01/28/2022
ORD-10503,11/19/2023,CUST1794,Jerry Brown,jerry.brown58@gmail.com,EAST,US,TOYS,RC Car,2,55.71,0,23.77,Debit Card,Canceled,"February 20, 2023"
10119,2023-06-24,CUST1482,evelyn martinez,evelyn.martinez39@yahoo.com,South,Canada,Beuty,Shampoo Set,-3,24.69,5%,20.29,Credit_Card,returned,02/23/2023
12015,-,CUST1210,Christopher Smith,christopher.smith65@yahoo.com,West,United States,toys,Board Game,1,42.76,0.05,7.24,PayPal,delivered,11/13/21
ORD-11254,"July 03, 2023",CUST1797,michael perry phd,michael.phd84@outlook.com,WEST,USA,electronics,Webcam,6,229.46,15%,7.37,paypal,Cancelled,"July 02, 2022"
ORD-12100,2024-08-26,CUST1517,Michael Cooper,michael.cooper51@gmail.com,north,US,apparel,Wool Sweater,2,14.56,0,,CREDIT CARD,PENDING,"April 27, 2024"
10006,23-Sep-2024,CUST1788,Cesar Wilson,cesar.wilson63@outlook.com,central,Canada,Appare,Denim Jacket,3,$78.22,0.05,11.78,paypal,Shipped,"May 29, 2022"
10921,10/14/2024,CUST1295,John Young,john.young53@gmail.com,north,US,beauty,Shampoo Set,5,52.27,0,10.36,PAYPAL,RETURNED,14-09-2021
ORD-10893,11/03/2023,CUST1723,Todd Reynolds,todd.reynolds79@yahoo.com, West ,United States,toys,Board Game,1,62.21,0,5.24,Credit_Card,Shipped,11/19/2023
ORD-11508,04/16/23,CUST1256,Susan Murray MD,susan.md14@gmail.com,south,USA,ELECTRONICS,Laptop Stand,1,106.32,0,11.66,CC,pending,2022-08-07
ORD-10076,11/04/24,CUST1782,Chelsea Nguyen,chelsea.nguyen79@outlook.com,east,United States,electronics,Bluetooth Speaker,-2,28.25,,2.81,Debit Card,Returned,"January 19, 2022"
ORD-11998,2023-06-27,CUST1121,Kenneth Scott,kenneth.scott71@outlook.com,WEST,Canada,Home & Kitchen,Coffee Maker,1,113.81,0.05,22.44,debit card,Canceled,09/16/21
ORD-10072,02-12-2023,CUST1136,Robert Potter,robert.at.gmail.com,east,canada,Sports,Hiking Backpack,2,100.59,0.05,10.72,paypal,DELIVERED,23-Mar-2021
ORD-11094,01/25/23,CUST1572,Reginald Knapp,reginald.knapp34@yahoo.com,NORTH,United States,Electronic,Laptop Stand,5,73.43,0,13.71,Credit Card,Shipped,"July 05, 2022"
ORD-10109,"June 25, 2023",CUST1245,Donna Landry,donna.landry90@hotmail.com, North,USA,Toys,Building Blocks Set,6,31.2,0,4.73,paypal,Returned,"September 22, 2021"
ORD-11208,09/16/2024,CUST1480,Dawn Mullins,dawn.mullins2@outlook.com,South,US,sports & outdoors,Camping Tent,5,109.92,0,20.26,Debit,Deliverd,04-Sep-2021
ORD-12698,25-07-2024,CUST1431,Jack White,jack.at.gmail.com,central,US,Home & Kitchen,Throw Blanket,4,152.74,0,3.63,gift card,CANCELLED,09-May-2024
ORD-10731,04/23/23,CUST1477,  JUDITH CARTER  ,judith.carter84@yahoo.com,EAST,Mexico,TOYS,RC Car,1,62.74,0.1,14.63,Gift Card,DELIVERED,17-Apr-2021
ORD-12321,27-Sep-2023,CUST1783,Dennis Huffman,dennis.huffman79@outlook.com,West,US,apparel,Wool Sweater,5,$71.58,0.05,7.43,Debit,Deliverd,01/20/2023
11758,21-Mar-2024,CUST1087,Christopher Bass,christopher.bass11@yahoo.com,west,Mexico,Home&Kitchen,LED Desk Lamp,6,178.44,0.1,2.02,Gift Card,Cancelled,11/05/2021
10504,2023-01-17,CUST1818,Michael Poole,,north,US,toys,Puzzle 1000pc,5,59.54,0.05,11.91,gift card,returned,07/04/2021
ORD-10378,"September 20, 2024",CUST1212,Melissa Martinez,melissa.martinez72@gmail.com,East,Canada,beauty,Shampoo Set,5,26.54,0.15,6.47,Debit,pending,06/01/24
ORD-12026,23-08-2023,CUST1645,Kim Morrow,kim.morrow76@hotmail.com,West,United States,TOYS,RC Car,6,47.09,25%,12.66,Debit Card,Delivered,03/11/24
ORD-11015,02-04-2023,CUST1514,Angelica Parker,angelica.parker14@yahoo.com,west,US,Home&Kitchen,Non-stick Pan Set,4,158.66,0.15,7.1,Debit Card,Cancelled,12/22/2023
ORD-11179,2023-07-08,CUST1821,Mark Beard,mark.at.gmail.com,South,USA,Sports,Hiking Backpack,4,99.09,0.15,2.87,paypal,Pending,08/21/2023
ORD-12581,18-09-2023,CUST1807,Robert Gonzales,robert.gonzales57@outlook.com,Est,United States,BEAUTY,Lipstick,-2,5.78,0.1,19.36,CREDIT CARD,Deliverd,20-Jan-2023
ORD-10165,01-01-2024,CUST1095,Anna Henderson,anna.henderson24@gmail.com,EAST,United States,sports & outdoors,Camping Tent,5,113.8,5%,3.79,Gift Card,delivered,17-Jun-2022
10937,"March 01, 2023",CUST1286,Joseph Knight,joseph.knight98@gmail.com,Centrl,USA,Electronis,Smartwatch,4,230.52,0.2,14.37,Pay Pal,Pending,03/21/2024
12591,21-Mar-2024,CUST1443,Holly Valentine,holly.valentine81@yahoo.com,WEST,US,Appare,Wool Sweater,3,75.37,,0.62,Debit Card,PENDING,01/17/22
ORD-10500,02/22/2024,CUST1209,Brian Lee,,East,USA,apparel,Running Shoes,5,24.65,0.2,13.51,Credit Card,SHIPPED,"August 13, 2022"
ORD-11376,2024-02-07,CUST1340,allison smith,allison.smith95@yahoo.com,central,United States,Sports & Outdoors,Water Bottle,5,123.8,0.25,21.37,CC,pending,2022-05-12
11316,12/31/24,CUST1454,Alfred Galvan,,west,United States,Clothing,Running Shoes,-3,10.27,0.1,23.12,gift card,Returned,2023-01-06
11474,"March 11, 2023",CUST1785,Laurie Bailey,laurie.bailey17@yahoo.com,east,United States,Sports & Outdoors,Water Bottle,3,111.18,15%,16.22,paypal,delivered,07/24/21
ORD-11863,"May 22, 2024",CUST1612,Franklin Wright,franklin.wright98@yahoo.com, North,United States,electronics,Bluetooth Speaker,5,154.26,0,18.47,GiftCard,cancelled,11/19/22
12965,22-Aug-2024,CUST1571,Christian Vaughn,christian.vaughn49@outlook.com,North,USA,Home and Kitchen,Air Fryer,N/A,162.32,0,22.15,Credit Card,delivered,18-Jan-2022
ORD-10364,24-06-2024,CUST1627,Laura Hernandez,laura.hernandez94@yahoo.com,Nort,canada,sports & outdoors,Water Bottle,4,68.83,0.1,20.36,credit card,Cancelled,03/09/22
ORD-12741,2024-08-12,CUST1483,Steve Paul,steve.paul2@yahoo.com,South,Mexico,home & kitchen,Air Fryer,6,87.9,0,12.02,Credit Card,SHIPPED,21-06-2023
ORD-11118,09/08/23,CUST1430,Maria Henderson,maria.henderson31@outlook.com, West ,US,Toy,RC Car,6,$64.93,0,23.94,debit card,Pending,09/10/2024
ORD-12242,2024-06-16,CUST1582,Gregory Peck,gregory.peck54@gmail.com,SOUTH,canada,TOYS,Building Blocks Set,3,65.73,0.15,24.22,GiftCard,pending,04/29/2023
10710,16-11-2024,CUST1357,Jeffery Ortega,jeffery.ortega48@hotmail.com,Centrl,Mexico,beauty,Shampoo Set,5,54.19,,9.61,GiftCard,pending,30-Jan-2024
ORD-11368,09-10-2024,CUST1794,Jerry Brown,jerry.brown58@gmail.com,East,US,Home&Kitchen,Coffee Maker,4,$129.68,0,1.94,Debit,DELIVERED,"February 20, 2023"
ORD-10863,12/14/2024,CUST1339,David Thompson,david.thompson26@outlook.com,East,United States,Home and Kitchen,Throw Blanket,3,53.78,15%,16.91,PayPal,Delivered,02/26/24
ORD-12437,"December 26, 2023",CUST1479,Kaylee Hays,kaylee.hays10@yahoo.com,Central,Mexico,BEAUTY,Shampoo Set,2,42.37,0,,Pay Pal,cancelled,04/30/2024
12197,"December 10, 2023",CUST1704,Shannon Malone,shannon.malone29@yahoo.com,EAST,Mexico,Beuty,Face Moisturizer,1,8.58,15%,13.12,GiftCard,RETURNED,"March 12, 2023"
ORD-11804,"June 12, 2023",CUST1297,William Barrett,william.barrett17@hotmail.com, North,canada,Sports and Outdoors,Resistance Bands,1,93.58,0,17.57,Debit Card,Shipped,2023-10-27
ORD-12986,"December 25, 2024",CUST1572,Reginald Knapp,reginald.knapp34@yahoo.com,north,United States,Home&Kitchen,Non-stick Pan Set,3,171.64,0.15,,Pay Pal,SHIPPED,"July 05, 2022"
10009,06/17/24,CUST1672,Felicia Krueger,felicia.krueger23@outlook.com,central,US,Sports and Outdoors,Hiking Backpack,5,56.1,0,17.21,debit card,cancelled,25-08-2021
10586,06-03-2023,CUST1062,Connor West,connor.west43@hotmail.com,SOUTH,Mexico,Electronic,Wireless Earbuds,5,82.31,25%,3.49,GiftCard,Canceled,24-05-2022
12208,12-May-2023,CUST1366,Courtney Rodriguez,courtney.rodriguez99@hotmail.com,west,US,TOYS,Building Blocks Set,2,10.08,20%,15.61,GiftCard,shipped,06-Feb-2023
ORD-12342,06-11-2024,CUST1839,Michele Smith,michele.at.gmail.com,south,canada,sports & outdoors,Hiking Backpack,3,75.41,15%,1.4,Pay Pal,PENDING,09-Jan-2024
ORD-11218,08/15/2023,CUST1099,Stephen Mckee,stephen.mckee31@yahoo.com,NORTH,canada,toys,Puzzle 1000pc,5,$32.89,0,,paypal,SHIPPED,08/28/23
ORD-12210,"December 09, 2023",CUST1836,Danielle Watson,danielle.at.gmail.com,EAST,USA,BEAUTY,Shampoo Set,5,27.12,0.1,18.04,GiftCard,Canceled,14-Nov-2021
ORD-11619,01/11/2023,CUST1297,William Barrett,william.barrett17@hotmail.com,North,canada,sports & outdoors,Resistance Bands,5,113.29,0.15,12.78,paypal,Cancelled,2023-10-27
ORD-10733,28-01-2023,CUST1445,Tracy Montoya,tracy.montoya1@yahoo.com, North,canada,Sports & Outdoors,Resistance Bands,3,96.63,0,4.44,Debit,PENDING,26-02-2022
ORD-12945,02-04-2023,CUST1585,Tina Ballard,tina.ballard5@yahoo.com,Sth,canada,toys,RC Car,5,30.86,0.25,5.2,Debit,SHIPPED,19-Jul-2022
12155,"December 11, 2023",CUST1237,  DAVID DAVIS  ,david.davis50@hotmail.com,north,US,toys,RC Car,2,15.54,0,9.76,PAYPAL,pending,"April 03, 2024"
11142,09/01/23,CUST1515,Dr. Kelly Hammond DVM,dr..dvm19@outlook.com,South,canada,Sports,Resistance Bands,4,33.76,0.2,23.09,PAYPAL,pending,2021-07-10
ORD-12017,02/29/24,CUST1565,John Coffey,john.coffey71@outlook.com,Est,United States,Home and Kitchen,Non-stick Pan Set,5,54.58,20%,24.83,Pay Pal,PENDING,14-09-2024
ORD-12352,unknown,CUST1408,Anthony Romero,anthony.romero50@outlook.com,Sth,Mexico,Beuty,Face Moisturizer,6,17.53,0.25,15.73,CC,Pending,02/26/23
ORD-12327,23-Jul-2023,CUST1151,Pamela Boyd,pamela.boyd9@outlook.com,central,USA,Home&Kitchen,LED Desk Lamp,3,16.37,0.15,8.66,credit card,returned,30-04-2023
10523,2024-01-15,CUST1014,Dylan Miller,dylan.miller28@outlook.com,WEST,US,Toy,Board Game,4,64.49,,4.79,GiftCard,returned,03/12/22
ORD-10064,unknown,CUST1086,Shirley Suarez,shirley.suarez92@outlook.com,East,USA,Sports,Hiking Backpack,3,75.76,0.05,5.15,GiftCard,Returned,26-04-2022
ORD-10774,26-05-2024,CUST1128,Cameron Fisher,cameron.fisher95@gmail.com,Sth,USA,Beuty,Shampoo Set,N/A,56.28,0,15.83,PAYPAL,cancelled,03/02/22
ORD-11949,06/11/2024,CUST1307,Carlos Ryan,,West,US,Electronics,Webcam,2,$173.77,0,10.7,PAYPAL,cancelled,20-Jun-2023
ORD-10302,11/23/2023,CUST1532,Donna Frye,,EAST,United States,Home&Kitchen,Throw Blanket,-3,$179.19,,4.99,gift card,Pending,05/24/2023
ORD-11228,09/03/2024,CUST1550,Kelly Lee,kelly.lee21@hotmail.com,EAST,United States,Apparel,Cotton T-Shirt,2,71.99,0,20.09,Credit_Card,Pending,02-Aug-2024
11296,"April 21, 2023",CUST1390,Thomas Atkins,thomas.atkins75@hotmail.com,Sth,USA,Sports and Outdoors,Camping Tent,2,11.1,10%,14.25,credit card,Returned,08/28/2022
ORD-12507,"November 10, 2023",CUST1508,Joshua Vance,joshua.vance87@gmail.com,Central,Canada,Clothing,Cotton T-Shirt,6,29.12,0,20.35,Debit Card,pending,01/03/2022
ORD-11245,29-05-2024,CUST1489,Lance Simmons,lance.simmons15@yahoo.com,central,Canada,Electronis,Smartwatch,3,31.22,,6.72,CC,Returned,10/21/23
11136,"May 20, 2023",CUST1164,  MICHAEL POWELL  ,,Est,USA,Appare,Running Shoes,1,72.19,0,15.21,GiftCard,Delivered,25-04-2021
ORD-10528,26-02-2023,CUST1377,Paula Bradley,paula.bradley45@hotmail.com,West,US,home & kitchen,LED Desk Lamp,2,65.7,0.15,19.74,Gift Card,RETURNED,11-12-2023
ORD-11874,"November 05, 2023",CUST1444,Mrs. Diane Reyes,,WEST,canada,Electronis,Webcam,6,73.48,0.1,21.46,Debit Card,returned,06/11/2024
11169,2024-04-15,CUST1815,Anna Estes,anna.estes58@outlook.com,Sth,USA,Electronics,USB-C Cable,1,$86.58,0,10.23,gift card,pending,29-Jun-2024
ORD-12068,"May 31, 2024",CUST1356,Jesse Perry,jesse.perry29@yahoo.com,west,Mexico,Apparel,Cotton T-Shirt,2,$81.43,0.15,20.31,debit card,Shipped,09/07/2023
ORD-11596,"August 14, 2023",CUST1347,Victor Brown,victor.brown43@outlook.com,Central,canada,Sports & Outdoors,Camping Tent,1,58.8,0.15,19.28,debit card,Pending,07/20/23
ORD-11641,27-09-2024,CUST1508,Joshua Vance,joshua.vance87@gmail.com,central,Canada,home & kitchen,Coffee Maker,3,31.88,0,2.42,Gift Card,SHIPPED,01/03/2022
12807,01/07/2024,CUST1307,Carlos Ryan,, West ,US,Appare,Denim Jacket,6,14.44,0,,Credit_Card,Pending,20-Jun-2023
ORD-12876,"February 10, 2023",CUST1411,  LISA HUNTER  ,lisa.hunter46@hotmail.com,Centrl,Mexico,sports & outdoors,Camping Tent,3,17.29,0.15,14.03,Debit Card,SHIPPED,06/04/2023
ORD-11362,08/23/23,CUST1209,  BRIAN LEE  ,,EAST,USA,Home&Kitchen,Non-stick Pan Set,2,47.01,0,0.47,paypal,Shipped,"August 13, 2022"
ORD-12102,2023-08-31,CUST1456,Dustin Gallegos,dustin.gallegos57@hotmail.com,Centrl,Canada,Electronics,Bluetooth Speaker,5,110.57,0,5.85,Debit Card,delivered,2021-12-09
ORD-10724,2024-07-02,CUST1440,Jeremy Mitchell,jeremy.mitchell58@outlook.com,NORTH,Mexico,Home & Kitchen,Non-stick Pan Set,,43.85,0,15.09,Debit,Deliverd,18-05-2021
ORD-12009,06/27/2023,CUST1374,Charles Schultz,charles.schultz94@outlook.com,East,United States,BEAUTY,Lipstick,5,48.27,,7.86,paypal,Cancelled,"March 28, 2024"
12536,02/08/2024,CUST1397,Gary Jackson,gary.jackson3@gmail.com,West,Canada,Beauty,Sunscreen SPF50,3,22.58,0.05,8.0,Gift Card,Cancelled,"December 26, 2023"
ORD-10115,2023-11-08,CUST1583,Denise Martinez,denise.martinez98@gmail.com,north,USA,ELECTRONICS,USB-C Cable,4,,10%,22.75,Gift Card,delivered,"August 05, 2021"
ORD-11497,11/16/23,CUST1249,Kimberly Gutierrez,kimberly.at.gmail.com,Central,Mexico,Apparel,Running Shoes,3,70.96,0,,credit card,DELIVERED,"July 27, 2021"
12933,11/28/2024,CUST1508,Joshua Vance,joshua.vance87@gmail.com,central,Canada,Home&Kitchen,LED Desk Lamp,-2,,10%,4.49,CC,DELIVERED,01/03/2022
ORD-10709,2021-07-05,CUST1077,Megan Young,megan.young80@outlook.com,EAST,United States,Sports and Outdoors,Resistance Bands,6,99.68,0,20.72,debit card,Delivered,07/11/2021
11302,04-Sep-2023,CUST1794,Jerry Brown,jerry.brown58@gmail.com,Est,US,Electronic,Wireless Earbuds,6,,0.05,16.72,Gift Card,returned,"February 20, 2023"
ORD-12012,21-01-2023,CUST1341,  CYNTHIA MORRIS  ,cynthia.morris7@gmail.com, West ,Canada,home & kitchen,Coffee Maker,1,$92.40,0.05,,paypal,shipped,27-04-2023
ORD-10100,10/26/24,CUST1780,Christine Goodwin,christine.goodwin51@yahoo.com,Centrl,US,Toys,Puzzle 1000pc,1,58.34,0.2,,CREDIT CARD,Returned,2023-07-26
ORD-12962,11-10-2024,CUST1719,Jeffrey Roberson,, West ,canada,sports & outdoors,Hiking Backpack,4,57.37,20%,10.71,paypal,pending,"April 06, 2024"
ORD-12605,-,CUST1165,John Anderson,john.anderson32@hotmail.com,south,United States,apparel,Cotton T-Shirt,4,53.78,0,24.06,Debit,Deliverd,03/05/24
ORD-13056,2023-09-21,CUST1748,Jenna Wilson,jenna.wilson91@gmail.com,North,canada,Beauty,Lipstick,5,5225.6,0.15,4.11,debit card,SHIPPED,"March 29, 2024"
11193,"December 09, 2023",CUST1840,Casey Perez,casey.perez99@yahoo.com,east,US,Toys,Building Blocks Set,6,64.57,0.05,10.32,Credit_Card,returned,09-06-2024
ORD-10639,23-Feb-2023,CUST1481,Howard Norman,howard.at.gmail.com, North,Canada,beauty,Lipstick,3,22.88,0.25,23.32,credit card,cancelled,2023-02-24
12891,10/06/24,CUST1507,Emma Reed,emma.reed54@outlook.com,CENTRAL,USA,home & kitchen,Coffee Maker,2,53.65,0,16.36,Credit_Card,Cancelled,2022-07-10
12387,"January 30, 2023",CUST1026,Justin Baker,justin.baker69@yahoo.com,West,canada,home & kitchen,Non-stick Pan Set,1,120.35,0,13.84,paypal,shipped,09/20/21
11346,06/23/2023,CUST1065,Amber Kidd,amber.kidd9@outlook.com,Central,US,Clothing,Cotton T-Shirt,1,78.05,0.2,2.06,debit card,Deliverd,12/21/22
ORD-12275,02/25/2023,CUST1203,joseph coleman,joseph.coleman99@yahoo.com,Sth,US,toys,Board Game,-3,54.09,15%,20.45,Debit Card,Delivered,31-May-2023
ORD-10082,03-May-2024,CUST1404,Joann Glass,joann.glass43@gmail.com,Sth,United States,home & kitchen,Throw Blanket,1,37.29,0.1,15.65,Debit Card,returned,2023-12-18
10354,"September 03, 2023",CUST1342,Anthony Harmon,anthony.harmon18@gmail.com,west,Mexico,toys,Board Game,5,28.91,0,21.44,PAYPAL,SHIPPED,02/02/2024
11864,11/05/2023,CUST1028,Zachary Hicks,zachary.hicks86@outlook.com, West ,Canada,Apparel,Cotton T-Shirt,4,71.01,0.25,2.19,gift card,shipped,"June 17, 2023"
ORD-10821,2024-03-04,CUST1128,Cameron Fisher,cameron.fisher95@gmail.com,SOUTH,USA,ELECTRONICS,Wireless Earbuds,6,116.36,0,3.84,credit card,PENDING,03/02/22
ORD-12523,"November 09, 2023",CUST1351,Kimberly Nguyen,kimberly.nguyen12@hotmail.com,South,US,Home and Kitchen,Throw Blanket,5,161.6,0.25,11.94,Credit Card,Canceled,07/15/2021
10856,11-Feb-2024,CUST1119,Jeffrey Chandler,jeffrey.chandler98@outlook.com,east,United States,home & kitchen,Air Fryer,2,117.71,0.25,20.76,GiftCard,returned,07/25/2021
12528,01-Jul-2023,CUST1779,Kevin Price,,CENTRAL,Canada,home & kitchen,Throw Blanket,4,137.44,0,9.2,Debit Card,Shipped,17-May-2023
ORD-13045,"August 04, 2023",CUST1347,victor brown,victor.brown43@outlook.com,Central,canada,ELECTRONICS,Bluetooth Speaker,6,56.26,0,,Debit,Pending,07/20/23
10226,2023-03-27,CUST1318,Stephen Hoffman,,Est,canada,beauty,Face Moisturizer,3,36.17,0.1,,Gift Card,RETURNED,02/25/2024
12485,06/05/2024,CUST1430,Maria Henderson,maria.henderson31@outlook.com,West,US,Home&Kitchen,Throw Blanket,5,84.61,0.25,15.66,PAYPAL,Deliverd,09/10/2024
ORD-12083,12/14/24,CUST1695,Mr. Aaron Arnold,,south,Mexico,Apparel,Denim Jacket,1,28.24,5%,0.72,paypal,Deliverd,05/15/2021
ORD-12065,20-10-2024,CUST1515,Dr. Kelly Hammond DVM,dr..dvm19@outlook.com,South,canada,Appare,Running Shoes,4,52.97,0.25,23.58,Pay Pal,RETURNED,2021-07-10
11718,29-12-2024,CUST1406,Lori Hernandez,lori.hernandez70@gmail.com,North,United States,Home and Kitchen,LED Desk Lamp,4,169.2,15%,2.44,Gift Card,Shipped,03-01-2022
10281,12/18/24,CUST1194,john bishop,john.bishop23@gmail.com,south,Canada,Sports & Outdoors,Camping Tent,3,102.85,0.05,18.41,PayPal,Returned,2024-09-15
ORD-10666,07/17/24,CUST1840,Casey Perez,casey.perez99@yahoo.com,Est,US,Appare,Wool Sweater,5,17.37,0,9.75,debit card,Cancelled,09-06-2024
ORD-12843,"January 25, 2023",CUST1239,Yvonne Chambers,yvonne.chambers8@hotmail.com, North,canada,Apparel,Denim Jacket,2,-30.75,20%,0.49,Credit_Card,returned,31-07-2021
ORD-11642,01/19/2024,CUST1343,Nichole Alvarez,nichole.alvarez61@hotmail.com,East,USA,toys,Building Blocks Set,5,63.6,0,24.45,debit card,cancelled,08/25/2024
13110,11-09-2024,CUST1233,Laura Roberts,laura.roberts73@outlook.com,Sth,US,beauty,Hair Dryer,5,30.83,0,12.24,debit card,shipped,08-07-2024
ORD-11473,2023-09-22,CUST1378,Anthony Moore,anthony.moore49@yahoo.com,south,United States,Beuty,Lipstick,-3,56.65,0,6.5,gift card,SHIPPED,07-Jan-2024
ORD-11773,2024-08-23,CUST1644,Edwin Nunez,edwin.nunez22@gmail.com,North,United States,Sports & Outdoors,Camping Tent,4,-136.49,0.1,8.79,Pay Pal,Canceled,09/29/21
ORD-12534,unknown,CUST1026,Justin Baker,justin.baker69@yahoo.com,West,canada,beauty,Lipstick,3,,0,20.25,credit card,Returned,09/20/21
ORD-10394,22-May-2024,CUST1225,Benjamin Smith,benjamin.smith74@hotmail.com,west,USA,Electronis,Bluetooth Speaker,6,186.98,0.2,23.08,Debit,Shipped,20-Mar-2024
ORD-11195,11-Jan-2023,CUST1388,Sandra Drake,sandra.at.gmail.com,South,USA,Toy,RC Car,6,24.62,0.1,2.2,Debit,PENDING,20-08-2023
ORD-12752,29-Feb-2024,CUST1562,Robert Richardson,robert.at.gmail.com,Centrl,canada,Toys,Building Blocks Set,6,46.33,0,8.7,CC,returned,10-07-2021
12054,08/15/23,CUST1152,Denise Jones,denise.jones37@outlook.com,WEST,United States,Appare,Denim Jacket,6,62.75,0,7.41,CC,PENDING,"April 17, 2024"
ORD-11801,07/04/24,CUST1664,Renee Melendez,renee.melendez6@gmail.com,CENTRAL,canada,home & kitchen,LED Desk Lamp,2,28.51,0.1,,CC,Deliverd,12-Jul-2023
ORD-10443,2024-03-11,CUST1269,Patrick Thornton,patrick.thornton48@outlook.com,north,USA,electronics,Laptop Stand,5,$77.78,,15.89,Pay Pal,Shipped,03-02-2021
ORD-12109,03/04/2023,CUST1279,Nathan Malone,nathan.malone42@gmail.com,east,USA,Sports & Outdoors,Resistance Bands,5,148.4,0,22.16,gift card,Returned,13-06-2021
10237,01-08-2023,CUST1661,Emma Butler,emma.butler14@gmail.com,SOUTH,Mexico,ELECTRONICS,Bluetooth Speaker,5,79.39,,22.53,PayPal,Returned,03-Dec-2021
ORD-10703,2024-12-19,CUST1572,Reginald Knapp,reginald.knapp34@yahoo.com,Nort,United States,Sports,Hiking Backpack,6,75.8,0.1,11.91,CREDIT CARD,DELIVERED,"July 05, 2022"
ORD-12873,2021-09-04,CUST1260,Katie Suarez,katie.suarez84@outlook.com,North,USA,Beauty,Sunscreen SPF50,5,30.42,0,0.76,Credit Card,shipped,10/27/2021
ORD-11361,09/14/23,CUST1243,  BRANDON BAILEY MD  ,brandon.md37@outlook.com,South,USA,electronics,Wireless Earbuds,4,140.87,0,2.72,PAYPAL,Pending,"September 06, 2024"
ORD-11163,"December 11, 2023",CUST1373,Sergio Knight,sergio.knight70@yahoo.com,Centrl,USA,Electronics,Webcam,6,66.13,0.25,0.5,Credit_Card,returned,04/26/2021
12662,"April 08, 2024",CUST1535,mr. lawrence edwards,mr..at.gmail.com,SOUTH,US,Sports,Resistance Bands,5,114.78,0.1,18.28,PAYPAL,Shipped,27-Jul-2022
ORD-11190,"July 21, 2023",CUST1584,Jamie Baird,jamie.baird45@hotmail.com,WEST,canada,Home&Kitchen,Throw Blanket,-3,106.4,0,2.44,paypal,shipped,25-Jun-2022
10190,10-Dec-2023,CUST1096,aaron wise,aaron.wise44@hotmail.com,EAST,Canada,Toy,Puzzle 1000pc,5,56.02,0,16.0,debit card,cancelled,24-Jul-2022
11836,09-Apr-2023,CUST1383,Mr. Andrew Foster,,Centrl,Mexico,Beauty,Lipstick,1,35.35,0.2,18.36,Debit,cancelled,05/30/2021
ORD-12146,11/01/2024,CUST1142,Patricia Rodriguez,,Est,USA,apparel,Denim Jacket,5,71.97,0.2,18.75,CC,shipped,30-06-2021
ORD-11139,11/30/2024,CUST1756,Karen Morales DDS,karen.dds61@hotmail.com,Est,United States,Toy,Board Game,3,53.13,0.1,20.79,credit card,SHIPPED,2021-06-30
11155,"June 24, 2023",CUST1365,Kenneth Lewis,kenneth.lewis9@hotmail.com,west,United States,Home and Kitchen,Coffee Maker,1,98.76,0.15,21.12,GiftCard,Delivered,06-03-2021
10371,2023-10-12,CUST1515,dr. kelly hammond dvm,dr..dvm19@outlook.com,SOUTH,canada,Sports and Outdoors,Yoga Mat,1,103.42,0,3.32,Gift Card,Pending,2021-07-10
ORD-12949,"June 19, 2024",CUST1115,Diana May,diana.may48@hotmail.com,East,US,Electronics,USB-C Cable,6,$183.75,0.1,3.37,paypal,Returned,"February 08, 2024"
ORD-12110,11/03/2024,CUST1318,Stephen Hoffman,,East,canada,home & kitchen,Non-stick Pan Set,5,84.47,0,11.55,Credit Card,shipped,02/25/2024
10514,04/02/2024,CUST1114,Garrett Lin,garrett.lin12@outlook.com,SOUTH,USA,Beauty,Shampoo Set,6,17.06,0,,CREDIT CARD,cancelled,30-Mar-2022
ORD-12860,08/09/24,CUST1574,Daniel Nguyen,daniel.nguyen97@yahoo.com,WEST,canada,ELECTRONICS,Wireless Earbuds,6,84.69,0,15.97,PayPal,Returned,2024-02-08
12577,08-Sep-2024,CUST1225,Benjamin Smith,benjamin.smith74@hotmail.com,WEST,USA,Electronic,Smartwatch,5,247.09,0,16.81,PAYPAL,Pending,20-Mar-2024
10681,2024-12-22,CUST1233,Laura Roberts,laura.roberts73@outlook.com,South,US,Home and Kitchen,Non-stick Pan Set,1,168.06,5%,23.4,PAYPAL,Shipped,08-07-2024
12178,11/05/24,CUST1393,Robert Montgomery,robert.montgomery70@hotmail.com,north,canada,Toy,RC Car,6,66.43,0,9.0,Credit Card,SHIPPED,"January 12, 2022"
ORD-10679,"January 23, 2024",CUST1281,  TAMMIE BRIGHT  ,tammie.bright94@outlook.com,east,Mexico,Home & Kitchen,LED Desk Lamp,5,,0,18.99,Gift Card,Shipped,13-Jun-2024
12792,12/25/23,CUST1135,jose schultz,jose.schultz52@outlook.com,WEST,US,Sports,Yoga Mat,4,,0.15,22.38,Debit,Pending,"October 22, 2023"
ORD-13120,22-06-2024,CUST1607,David Lopez,,east,US,Apparel,Denim Jacket,6,39.17,10%,2.4,PayPal,CANCELLED,16-10-2023
ORD-10398,28-Aug-2023,CUST1803,Rodney Williams,rodney.williams17@yahoo.com,east,USA,ELECTRONICS,Bluetooth Speaker,4,145.01,,10.72,Credit_Card,PENDING,2021-02-28
ORD-11562,11-May-2024,CUST1539,David Davis,david.davis36@gmail.com,Est,canada,Toys,Puzzle 1000pc,6,55.28,10%,2.45,PAYPAL,cancelled,"August 25, 2023"
ORD-12787,08/24/2023,CUST1680,Suzanne Wood,suzanne.wood80@hotmail.com,east,canada,Beauty,Lipstick,6,6.73,0,8.25,Credit_Card,pending,04/07/22
ORD-11337,02-Jun-2024,CUST1161,  JENNIFER ADKINS  ,jennifer.adkins81@hotmail.com,Central,Canada,home & kitchen,LED Desk Lamp,4,83.98,0,4.95,Debit,PENDING,2024-01-14
10433,2023-12-29,CUST1571,Christian Vaughn,christian.vaughn49@outlook.com, North,USA,Appare,Cotton T-Shirt,3,84.1,15%,7.81,Credit_Card,delivered,18-Jan-2022
ORD-12659,09/19/23,CUST1660,William David DDS,william.dds44@outlook.com,Centrl,canada,Toy,RC Car,1,25.11,0,10.47,Pay Pal,cancelled,21-07-2024
12332,27-09-2023,CUST1689,Maria Brown,maria.brown28@hotmail.com,north,Canada,ELECTRONICS,Webcam,6,185.82,20%,7.62,Debit Card,RETURNED,02/24/24
10041,"July 06, 2024",CUST1097,Deborah Figueroa,deborah.figueroa96@gmail.com,north,Mexico,Home & Kitchen,Coffee Maker,1,154.22,0,8.36,Gift Card,Delivered,12/18/2022
ORD-12951,08/10/24,CUST1498,Meghan Rush,meghan.rush78@gmail.com,South,Canada,beauty,Sunscreen SPF50,5,13.36,0.25,,PayPal,SHIPPED,09/26/22
ORD-11570,18-05-2023,CUST1198,Adam Vaughan,adam.vaughan85@outlook.com,Nort,Canada,Toys,RC Car,-2,9.53,,16.91,Debit Card,Shipped,07/28/23
11599,2024-11-03,CUST1530,Marilyn Wang,marilyn.at.gmail.com, North,US,apparel,Denim Jacket,3,69.18,0,20.91,Debit,shipped,2022-11-11
ORD-10243,"March 10, 2024",CUST1373,Sergio Knight,sergio.knight70@yahoo.com,Central,USA,Apparel,Running Shoes,4,66.61,0,9.18,Pay Pal,pending,04/26/2021
ORD-10454,2023-05-10,CUST1386,Adam Burgess,adam.burgess31@outlook.com,WEST,canada,Sports and Outdoors,Resistance Bands,2,10.82,0.15,7.86,Credit_Card,pending,03-Aug-2022
ORD-11506,27-Oct-2024,CUST1363,nicole parrish,nicole.parrish40@gmail.com,NORTH,Mexico,Clothing,Running Shoes,N/A,69.55,20%,8.51,Credit Card,RETURNED,22-03-2023
12472,"October 22, 2024",CUST1796,Tracey Wagner,tracey.wagner52@gmail.com,East,United States,Beuty,Shampoo Set,6,15.94,0,22.57,PayPal,Pending,06/12/2021
ORD-12705,11/07/2023,CUST1310,Dr. Paul Morgan,dr..morgan31@hotmail.com, West ,United States,Toys,Puzzle 1000pc,2,32.7,0,22.56,Pay Pal,pending,08-09-2021
10430,2024-07-12,CUST1265,Joshua Reed,joshua.at.gmail.com,Centrl,Canada,Apparel,Cotton T-Shirt,5,$87.00,0.05,23.2,Pay Pal,Shipped,"October 21, 2023"
ORD-12560,"February 08, 2024",CUST1051,Danny Morgan,danny.morgan70@outlook.com,Central,Canada,Sports and Outdoors,Resistance Bands,6,,0.05,15.45,debit card,Pending,06/06/24
12754,"January 04, 2023",CUST1424,Felicia Aguilar,felicia.aguilar84@yahoo.com,CENTRAL,Mexico,beauty,Sunscreen SPF50,,41.79,15%,20.14,gift card,RETURNED,08-09-2022
ORD-12132,29-03-2024,CUST1593,Randy Smith,randy.smith59@gmail.com,Sth,USA,home & kitchen,Throw Blanket,4,150.86,0,11.85,Debit Card,Cancelled,01/09/23
ORD-10837,01/22/2024,CUST1199,Nathan Freeman,nathan.freeman52@hotmail.com,WEST,Canada,Toy,Building Blocks Set,4,10.42,0.05,1.97,PayPal,Returned,10-Aug-2021
12940,"May 24, 2023",CUST1324,Natalie Bautista,natalie.bautista79@outlook.com,Central,canada,Electronis,Laptop Stand,3,108.09,0,7.25,gift card,Shipped,30-04-2024
ORD-12850,25-12-2024,CUST1399,Hannah Luna,hannah.luna90@hotmail.com,NORTH,canada,beauty,Sunscreen SPF50,3,7.24,0,16.22,CREDIT CARD,Returned,2022-01-03
ORD-11055,13-Jul-2024,CUST1024,Matthew Foster,matthew.foster3@gmail.com,Sth,Canada,home & kitchen,LED Desk Lamp,4,111.97,0,7.28,Gift Card,Pending,14-01-2023
ORD-11684,07-Apr-2024,CUST1778,Allen Mendez,allen.mendez98@outlook.com,central,United States,Appare,Running Shoes,4,30.67,0.05,9.68,Credit_Card,PENDING,03/26/2023
ORD-12547,2023-08-09,CUST1586,dwayne klein,dwayne.klein89@hotmail.com,Est,Mexico,toys,Building Blocks Set,4,27.83,0,13.91,Debit Card,returned,21-Mar-2021
12140,26-Feb-2023,CUST1284,Stephanie Williams,stephanie.williams5@yahoo.com,Est,USA,Appare,Denim Jacket,4,27.89,,3.64,Gift Card,cancelled,05/18/2021
ORD-12654,10/09/2023,CUST1292,Jeremy Reed,jeremy.reed16@yahoo.com,WEST,Canada,Clothing,Wool Sweater,5,33.7,0,21.84,Credit_Card,shipped,10/12/2021
12005,30-01-2024,CUST1555,Nicole Gonzalez,nicole.at.gmail.com,SOUTH,Mexico,Beauty,Shampoo Set,4,33.58,0.15,23.79,CC,shipped,12-12-2022
ORD-11334,09/23/24,CUST1169,Daniel Murphy,daniel.at.gmail.com,EAST,Mexico,Appare,Running Shoes,4,24.55,0,24.14,credit card,SHIPPED,"December 09, 2022"
ORD-12225,01-Dec-2024,CUST1588,Dale Ryan,dale.ryan39@outlook.com,North,United States,apparel,Running Shoes,1,21.65,0,,debit card,Canceled,29-Jul-2022
ORD-13068,24-May-2023,CUST1368,Renee Bruce,renee.bruce51@yahoo.com,Nort,USA,Sports,Hiking Backpack,2,48.57,25%,10.32,Pay Pal,delivered,2022-04-02
ORD-11647,12/08/24,CUST1596,Victor Morris,victor.morris21@outlook.com,north,US,Beuty,Shampoo Set,5,$26.67,0,12.96,Credit_Card,shipped,05-07-2021
11660,04-08-2023,CUST1222,Elizabeth Oliver DDS,elizabeth.dds16@gmail.com, West ,United States,electronics,Laptop Stand,3,198.29,0.15,2.22,Debit Card,Deliverd,10/16/23
ORD-10299,14-May-2023,CUST1421,Maria Jones,maria.jones10@outlook.com,West,canada,Toys,Building Blocks Set,2,27.42,0.15,9.07,PAYPAL,pending,05/31/2022
ORD-11214,2024-02-28,CUST1548,Jessica Khan,jessica.khan91@yahoo.com,EAST,Canada,home & kitchen,Throw Blanket,6,139.31,10%,0.3,credit card,RETURNED,"August 16, 2021"
ORD-10707,2021-06-13,CUST1516,William Day,william.day48@hotmail.com,North,canada,Appare,Denim Jacket,6,64.01,0.05,20.86,Gift Card,SHIPPED,"June 23, 2021"
ORD-12465,01/03/24,CUST1095,Anna Henderson,anna.henderson24@gmail.com,east,United States,TOYS,Puzzle 1000pc,1,68.25,0.25,17.32,PayPal,SHIPPED,17-Jun-2022
ORD-11869,08/27/2023,CUST1666,David Harris,david.harris75@hotmail.com,Central,United States,Apparel,Running Shoes,,16.51,0,13.38,CC,shipped,11/08/2023
11344,28-04-2024,CUST1067,Carol Tucker,carol.tucker34@gmail.com,west,USA,Electronics,Bluetooth Speaker,1,241.84,5%,18.78,paypal,cancelled,"August 11, 2021"
ORD-12166,07/13/2023,CUST1546,johnny khan,,EAST,canada,home & kitchen,LED Desk Lamp,5,175.65,0,15.31,PAYPAL,pending,2023-09-06
ORD-10880,2024-04-14,CUST1279,Nathan Malone,nathan.malone42@gmail.com,Est,USA,Appare,Denim Jacket,1,14.9,0.15,0.67,paypal,Pending,13-06-2021
ORD-10853,09/14/2024,CUST1782,Chelsea Nguyen,chelsea.nguyen79@outlook.com,East,United States,Sports,Resistance Bands,6,119.42,0,13.34,gift card,delivered,"January 19, 2022"
ORD-12522,"August 22, 2024",CUST1067,Carol Tucker,carol.tucker34@gmail.com,West,USA,Electronic,Smartwatch,-3,107.83,0.25,4.46,Gift Card,PENDING,"August 11, 2021"
ORD-10951,06-03-2023,CUST1841,Alexandra Dominguez,alexandra.dominguez15@gmail.com,north,Canada,Apparel,Denim Jacket,1,31.88,0.25,7.72,Gift Card,Pending,12/08/23
12682,02/28/2024,CUST1631,Joyce Brown,joyce.brown61@yahoo.com, North,USA,Sports,Hiking Backpack,2,113.06,0,10.8,debit card,Cancelled,02/25/22
11521,06-Mar-2023,CUST1520,Amy Martinez,amy.at.gmail.com,Centrl,Canada,TOYS,Puzzle 1000pc,4,69.89,0.1,6.87,Pay Pal,DELIVERED,02/20/2022
ORD-11891,02/24/2024,CUST1847,Joseph Smith,joseph.smith8@outlook.com, North,USA,Electronic,Bluetooth Speaker,3,$145.23,,19.36,Credit_Card,pending,2023-12-20
ORD-12153,11-May-2023,CUST1387,James Padilla,james.padilla40@outlook.com,WEST,US,home & kitchen,LED Desk Lamp,2,167.23,0,9.96,GiftCard,shipped,"January 07, 2023"
12198,12-04-2023,CUST1648,Jennifer Miranda,jennifer.miranda87@yahoo.com,CENTRAL,Mexico,Electronis,Smartwatch,3,133.13,0,4.15,PayPal,Returned,"November 24, 2022"
ORD-13061,03-09-2023,CUST1835,Timothy Hill,timothy.hill94@hotmail.com,CENTRAL,United States,Sports and Outdoors,Camping Tent,3,149.07,0,6.42,Debit Card,Delivered,"July 18, 2022"
ORD-11371,05/22/23,CUST1507,  EMMA REED  ,emma.reed54@outlook.com,central,USA,Sports & Outdoors,Hiking Backpack,2,107.7,0.2,,debit card,returned,2022-07-10
ORD-11106,05/07/2024,CUST1260,  KATIE SUAREZ  ,katie.suarez84@outlook.com,Nort,USA,Sports and Outdoors,Camping Tent,2,134.4,0.25,9.52,GiftCard,Returned,10/27/2021
ORD-12263,"September 07, 2023",CUST1146,Victoria Larson,,Sth,Mexico,Home and Kitchen,Coffee Maker,5,73.79,0,17.37,PayPal,Cancelled,"July 14, 2024"
ORD-11524,2024-03-26,CUST1301,Heather Fields,heather.at.gmail.com,Central,canada,Sports and Outdoors,Camping Tent,6,108.22,0.1,2.69,GiftCard,Shipped,08/05/2024
12473,26-01-2023,CUST1542,Kenneth Edwards,kenneth.edwards23@yahoo.com,EAST,Mexico,toys,RC Car,6,68.58,0,3.94,GiftCard,Pending,"April 30, 2022"
ORD-11531,08/06/23,CUST1118,Victor Baker,victor.baker98@yahoo.com,WEST,USA,Appare,Running Shoes,5,44.0,0.05,18.28,Debit,returned,01/28/2022
ORD-11588,01-03-2024,CUST1135,Jose Schultz,jose.schultz52@outlook.com,WEST,US,beauty,Face Moisturizer,4,5.04,0,22.5,gift card,Delivered,"October 22, 2023"
11466,09/14/23,CUST1590,laurie sanchez,laurie.sanchez25@hotmail.com,WEST,canada,TOYS,Puzzle 1000pc,4,64.12,0.25,13.08,Pay Pal,SHIPPED,09-Mar-2022
12573,"May 26, 2023",CUST1358,Christian Leblanc,christian.leblanc98@yahoo.com,central,US,Electronic,Smartwatch,4,4150.16,0.1,10.06,PayPal,Deliverd,2024-05-05
12779,2023-12-15,CUST1776,Tina Hall,tina.hall85@hotmail.com,Central,Canada,Home&Kitchen,Air Fryer,1,$91.25,,14.89,Debit,shipped,2024-06-11
10224,01/22/24,CUST1253,  BARBARA DUDLEY  ,barbara.dudley40@hotmail.com,CENTRAL,US,Electronics,Wireless Earbuds,1,136.04,0.1,21.48,PAYPAL,SHIPPED,02-02-2022
ORD-13025,"June 11, 2024",CUST1152,Denise Jones,denise.jones37@outlook.com, West ,United States,electronics,Webcam,1,234.25,0.15,16.27,Credit Card,SHIPPED,"April 17, 2024"
ORD-10396,06/09/24,CUST1115,Diana May,diana.may48@hotmail.com,EAST,US,Sports & Outdoors,Camping Tent,5,51.54,0,12.76,Credit_Card,returned,"February 08, 2024"
ORD-11958,03-Sep-2023,CUST1486,Monica Miller,monica.miller83@gmail.com,Centrl,canada,Appare,Wool Sweater,5,26.96,0.15,4.08,paypal,returned,"May 24, 2022"
ORD-11399,04/10/24,CUST1049,Eric Carney,eric.carney73@gmail.com,south,canada,Electronic,Wireless Earbuds,5,144.98,0.05,18.37,gift card,PENDING,"May 31, 2021"
ORD-10120,13-09-2023,CUST1790,Jennifer Taylor,jennifer.taylor13@hotmail.com,East,USA,Sports & Outdoors,Yoga Mat,2,40.88,0,20.39,paypal,Shipped,17-11-2022
ORD-13037,2024-02-10,CUST1478,Curtis Williams,curtis.williams30@hotmail.com,North,Canada,sports & outdoors,Camping Tent,3,121.91,0.25,9.41,PAYPAL,SHIPPED,2024-09-04
ORD-12185,04/13/24,CUST1623,Colleen Wright,colleen.wright29@outlook.com, North,US,Clothing,Running Shoes,6,41.14,0.1,14.65,debit card,Shipped,10/02/2022
10913,08-08-2023,CUST1589,Melissa Taylor,melissa.taylor96@hotmail.com,west,canada,Sports,Hiking Backpack,2,37.36,0,10.28,gift card,shipped,20-10-2022
10170,01-Dec-2024,CUST1216,Rodney Morales,rodney.morales93@outlook.com,North,Canada,Apparel,Running Shoes,1,3386.69,0.15,7.42,debit card,pending,"March 08, 2024"
ORD-11358,"February 16, 2024",CUST1441,Joann Ferguson,joann.ferguson44@gmail.com,South,canada,Beauty,Face Moisturizer,3,6.93,0.05,14.78,CREDIT CARD,CANCELLED,12/03/21
ORD-12802,2023-06-05,CUST1550,Kelly Lee,kelly.lee21@hotmail.com,East,United States,apparel,Denim Jacket,1,85.34,0.1,15.75,PayPal,Canceled,02-Aug-2024
ORD-11042,05/12/2023,CUST1208,Dr. William Warren,dr..warren86@gmail.com,WEST,Mexico,Clothing,Wool Sweater,4,-85.7,0.05,7.82,Pay Pal,CANCELLED,22-04-2023
ORD-12921,01-Aug-2024,CUST1241,Matthew Moon,matthew.moon47@outlook.com, West ,USA,Home and Kitchen,Coffee Maker,-2,139.95,0,5.97,Pay Pal,CANCELLED,03-Aug-2022
10819,15-04-2024,CUST1806,Zachary Cole,zachary.cole82@outlook.com,CENTRAL,United States,Appare,Baseball Cap,5,76.14,0,14.38,GiftCard,Pending,13-Dec-2022
ORD-10058,"June 14, 2023",CUST1284,Stephanie Williams,stephanie.williams5@yahoo.com,East,USA,ELECTRONICS,Wireless Earbuds,2,141.63,0.2,14.73,GiftCard,delivered,05/18/2021
ORD-10515,11/26/23,CUST1405,Madison Weber,madison.weber89@hotmail.com,NORTH,Mexico,apparel,Baseball Cap,5,84.83,0,13.35,Gift Card,pending,2022-07-10
ORD-12681,2024-03-04,CUST1471,Richard Cooper,richard.cooper46@gmail.com,South,US,electronics,Laptop Stand,3,87.75,0.2,3.79,Gift Card,Cancelled,31-Dec-2023
ORD-10865,09/15/2024,CUST1316,Lauren Carson,lauren.carson84@hotmail.com,NORTH,Canada,TOYS,Action Figure,5,27.91,0,19.63,Debit Card,returned,"August 09, 2022"
11024,"June 28, 2024",CUST1066,tracy house,tracy.house69@outlook.com,Est,United States,Sports and Outdoors,Hiking Backpack,5,102.06,0,16.77,debit card,SHIPPED,2021-02-26
ORD-13142,"April 19, 2023",CUST1017,Derek Zuniga,derek.zuniga18@hotmail.com,north,United States,ELECTRONICS,Laptop Stand,2,84.12,0.15,9.37,Debit,delivered,2021-07-06
ORD-11207,08/15/2023,CUST1606,Brian Martin,brian.martin77@hotmail.com,South,Mexico,Toys,Building Blocks Set,3,$31.55,0.05,6.93,debit card,Pending,14-09-2024
ORD-10888,"November 26, 2023",CUST1523,Sarah King,sarah.king12@yahoo.com,central,Canada,Home&Kitchen,Air Fryer,5,$150.09,0.1,21.46,paypal,RETURNED,09/16/22
ORD-11871,14-Oct-2023,CUST1066,Tracy House,tracy.house69@outlook.com,EAST,United States,Beauty,Lipstick,2,7.23,0,19.71,GiftCard,Delivered,2021-02-26
ORD-10823,11/10/2023,CUST1540,james gilbert,james.gilbert21@gmail.com,south,USA,TOYS,Action Figure,5,$13.11,0,22.82,PAYPAL,CANCELLED,05/23/22
ORD-10623,10-Feb-2024,CUST1832,scott alexander,scott.alexander97@outlook.com,SOUTH,Canada,electronics,Webcam,1,142.11,,24.71,credit card,delivered,06/18/23
ORD-10569,29-Apr-2023,CUST1145,Joyce Solis,joyce.solis71@yahoo.com, West ,Canada,Electronics,USB-C Cable,2,233.38,0,2.81,Debit,Canceled,13-Aug-2022
ORD-12814,09/25/2024,CUST1313,tracy ballard,tracy.ballard64@hotmail.com,west,Canada,Home & Kitchen,Throw Blanket,6,107.67,0.1,6.34,Debit,returned,19-10-2023
ORD-11241,2024-08-06,CUST1432,Travis Tucker,travis.tucker89@hotmail.com,EAST,Mexico,Home and Kitchen,Throw Blanket,4,159.07,0,4.31,Credit Card,returned,2024-01-19
12540,08/06/24,CUST1755,Rachel Jones,rachel.jones44@gmail.com,NORTH,Canada,Sports & Outdoors,Yoga Mat,6,77.84,0.2,24.2,PayPal,shipped,26-Nov-2021
10117,"February 05, 2024",CUST1717,Brenda Hinton,brenda.hinton11@outlook.com,Sth,USA,apparel,Baseball Cap,2,46.63,0,13.44,credit card,pending,"October 14, 2021"
ORD-12424,2023-09-24,CUST1754,Dana Hopkins,dana.hopkins30@hotmail.com,SOUTH,canada,Toy,Board Game,5,63.98,0,14.0,CC,Returned,2021-11-28
10896,10-May-2023,CUST1390,Thomas Atkins,thomas.atkins75@hotmail.com,Sth,USA,Clothing,Baseball Cap,-1,72.22,20%,5.66,PAYPAL,Delivered,08/28/2022
ORD-11987,07-Nov-2023,CUST1260,Katie Suarez,katie.suarez84@outlook.com, North,USA,Home and Kitchen,Throw Blanket,1,104.9,0,,Credit_Card,Delivered,10/27/2021
ORD-12370,22-01-2023,CUST1522,hannah everett,hannah.everett99@yahoo.com,West,USA,Sports and Outdoors,Camping Tent,6,141.21,25%,,Debit Card,Shipped,15-07-2023
ORD-12665,04/22/2023,CUST1676,Kristen Rowe,kristen.rowe27@gmail.com, North,canada,Sports and Outdoors,Resistance Bands,6,58.76,0.25,20.7,PayPal,Canceled,05-Jan-2023
ORD-10172,12-Jul-2023,CUST1592,Jason Love,jason.love68@gmail.com,Sth,Canada,Appare,Denim Jacket,5,87.74,0,24.98,gift card,returned,12/22/2021
ORD-12867,2024-08-28,CUST1589,melissa taylor,melissa.taylor96@hotmail.com,WEST,canada,toys,Action Figure,1,58.82,0,4.21,Pay Pal,cancelled,20-10-2022
ORD-11444,2024-01-07,CUST1375,Paul Lewis,paul.lewis19@yahoo.com,east,Canada,toys,Board Game,6,16.07,0,19.9,CREDIT CARD,RETURNED,27-04-2023
ORD-11886,"February 01, 2024",CUST1229,Lori Guerrero,lori.guerrero22@gmail.com,North,canada,Toy,RC Car,2,$64.14,0.25,23.71,Debit,Cancelled,11/12/23
ORD-11895,2023-11-28,CUST1431,Jack White,jack.at.gmail.com,central,US,Sports and Outdoors,Hiking Backpack,2,146.18,0,21.38,Gift Card,Returned,09-May-2024
ORD-10367,03-May-2024,CUST1205,David Martinez,david.martinez86@outlook.com, West ,Canada,Apparel,Denim Jacket,3,40.77,0.15,12.91,PAYPAL,Delivered,02/06/2023
10808,06-01-2024,CUST1484,jasmine beltran,jasmine.beltran53@hotmail.com,NORTH,United States,Sports and Outdoors,Hiking Backpack,6,$105.64,0,,PAYPAL,shipped,2022-03-21
ORD-13102,2023-06-10,CUST1436,Ralph Anderson,ralph.anderson74@yahoo.com,west,US,apparel,Cotton T-Shirt,4,45.1,0,7.77,Credit_Card,Pending,02-07-2023
10381,N/A,CUST1297,William Barrett,william.barrett17@hotmail.com,North,canada,Home and Kitchen,LED Desk Lamp,6,,0.05,15.98,paypal,cancelled,2023-10-27
10026,11/07/2024,CUST1651,amber yang,, West ,US,apparel,Running Shoes,1,73.55,0.25,3.19,PayPal,RETURNED,"November 18, 2021"
ORD-12396,18-11-2024,CUST1623,Colleen Wright,colleen.wright29@outlook.com,North,US,Toys,Puzzle 1000pc,2,40.11,0.15,11.19,GiftCard,Returned,10/02/2022
ORD-12763,29-Aug-2023,CUST1043,Anthony Humphrey,anthony.humphrey68@yahoo.com, North,United States,Sports & Outdoors,Camping Tent,1,70.99,0,0.72,gift card,cancelled,"April 27, 2021"
11565,03-Jan-2023,CUST1240,Andrew Avila,andrew.avila6@yahoo.com,CENTRAL,canada,Home and Kitchen,Non-stick Pan Set,3,,0.25,5.39,paypal,Returned,16-Jun-2023
12593,2023-12-21,CUST1712,Timothy Edwards,timothy.edwards25@outlook.com,east,canada,apparel,Wool Sweater,5,71.67,0,,Debit Card,RETURNED,23-Sep-2023
11351,10/25/2024,CUST1287,Carolyn Miller,carolyn.miller84@outlook.com,Nort,Mexico,TOYS,RC Car,6,47.46,0.05,0.09,Gift Card,delivered,2022-05-27
11264,04/05/23,CUST1766,Raymond Chapman,raymond.chapman14@gmail.com,EAST,Canada,BEAUTY,Face Moisturizer,2,46.84,0.1,7.23,GiftCard,Deliverd,28-10-2023
ORD-11909,2023-11-07,CUST1691,Pamela Gutierrez,pamela.gutierrez88@outlook.com,WEST,USA,Sports and Outdoors,Water Bottle,1,125.38,20%,10.62,gift card,returned,2023-02-21
ORD-13002,19-Jun-2023,CUST1051,Danny Morgan,danny.morgan70@outlook.com,central,Canada,Electronic,USB-C Cable,1,126.23,0,5.99,Credit Card,PENDING,06/06/24
ORD-12239,04-Feb-2024,CUST1806,Zachary Cole,zachary.cole82@outlook.com,Centrl,United States,Sports & Outdoors,Camping Tent,3,121.85,0,14.41,PAYPAL,returned,13-Dec-2022
ORD-11946,31-Oct-2023,CUST1731,Alexander Gomez,alexander.gomez1@yahoo.com,South,Canada,Beuty,Lipstick,5,44.92,0.15,24.39,credit card,cancelled,06/20/2023
ORD-11553,07/30/24,CUST1672,Felicia Krueger,felicia.krueger23@outlook.com,Central,US,Sports & Outdoors,Hiking Backpack,2,$11.51,0.15,14.66,GiftCard,DELIVERED,25-08-2021
,,,,,,,,,,,,,,,
ORD-10449,06/17/2024,CUST1664,Renee Melendez,renee.melendez6@gmail.com,central,canada,ELECTRONICS,USB-C Cable,1,26.92,,3.64,Credit Card,delivered,12-Jul-2023
ORD-11590,2024-01-15,CUST1804,Kimberly Fritz,kimberly.fritz60@outlook.com,South,Mexico,Electronics,Webcam,6,153.0,0,11.16,GiftCard,Cancelled,29-Jan-2024
ORD-10815,N/A,CUST1183,Ashley Barton,ashley.barton79@yahoo.com,West,Mexico,Electronis,Smartwatch,1,,0.2,21.86,PayPal,DELIVERED,2024-08-19
ORD-10050,12/19/2023,CUST1724,Mary Miller,mary.miller73@yahoo.com,north,United States,BEAUTY,Face Moisturizer,N/A,30.19,0,24.24,Debit,pending,18-09-2023
ORD-12000,"October 31, 2023",CUST1435,Sophia Johnson,sophia.at.gmail.com,central,canada,Home and Kitchen,Coffee Maker,1,85.72,15%,13.38,Pay Pal,RETURNED,"March 31, 2022"
13063,2024-10-06,CUST1529,Angel May,,west,United States,Apparel,Running Shoes,5,46.68,5%,2.27,Debit,PENDING,05/13/2021
ORD-11038,27-10-2023,CUST1279,Nathan Malone,nathan.malone42@gmail.com,East,USA,TOYS,Action Figure,2,36.72,0,17.32,paypal,Deliverd,13-06-2021
ORD-12257,2023-08-14,CUST1582,Gregory Peck,gregory.peck54@gmail.com,Sth,canada,Toys,Building Blocks Set,1,30.91,0.05,,gift card,cancelled,04/29/2023
ORD-10057,2024-12-08,CUST1214,Julie Alexander,julie.alexander73@hotmail.com, North,Canada,electronics,Wireless Earbuds,1,27.54,0.25,22.53,Debit,Returned,05/23/2021
ORD-11794,02/02/2023,CUST1628,Joseph Wilson,joseph.wilson16@outlook.com,WEST,Mexico,Toys,Action Figure,1,11.12,0,13.77,Credit_Card,Pending,2024-08-25
ORD-12839,04/12/2024,CUST1691,pamela gutierrez,pamela.gutierrez88@outlook.com,West,USA,electronics,Smartwatch,5,,0,14.17,Debit Card,Shipped,2023-02-21
ORD-11045,"October 08, 2023",CUST1500,Jennifer Banks,jennifer.banks45@outlook.com,south,Mexico,Electronic,USB-C Cable,3,84.93,0,11.44,paypal,pending,08-12-2021
10041,"July 06, 2024",CUST1097,Deborah Figueroa,deborah.figueroa96@gmail.com,north,Mexico,Home & Kitchen,Coffee Maker,1,154.22,0,8.36,Gift Card,Delivered,12/18/2022
ORD-10917,24-Aug-2024,CUST1225,Benjamin Smith,benjamin.smith74@hotmail.com,West,USA,Toy,RC Car,6,66.42,0,4.84,CC,Shipped,20-Mar-2024
ORD-12735,"July 11, 2023",CUST1661,Emma Butler,emma.butler14@gmail.com,Sth,Mexico,Sports & Outdoors,Camping Tent,4,$48.04,0,10.83,CC,shipped,03-Dec-2021
ORD-11229,24-Oct-2023,CUST1241,Matthew Moon,matthew.moon47@outlook.com,west,USA,Appare,Wool Sweater,6,58.41,0.2,2.48,debit card,Deliverd,03-Aug-2022
11584,18-04-2024,CUST1435,  SOPHIA JOHNSON  ,sophia.at.gmail.com,central,canada,Beuty,Hair Dryer,1,50.87,0.2,11.23,Gift Card,shipped,"March 31, 2022"
ORD-10096,2023-04-28,CUST1540,James Gilbert,james.gilbert21@gmail.com,south,USA,Home & Kitchen,Coffee Maker,4,4291.65,0,6.45,Credit Card,cancelled,05/23/22
ORD-11760,11/05/2024,CUST1815,Anna Estes,anna.estes58@outlook.com,Sth,USA,sports & outdoors,Resistance Bands,3,5900.88,0,21.34,Credit Card,Returned,29-Jun-2024
10947,2023-04-27,CUST1091,Brian Rodriguez,brian.rodriguez39@hotmail.com,CENTRAL,canada,ELECTRONICS,Wireless Earbuds,4,78.23,0,13.8,debit card,PENDING,"May 09, 2023"
ORD-12739,"March 13, 2024",CUST1061,Gerald Hensley,gerald.hensley31@yahoo.com,Nort,United States,home & kitchen,Throw Blanket,-2,$149.27,0,12.06,debit card,SHIPPED,29-Dec-2021
ORD-11349,2023-01-12,CUST1327,Trevor Johnson,trevor.johnson84@yahoo.com, West ,United States,Clothing,Wool Sweater,1,17.4,0,24.63,Pay Pal,PENDING,"April 16, 2021"
ORD-10270,-,CUST1425,Gregory Ponce,gregory.ponce41@yahoo.com,Est,Mexico,Home and Kitchen,Non-stick Pan Set,2,116.25,10%,2.05,Credit_Card,RETURNED,27-03-2023
ORD-12481,2024-03-15,CUST1366,Courtney Rodriguez,courtney.rodriguez99@hotmail.com,WEST,US,Clothing,Denim Jacket,2,52.1,0,13.85,Debit,Returned,06-Feb-2023
ORD-11795,03-06-2024,CUST1390,Thomas Atkins,thomas.atkins75@hotmail.com,Sth,USA,Electronic,USB-C Cable,1,213.31,25%,7.28,CREDIT CARD,PENDING,08/28/2022
ORD-13124,14-Oct-2024,CUST1815,Anna Estes,anna.estes58@outlook.com,SOUTH,USA,Toy,Board Game,1,50.97,0,2.14,Debit Card,returned,29-Jun-2024
10442,30-05-2024,CUST1094,John Whitehead,john.whitehead51@gmail.com, West ,United States,Electronics,Laptop Stand,1,23.45,,11.1,CREDIT CARD,Pending,06/21/21
ORD-11216,2024-11-27,CUST1014,Dylan Miller,dylan.miller28@outlook.com, West ,US,Sports & Outdoors,Camping Tent,3,102.9,0,13.84,Debit Card,Pending,03/12/22
11275,"May 14, 2024",CUST1571,Christian Vaughn,christian.vaughn49@outlook.com,Nort,USA,BEAUTY,Hair Dryer,5,14.12,0.05,11.08,Debit,PENDING,18-Jan-2022
ORD-10849,05/02/23,CUST1844,Ashley Edwards,ashley.edwards33@gmail.com,Central,Mexico,Sports and Outdoors,Water Bottle,N/A,124.75,0.15,0.12,Debit,Canceled,01/21/2023
ORD-12213,"September 23, 2024",CUST1507,Emma Reed,emma.reed54@outlook.com,Central,USA,electronics,Webcam,1,215.35,0,21.7,gift card,returned,2022-07-10
ORD-11490,08-Aug-2023,CUST1557,Gary Wells,gary.wells9@outlook.com,north,Canada,Electronic,Laptop Stand,5,201.73,,6.41,CC,RETURNED,2022-06-10
ORD-11308,04/13/24,CUST1681,Justin Walker,justin.walker78@yahoo.com, West ,United States,apparel,Cotton T-Shirt,1,41.75,0.2,1.64,Credit_Card,delivered,01-02-2022
ORD-11835,17-Jun-2024,CUST1609,Casey Chase,casey.chase92@yahoo.com, West ,Mexico,Electronics,Smartwatch,1,147.61,0.2,16.04,PAYPAL,Canceled,12/31/23
ORD-12474,"August 15, 2023",CUST1731,Alexander Gomez,alexander.gomez1@yahoo.com,South,Canada,electronics,Webcam,3,29.07,0,23.36,Debit Card,Shipped,06/20/2023
10456,2023-05-10,CUST1046,John Pierce,john.at.gmail.com,CENTRAL,canada,Sports & Outdoors,Hiking Backpack,1,65.9,0,21.19,Gift Card,Shipped,"September 08, 2024"
ORD-12030,2023-03-05,CUST1713,Laurie Goodwin,laurie.goodwin89@yahoo.com,East,USA,BEAUTY,Hair Dryer,5,26.39,0,17.99,paypal,Pending,"March 04, 2024"
ORD-10341,01/13/24,CUST1127,Jason Powell,jason.powell76@hotmail.com,central,Canada,Apparel,Running Shoes,1,71.31,0.1,20.86,PAYPAL,CANCELLED,"September 18, 2022"
12386,03/27/23,CUST1621,Lisa Perry,,east,Canada,Sports,Yoga Mat,4,107.73,0.1,14.01,Debit Card,cancelled,12/30/2023
ORD-10465,08-Aug-2023,CUST1356,Jesse Perry,jesse.perry29@yahoo.com,WEST,Mexico,Electronics,Laptop Stand,2,88.98,0,6.09,Pay Pal,Cancelled,09/07/2023
ORD-11177,08/19/24,CUST1276,  WAYNE MORGAN  ,wayne.morgan16@outlook.com,WEST,US,ELECTRONICS,Laptop Stand,6,222.34,0.05,22.36,Credit_Card,Shipped,14-Jun-2023
ORD-11654,"July 25, 2023",CUST1633,Robert Reese,robert.reese14@gmail.com,NORTH,US,Home and Kitchen,Air Fryer,1,71.36,0.15,10.5,Credit_Card,SHIPPED,2022-08-02
12182,30-06-2023,CUST1279,Nathan Malone,nathan.malone42@gmail.com,Est,USA,Home and Kitchen,LED Desk Lamp,5,60.47,0.2,21.42,debit card,Canceled,13-06-2021
ORD-11875,06-01-2023,CUST1819,megan burns,megan.burns54@outlook.com,west,Mexico,toys,Building Blocks Set,2,42.87,15%,5.98,Gift Card,DELIVERED,18-10-2023
12192,2024-04-26,CUST1524,Krista Martinez,krista.martinez42@yahoo.com,Sth,USA,Sports & Outdoors,Water Bottle,5,127.97,0.1,14.9,Debit Card,SHIPPED,07/06/21
ORD-11550,19-11-2024,CUST1055,Michael Lewis,michael.at.gmail.com,North,Canada,Beuty,Lipstick,3,47.71,0.1,17.9,Debit Card,shipped,18-05-2023
ORD-10869,2023-04-23,CUST1258,Denise Davenport,denise.davenport4@hotmail.com,central,USA,Toy,RC Car,5,-36.02,0,18.34,debit card,SHIPPED,20-Apr-2021
ORD-10129,2024-01-22,CUST1651,Amber Yang,,west,US,Sports,Yoga Mat,1,103.15,15%,11.83,PAYPAL,returned,"November 18, 2021"
ORD-11605,16-04-2024,CUST1211,Denise Mccann,denise.mccann45@outlook.com,CENTRAL,United States,Clothing,Wool Sweater,1,72.67,0.15,21.94,PayPal,Pending,24-08-2021
ORD-12874,09/26/23,CUST1817,Beth Cline,beth.cline37@outlook.com,west,Mexico,Electronis,Webcam,4,140.36,0,4.7,credit card,PENDING,09/14/21
10830,"January 25, 2023",CUST1702,Karl Branch,karl.branch14@outlook.com,North,USA,Electronics,Wireless Earbuds,5,230.79,,5.18,PAYPAL,Deliverd,"September 10, 2022"
ORD-12177,2023-02-20,CUST1119,Jeffrey Chandler,jeffrey.chandler98@outlook.com,east,United States,Electronis,Bluetooth Speaker,5,121.91,0.2,1.07,PayPal,CANCELLED,07/25/2021
ORD-11950,2024-03-15,CUST1417,Carrie Wright,carrie.wright42@hotmail.com,west,US,Toy,Puzzle 1000pc,1,67.86,0,12.35,Gift Card,Returned,26-01-2021
ORD-11495,02/11/2024,CUST1656,Eric Thomas,eric.thomas5@gmail.com,central,Mexico,Electronics,Webcam,1,135.44,0.2,14.31,CREDIT CARD,returned,"July 06, 2021"
ORD-12242,2024-06-16,CUST1582,Gregory Peck,gregory.peck54@gmail.com,SOUTH,canada,TOYS,Building Blocks Set,3,65.73,0.15,24.22,GiftCard,pending,04/29/2023
ORD-11667,01-03-2024,CUST1344,Kayla Rodriguez,kayla.rodriguez8@gmail.com,South,canada,apparel,Cotton T-Shirt,6,38.54,0,4.94,Pay Pal,Cancelled,"August 28, 2024"
ORD-10847,"August 22, 2024",CUST1775,Christopher Moore,christopher.moore80@outlook.com,NORTH,Canada,Clothing,Cotton T-Shirt,3,59.07,0.1,12.38,Debit Card,shipped,2021-11-16
ORD-10688,2023-06-11,CUST1706,Adam Jackson,adam.jackson1@hotmail.com,Nort,USA,apparel,Cotton T-Shirt,2,42.58,0,21.46,Credit_Card,cancelled,"January 06, 2024"
ORD-11882,08/18/24,CUST1281,Tammie Bright,tammie.bright94@outlook.com,EAST,Mexico,Electronis,USB-C Cable,3,220.26,0,2.45,Gift Card,Deliverd,13-Jun-2024
12363,10-08-2024,CUST1007,Gina Moore,gina.moore49@gmail.com,Central,USA,TOYS,RC Car,3,52.13,0,1.89,Debit,PENDING,05-02-2024
11552,"March 09, 2024",CUST1698,Renee Browning,renee.at.gmail.com,EAST,canada,electronics,Laptop Stand,3,80.39,0,1.54,GiftCard,Shipped,04/22/2021
ORD-12320,04/21/2024,CUST1739,Linda Gonzalez,linda.gonzalez75@yahoo.com,Central,USA,TOYS,Building Blocks Set,4,,0.15,13.93,GiftCard,Pending,06/30/24
ORD-11023,04/04/24,CUST1498,Meghan Rush,meghan.rush78@gmail.com,South,Canada,electronics,Bluetooth Speaker,6,180.76,0.1,11.55,debit card,Returned,09/26/22
ORD-12483,2023-01-10,CUST1662,James Webster,james.webster53@gmail.com,Sth,United States,Electronis,Bluetooth Speaker,1,34.31,0.25,7.7,Debit Card,PENDING,"June 05, 2022"
ORD-12449,09-Jun-2024,CUST1751,Michael Gonzales,michael.gonzales55@outlook.com,WEST,United States,Apparel,Wool Sweater,-1,77.28,0,19.45,gift card,Returned,07-06-2024
ORD-11367,"March 30, 2024",CUST1177,Michael Wang,michael.wang23@yahoo.com,EAST,canada,toys,Building Blocks Set,3,48.07,0,6.13,GiftCard,SHIPPED,"September 28, 2021"
ORD-10032,04-Feb-2024,CUST1545,Cindy Gomez,,Centrl,United States,Electronic,USB-C Cable,4,107.86,0.15,6.68,CREDIT CARD,shipped,04/26/2021
ORD-10458,2024-11-03,CUST1474,Robin Thompson,robin.at.gmail.com,North,United States,TOYS,RC Car,4,10.72,0.05,6.41,CC,shipped,2023-07-31
ORD-10643,02/11/2023,CUST1479,Kaylee Hays,kaylee.hays10@yahoo.com,Centrl,Mexico,sports & outdoors,Hiking Backpack,6,142.81,0.25,5.04,Debit,RETURNED,04/30/2024
13116,2024-07-25,CUST1813,Michael Roberts,michael.roberts67@outlook.com,Centrl,USA,Toy,RC Car,3,34.06,20%,18.57,PAYPAL,SHIPPED,08/07/22
ORD-12790,"November 04, 2024",CUST1666,David Harris,david.harris75@hotmail.com,central,United States,Sports and Outdoors,Resistance Bands,2,115.67,10%,1.0,Debit,Cancelled,11/08/2023
ORD-12161,26-01-2024,CUST1055,Michael Lewis,michael.at.gmail.com,Nort,Canada,Toys,Board Game,2,61.84,0,1.62,PayPal,Returned,18-05-2023
13003,16-Mar-2024,CUST1143,  CHRISTOPHER RUBIO  ,christopher.rubio99@hotmail.com,central,US,Home&Kitchen,Air Fryer,5,89.23,15%,21.22,Credit_Card,PENDING,2023-11-20
ORD-10991,10-11-2023,CUST1397,Gary Jackson,gary.jackson3@gmail.com,WEST,Canada,Apparel,Running Shoes,4,44.97,,,gift card,shipped,"December 26, 2023"
ORD-11230,"May 06, 2024",CUST1296,Laura Haney,laura.haney67@outlook.com,Central,United States,Sports and Outdoors,Hiking Backpack,5,95.65,0.05,5.36,Credit_Card,SHIPPED,"September 20, 2021"
11355,09/17/24,CUST1628,Joseph Wilson,joseph.wilson16@outlook.com,West,Mexico,ELECTRONICS,Bluetooth Speaker,4,204.31,0,23.56,gift card,returned,2024-08-25
ORD-10971,2024-09-13,CUST1412,  JULIAN CONNER  ,julian.conner99@outlook.com,NORTH,Canada,Toys,Puzzle 1000pc,1,62.28,0,24.74,PayPal,Returned,05/20/22
ORD-11115,2024-03-16,CUST1665,Tracy Grant,tracy.grant64@gmail.com,Nort,canada,Apparel,Denim Jacket,4,54.27,0.2,11.44,gift card,CANCELLED,12/23/23
